#airframe_info, log_version="1.03", log_content_version="1.02", Product="GIFD", airframe_name="Embraer Phenom 100", unit_software_part_number="006-B1177-E1", unit_software_version="20.92.3", system_software_part_number="006-B3643-06", system_id="24A97A379", mode=NORMAL, flightstream_header="24A97A379_0391", 
#yyy-mm-dd, hh:mm:ss,   hh:mm,  ident,      degrees,      degrees,      ft,  inch,  ft msl, deg C,     kt,     kt,     fpm,    deg,    deg,      G,      G,   deg,   deg, volts, volts,   gals,   gals,      lbs,      lbs,      gph,   deg F,     psi,   deg C,       %,       %,      gph,   deg F,       psi,   deg C,       %,       %,  ft wgs,  kt, enum,    deg,    MHz,    MHz,     MHz,     MHz,    fsd,    fsd,     kt,   deg,     nm,    deg,    deg,   bool,  enum,   enum,   deg,   deg,   fpm,   enum,   mt,    mt,     mt,    mt,     mt
  Lcl Date, Lcl Time, UTCOfst, AtvWpt,     Latitude,    Longitude,  AltInd, BaroA,  AltMSL,   OAT,    IAS, GndSpd,    VSpd,  Pitch,   Roll,  LatAc, NormAc,   HDG,   TRK, volt1, volt2,  FQtyL,  FQtyR, FQtyLlbs, FQtyRlbs, E1 FFlow, E1 OilT, E1 OilP,  E1 ITT,   E1 N1,   E1 N2, E2 FFlow, E2 OilT,   E2 OilP,  E2 ITT,   E2 N1,   E2 N2,  AltGPS, TAS, HSIS,    CRS,   NAV1,   NAV2,    COM1,    COM2,   HCDI,   VCDI, WndSpd, WndDr, WptDst, WptBrg, MagVar, AfcsOn, RollM, PitchM, RollC, PichC, VSpdG, GPSfix,  HAL,   VAL, HPLwas, HPLfd, VPLwas
          ,         ,        ,       ,             ,             ,        , 30.20,        ,      ,       ,       ,        ,       ,       ,       ,       ,      ,      ,      ,      ,       ,       ,         ,         ,         ,        ,        ,    9.50,    0.00,    0.00,         ,        ,          ,    9.50,    0.00,    0.00,        ,    ,  GPS,  257.4, 109.70, 109.70, 118.575, 121.825,       ,       ,       ,      ,       ,       ,  -12.7,       ,      ,       ,      ,      ,      , NoSoln, 3704,      ,       ,      ,       
2025-11-25, 22:06:57,  +00:00,       ,             ,             ,        , 30.20,        ,      ,       ,       ,        ,       ,       ,       ,       ,      ,      ,      ,      ,       ,       ,         ,         ,         ,        ,        ,    9.50,    0.00,    0.00,         ,        ,          ,    9.50,    0.00,    0.00,        ,    ,  GPS,  257.4, 109.70, 109.70, 118.575, 121.825,       ,       ,       ,      ,       ,       ,  -12.7,      0,  NONE,   NONE,      ,      ,      , NoSoln, 3704,      ,       ,      ,       
2025-11-25, 22:06:58,  +00:00,       ,             ,             ,        , 30.20,        ,      ,       ,       ,        ,       ,       ,       ,       ,      ,      ,      ,      ,       ,       ,         ,         ,         ,        ,        ,    9.50,    0.00,    0.00,         ,        ,          ,    9.50,    0.00,    0.00,        ,    ,  GPS,  257.4, 109.70, 109.70, 118.575, 121.825,       ,       ,       ,      ,       ,       ,  -12.7,      0,  NONE,   NONE,      ,      ,      , NoSoln, 3704,      ,       ,      ,       
2025-11-25, 22:06:59,  +00:00,       ,             ,             ,        , 30.20,        ,      ,       ,       ,        ,       ,       ,       ,       ,      ,      ,      ,      ,       ,       ,         ,         ,         ,        ,        ,    9.50,    0.00,    0.00,         ,        ,          ,    9.50,    0.00,    0.00,        ,    ,  GPS,  257.4, 109.70, 109.70, 118.575, 121.825,       ,       ,       ,      ,       ,       ,  -12.7,      0,  NONE,   NONE,      ,      ,      , NoSoln, 3704,      ,       ,      ,       
2025-11-25, 22:06:59,  +00:00,       ,             ,             ,        , 30.20,        ,      ,       ,       ,        ,       ,       ,       ,       ,      ,      ,  24.8,  24.9,       ,       ,         ,         ,     0.16,   51.50,   -0.95,    9.50,    0.00,    0.00,     0.14,   52.66,      0.25,    9.50,    0.00,    0.00,        ,    ,  GPS,  257.4, 109.70, 109.70, 118.575, 121.825,       ,       ,       ,      ,       ,       ,  -12.7,      0,  NONE,   NONE,      ,      ,      , NoSoln, 3704,      ,       ,      ,       
2025-11-25, 22:07:00,  +00:00,       ,             ,             ,        , 30.20,        ,      ,       ,       ,        ,       ,       ,       ,       ,      ,      ,  24.8,  24.9,       ,       ,         ,         ,     0.16,   51.51,   -0.96,    9.50,    0.00,    0.00,     0.14,   52.67,      0.25,    9.50,    0.00,    0.00,        ,    ,  GPS,  257.4, 109.70, 109.70, 118.575, 121.825,       ,       ,       ,      ,       ,       ,  -12.7,      0,  NONE,   NONE,      ,      ,      , NoSoln, 3704,      ,       ,      ,       
2025-11-25, 22:07:01,  +00:00,       ,             ,             ,        , 30.20,        ,      ,   0.00,       ,        ,       ,       ,       ,       ,      ,      ,  24.8,  24.8,       ,       ,         ,         ,     0.16,   51.51,   -0.96,    9.50,    0.00,    0.00,     0.14,   52.67,      0.25,    9.50,    0.00,    0.00,        ,    ,  GPS,  257.4, 109.70, 109.70, 118.575, 121.825,       ,       ,       ,      ,       ,       ,  -12.7,      0,  NONE,   NONE,      ,      ,      , NoSoln, 3704,      ,       ,      ,       
2025-11-25, 22:07:02,  +00:00,       ,             ,             ,        , 30.20,        ,      ,   0.00,       ,        ,       ,       ,       ,       ,      ,      ,  24.8,  24.8,       ,       ,         ,         ,     0.16,   51.51,   -0.96,    9.50,    0.00,    0.00,     0.14,   52.67,      0.25,    9.50,    0.00,    0.00,        ,   0,  GPS,  257.4, 109.70, 109.70, 118.575, 121.825,       ,       ,       ,      ,       ,       ,  -12.7,      0,  NONE,   NONE,      ,      ,      , NoSoln, 3704,      ,       ,      ,       
2025-11-25, 22:07:03,  +00:00,       ,             ,             ,        , 30.20,        ,      ,   0.00,       ,        ,       ,       ,       ,       ,      ,      ,  24.8,  24.8,       ,       ,         ,         ,     0.16,   51.51,   -0.97,    9.50,    0.00,    0.00,     0.13,   52.68,      0.25,    9.50,    0.00,    0.00,        ,   0,  GPS,  257.4, 109.70, 109.70, 118.575, 121.825,       ,       ,       ,      ,       ,       ,  -12.7,      0,  NONE,   NONE,      ,      ,      , NoSoln, 3704,      ,       ,      ,       
2025-11-25, 22:07:04,  +00:00,       ,             ,             ,   496.8, 30.20,        ,      ,   0.00,       ,        ,       ,       ,       ,       ,      ,      ,  24.8,  24.8,       ,       ,         ,         ,     0.16,   51.52,   -0.97,    9.50,    0.00,    0.00,     0.14,   52.68,      0.25,    9.50,    0.00,    0.00,        ,   0,  GPS,  257.4, 109.70, 109.70, 118.575, 121.825,       ,       ,       ,      ,       ,       ,  -12.7,      0,  NONE,   NONE,      ,      ,      , NoSoln, 3704,      ,       ,      ,       
2025-11-25, 22:07:05,  +00:00,       ,             ,             ,   495.8, 30.20,        ,      ,   0.00,       ,        ,       ,       ,       ,       ,      ,      ,  24.8,  24.8, 204.68, 201.73,   775.11,   763.27,     0.16,   51.52,   -0.97,    9.50,    0.00,    0.00,     0.13,   52.69,      0.25,    9.50,    0.00,    0.00,        ,   0,  GPS,  257.4, 109.70, 109.70, 118.575, 121.825,       ,       ,       ,      ,       ,       ,  -12.7,      0,  NONE,   NONE,      ,      ,      , NoSoln, 3704,      ,       ,      ,       
2025-11-25, 22:07:06,  +00:00,       ,             ,             ,   495.8, 30.20,        ,      ,   0.00,       ,        ,       ,       ,       ,       ,      ,      ,  24.8,  24.8, 204.68, 201.73,   775.11,   763.27,     0.16,   51.52,   -0.97,    9.50,    0.00,    0.00,     0.13,   52.69,      0.25,    9.50,    0.00,    0.00,        ,   0,  GPS,  257.4, 109.70, 109.70, 118.575, 121.825,       ,       ,       ,      ,       ,       ,  -12.7,      0,  NONE,   NONE,      ,      ,      , NoSoln, 3704,      ,       ,      ,       
2025-11-25, 22:07:07,  +00:00,       ,             ,             ,   495.8, 30.20,        ,   9.5,   0.00,       ,        ,       ,       ,       ,       ,      ,      ,  24.7,  24.8, 204.68, 201.73,   775.11,   763.27,     0.16,   51.53,   -0.97,    9.50,    0.00,    0.00,     0.14,   52.69,      0.25,    9.50,    0.00,    0.00,        ,   0,  GPS,  257.4, 109.70, 109.70, 118.575, 121.825,       ,       ,       ,      ,       ,       ,  -12.7,      0,  NONE,   NONE,      ,      ,      , NoSoln, 3704,      ,       ,      ,       
2025-11-25, 22:07:08,  +00:00,       ,             ,             ,   495.8, 30.20,        ,   9.5,   0.00,       ,        ,       ,       ,       ,       ,      ,      ,  24.7,  24.8, 204.68, 201.73,   775.11,   763.27,     0.16,   51.53,   -0.97,    9.50,    0.00,    0.00,     0.13,   52.69,      0.25,    9.50,    0.00,    0.00,        ,   0,  GPS,  257.4, 109.70, 109.70, 118.575, 121.825,       ,       ,       ,      ,       ,       ,  -12.7,      0,  NONE,   NONE,      ,      ,      , NoSoln, 3704,      ,       ,      ,       
2025-11-25, 22:07:09,  +00:00,       ,             ,             ,   494.8, 30.20,        ,   9.5,   0.00,       ,        ,       ,       ,       ,       ,      ,      ,  24.7,  24.8, 204.68, 201.73,   775.11,   763.27,     0.16,   51.53,   -0.97,    9.50,    0.00,    0.00,     0.13,   52.70,      0.25,    9.50,    0.00,    0.00,        ,   0,  GPS,  257.4, 109.70, 109.70, 118.575, 121.825,       ,       ,       ,      ,       ,       ,  -12.7,      0,  NONE,   NONE,      ,      ,      , NoSoln, 3704,      ,       ,      ,       
2025-11-25, 22:07:10,  +00:00,       ,             ,             ,   494.8, 30.20,        ,   9.5,   0.00,       ,        ,       ,       ,       ,       ,      ,      ,  24.7,  24.8, 204.68, 201.73,   775.11,   763.27,     0.16,   51.54,   -0.97,    9.50,    0.00,    0.00,     0.13,   52.70,      0.25,    9.50,    0.00,    0.00,        ,   0,  GPS,  257.4, 109.70, 109.70, 118.575, 121.825,       ,       ,       ,      ,       ,       ,  -12.7,      0,  NONE,   NONE,      ,      ,      , NoSoln, 3704,      ,       ,      ,       
2025-11-25, 22:07:11,  +00:00,       ,             ,             ,   494.8, 30.20,        ,   9.5,   0.00,       ,        ,       ,       ,       ,       ,      ,      ,  24.7,  24.8, 204.68, 201.73,   775.11,   763.27,     0.16,   51.54,   -0.97,    9.50,    0.00,    0.00,     0.13,   52.70,      0.25,    9.50,    0.00,    0.00,        ,   0,  GPS,  257.4, 109.70, 109.70, 118.575, 121.825,       ,       ,       ,      ,       ,       ,  -12.7,      0,  NONE,   NONE,      ,      ,      , NoSoln, 3704,      ,       ,      ,       
2025-11-25, 22:07:12,  +00:00,       ,             ,             ,   494.8, 30.20,        ,   9.5,   0.00,       ,        ,       ,       ,       ,       ,      ,      ,  24.7,  24.8, 204.68, 201.73,   775.11,   763.27,     0.16,   51.54,   -0.97,    9.50,    0.00,    0.00,     0.14,   52.70,      0.25,    9.50,    0.00,    0.00,        ,   0,  GPS,  257.4, 109.70, 109.70, 118.575, 121.825,       ,       ,       ,      ,       ,       ,  -12.7,      0,  NONE,   NONE,      ,      ,      , NoSoln, 3704,      ,       ,      ,       
2025-11-25, 22:07:13,  +00:00,       ,             ,             ,   494.8, 30.20,        ,   9.5,   0.00,       ,  -16.00,       ,       ,       ,       ,      ,      ,  24.7,  24.8, 204.68, 201.73,   775.68,   763.27,     0.16,   51.54,   -0.97,    9.50,    0.00,    0.00,     0.14,   52.71,      0.25,    9.50,    0.00,    0.00,        ,   0,  GPS,  257.4, 109.70, 109.70, 118.575, 121.825,       ,       ,       ,      ,       ,       ,  -12.7,      0,  NONE,   NONE,      ,      ,      , NoSoln, 3704,      ,       ,      ,       
2025-11-25, 22:07:14,  +00:00,       ,             ,             ,   493.8, 30.20,        ,   9.5,   0.00,       ,  -16.00,       ,       ,       ,       ,      ,      ,  24.7,  24.7, 204.68, 201.73,   775.68,   763.27,     0.16,   51.54,   -0.97,    9.50,    0.00,    0.00,     0.13,   52.71,      0.25,    9.50,    0.00,    0.00,        ,   0,  GPS,  257.4, 109.70, 109.70, 118.575, 121.825,       ,       ,       ,      ,       ,       ,  -12.7,      0,  NONE,   NONE,      ,      ,      , NoSoln, 3704,      ,       ,      ,       
2025-11-25, 22:07:15,  +00:00,       ,             ,             ,   493.8, 30.20,        ,   9.5,   0.00,       ,  -16.00,       ,       ,       ,       ,      ,      ,  24.7,  24.7, 204.68, 201.73,   775.68,   763.27,     0.16,   51.54,   -0.97,    9.50,    0.00,    0.00,     0.13,   52.72,      0.25,    9.50,    0.00,    0.00,        ,   0,  GPS,  257.4, 109.70, 109.70, 118.575, 121.825,       ,       ,       ,      ,       ,       ,  -12.7,      0,  NONE,   NONE,      ,      ,      , NoSoln, 3704,      ,       ,      ,       
2025-11-25, 22:07:16,  +00:00,       ,             ,             ,   493.8, 30.20,        ,   9.5,   0.00,       ,  -16.00,       ,       ,       ,       ,      ,      ,  24.7,  24.7, 204.68, 201.73,   775.68,   763.27,     0.16,   51.54,   -0.97,    9.50,    0.00,    0.00,     0.13,   52.71,      0.25,    9.50,    0.00,    0.00,        ,   0,  GPS,  257.4, 109.70, 109.70, 118.575, 121.825,       ,       ,       ,      ,       ,       ,  -12.7,      0,  NONE,   NONE,      ,      ,      , NoSoln, 3704,      ,       ,      ,       
2025-11-25, 22:07:19,  +00:00,       ,             ,             ,   493.8, 30.20,        ,   9.8,   0.00,       ,  -16.00,       ,       ,       ,       ,      ,      ,  24.7,  24.7, 205.01, 201.73,   775.68,   763.27,     0.16,   51.55,   -0.97,    9.50,    0.00,    0.00,     0.14,   52.71,      0.25,    9.50,    0.00,    0.00,        ,   0,  GPS,  257.4, 109.70, 109.70, 118.575, 121.825,       ,       ,       ,      ,       ,       ,  -12.7,      0,  NONE,   NONE,      ,      ,      , NoSoln, 3704,      ,       ,      ,       
2025-11-25, 22:07:20,  +00:00,       ,             ,             ,   492.8, 30.20,        ,   9.8,   0.00,       ,  -16.00,       ,       ,       ,       ,      ,      ,  24.7,  24.7, 205.01, 201.73,   775.68,   763.27,     0.16,   51.55,   -0.97,    9.50,    0.00,    0.00,     0.14,   52.72,      0.25,    9.50,    0.00,    0.00,        ,   0,  GPS,  257.4, 109.70, 109.70, 118.575, 121.825,       ,       ,       ,      ,       ,       ,  -12.7,      0,  NONE,   NONE,      ,      ,      , NoSoln, 3704,      ,       ,      ,       
2025-11-25, 22:07:21,  +00:00,       ,             ,             ,   492.8, 30.20,        ,   9.8,   0.00,       ,  -16.00,       ,       ,       ,       ,      ,      ,  24.7,  24.7, 205.01, 201.73,   775.68,   763.27,     0.16,   51.55,   -0.97,    9.50,    0.00,    0.00,     0.14,   52.72,      0.25,    9.50,    0.00,    0.00,        ,   0,  GPS,  257.4, 109.70, 109.70, 118.575, 121.825,       ,       ,       ,      ,       ,       ,  -12.7,      0,  NONE,   NONE,      ,      ,      , NoSoln, 3704,      ,       ,      ,       
2025-11-25, 22:07:22,  +00:00,       ,             ,             ,   492.8, 30.20,        ,   9.8,   0.00,       ,  -16.00,       ,       ,       ,       ,      ,      ,  24.7,  24.7, 205.01, 201.73,   775.68,   763.27,     0.16,   51.55,   -0.97,    9.50,    0.00,    0.00,     0.14,   52.72,      0.25,    9.50,    0.00,    0.00,        ,   0,  GPS,  257.4, 109.70, 109.70, 118.575, 121.825,       ,       ,       ,      ,       ,       ,  -12.7,      0,  NONE,   NONE,      ,      ,      , NoSoln, 3704,      ,       ,      ,       
2025-11-25, 22:07:23,  +00:00,       ,             ,             ,   492.8, 30.20,        ,   9.8,   0.00,       ,  -16.00,       ,       ,       ,       ,      ,      ,  24.7,  24.7, 205.01, 201.73,   775.68,   763.27,     0.16,   51.55,   -0.97,    9.50,    0.00,    0.00,     0.14,   52.72,      0.25,    9.50,    0.00,    0.00,        ,   0,  GPS,  257.4, 109.70, 109.70, 118.575, 121.825,       ,       ,       ,      ,       ,       ,  -12.7,      0,  NONE,   NONE,      ,      ,      , NoSoln, 3704,      ,       ,      ,       
2025-11-25, 22:07:24,  +00:00,       ,             ,             ,   492.8, 30.20,        ,   9.8,   0.00,       ,  -16.00,       ,       ,       ,       ,      ,      ,  24.7,  24.7, 205.01, 201.73,   775.68,   763.27,     0.16,   51.55,   -0.97,    9.50,    0.00,    0.00,     0.13,   52.72,      0.25,    9.50,    0.00,    0.00,        ,   0,  GPS,  257.4, 109.70, 109.70, 118.575, 121.825,       ,       ,       ,      ,       ,       ,  -12.7,      0,  NONE,   NONE,      ,      ,      , NoSoln, 3704,      ,       ,      ,       
2025-11-25, 22:07:25,  +00:00,       ,             ,             ,   492.8, 30.20,        ,   9.8,   0.00,       ,  -16.00,       ,       ,       ,       ,      ,      ,  24.7,  24.7, 205.01, 201.73,   775.68,   763.27,     0.16,   51.54,   -0.97,    9.50,    0.00,    0.00,     0.13,   52.72,      0.25,    9.50,    0.00,    0.00,        ,   0,  GPS,  257.4, 109.70, 109.70, 118.575, 121.825,       ,       ,       ,      ,       ,       ,  -12.7,      0,  NONE,   NONE,      ,      ,      , NoSoln, 3704,      ,       ,      ,       
2025-11-25, 22:07:26,  +00:00,       ,             ,             ,   492.8, 30.20,        ,   9.8,   0.00,       ,  -14.56,       ,       ,       ,       ,      ,      ,  24.7,  24.7, 205.01, 201.73,   775.68,   763.27,     0.16,   51.54,   -0.97,    9.50,    0.00,    0.00,     0.14,   52.72,      0.25,    9.50,    0.00,    0.00,        ,   0,  GPS,  257.4, 109.70, 109.70, 118.575, 121.825,       ,       ,       ,      ,       ,       ,  -12.7,      0,  NONE,   NONE,      ,      ,      , NoSoln, 3704,      ,       ,      ,       
2025-11-25, 22:07:27,  +00:00,       ,             ,             ,   491.8, 30.20,        ,   9.8,   0.00,       ,  -13.94,       ,       ,       ,       ,      ,      ,  24.7,  24.7, 205.01, 201.73,   775.68,   763.27,     0.16,   51.54,   -0.97,    9.50,    0.00,    0.00,     0.14,   52.72,      0.25,    9.50,    0.00,    0.00,        ,   0,  GPS,  257.4, 109.70, 109.70, 118.575, 121.825,       ,       ,       ,      ,       ,       ,  -12.7,      0,  NONE,   NONE,      ,      ,      , NoSoln, 3704,      ,       ,      ,       
2025-11-25, 22:07:28,  +00:00,       ,             ,             ,   491.8, 30.20,        ,   9.8,   0.00,       ,  -14.23,       ,       ,       ,       ,      ,      ,  24.7,  24.7, 205.01, 201.73,   775.68,   763.27,     0.16,   51.54,   -0.97,    9.50,    0.00,    0.00,     0.13,   52.72,      0.25,    9.50,    0.00,    0.00,        ,   0,  GPS,  257.4, 109.70, 109.70, 118.575, 121.825,       ,       ,       ,      ,       ,       ,  -12.7,      0,  NONE,   NONE,      ,      ,      , NoSoln, 3704,      ,       ,      ,       
2025-11-25, 22:07:29,  +00:00,       ,             ,             ,   491.8, 30.20,        ,   9.8,   0.00,       ,  -14.70,       ,       ,       ,       ,      ,      ,  24.7,  24.7, 205.01, 201.73,   775.68,   763.27,     0.16,   51.54,   -0.97,    9.50,    0.00,    0.00,     0.13,   52.72,      0.25,    9.50,    0.00,    0.00,        ,   0,  GPS,  257.4, 109.70, 109.70, 118.575, 121.825,       ,       ,       ,      ,       ,       ,  -12.7,      0,  NONE,   NONE,      ,      ,      , NoSoln, 3704,      ,       ,      ,       
2025-11-25, 22:07:30,  +00:00,       ,             ,             ,   491.8, 30.20,        ,   9.8,   0.00,       ,  -15.13,       ,       ,       ,       ,      ,      ,  24.7,  24.7, 205.01, 201.73,   775.68,   763.27,     0.16,   51.54,   -0.97,    9.50,    0.00,    0.00,     0.14,   52.72,      0.25,    9.50,    0.00,    0.00,        ,   0,  GPS,  257.4, 109.70, 109.70, 118.575, 121.825,       ,       ,       ,      ,       ,       ,  -12.7,      0,  NONE,   NONE,      ,      ,      , NoSoln, 3704,      ,       ,      ,       
2025-11-25, 22:07:31,  +00:00,       ,             ,             ,   491.8, 30.20,        ,   9.8,   0.00,       ,  -15.44,       ,       ,       ,       ,      ,      ,  24.7,  24.7, 205.01, 201.73,   775.68,   763.27,     0.16,   51.54,   -0.97,    9.50,    0.00,    0.00,     0.14,   52.73,      0.25,    9.50,    0.00,    0.00,        ,   0,  GPS,  257.4, 109.70, 109.70, 118.575, 121.825,       ,       ,       ,      ,       ,       ,  -12.7,      0,  NONE,   NONE,      ,      ,      , NoSoln, 3704,      ,       ,      ,       
2025-11-25, 22:07:32,  +00:00,       ,             ,             ,   491.8, 30.20,        ,   9.8,   0.00,       ,  -13.91,       ,       ,       ,       ,      ,      ,  24.7,  24.7, 205.01, 201.73,   775.68,   763.27,     0.16,   51.54,   -0.97,    9.50,    0.00,    0.00,     0.14,   52.73,      0.25,    9.50,    0.00,    0.00,        ,   0,  GPS,  257.4, 109.70, 109.70, 118.575, 121.825,       ,       ,       ,      ,       ,       ,  -12.7,      0,  NONE,   NONE,      ,      ,      , NoSoln, 3704,      ,       ,      ,       
2025-11-25, 22:07:33,  +00:00,       ,             ,             ,   491.8, 30.20,        ,   9.8,   0.00,       ,  -10.39,       ,       ,       ,       ,      ,      ,  24.7,  24.7, 205.01, 201.73,   775.68,   763.27,     0.16,   51.54,   -0.97,    9.50,    0.00,    0.00,     0.13,   52.73,      0.25,    9.50,    0.00,    0.00,        ,   0,  GPS,  257.4, 109.70, 109.70, 118.575, 121.825,       ,       ,       ,      ,       ,       ,  -12.7,      0,  NONE,   NONE,      ,      ,      , NoSoln, 3704,      ,       ,      ,       
2025-11-25, 22:07:34,  +00:00,       ,             ,             ,   490.8, 30.20,        ,   9.8,   0.00,       ,   -7.09,       ,       ,       ,       ,      ,      ,  24.7,  24.7, 205.01, 201.73,   775.68,   763.27,     0.16,   51.54,   -0.97,    9.50,    0.00,    0.00,     0.14,   52.73,      0.25,    9.50,    0.00,    0.00,        ,   0,  GPS,  257.4, 109.70, 109.70, 118.575, 121.825,       ,       ,       ,      ,       ,       ,  -12.7,      0,  NONE,   NONE,      ,      ,      , NoSoln, 3704,      ,       ,      ,       
2025-11-25, 22:07:35,  +00:00,       ,             ,             ,   490.8, 30.20,        ,   9.8,   0.00,       ,   -4.59,       ,       ,       ,       ,      ,      ,  24.7,  24.7, 205.01, 201.73,   775.68,   763.27,     0.16,   51.55,   -0.97,    9.50,    0.00,    0.00,     0.13,   52.73,      0.25,    9.50,    0.00,    0.00,        ,   0,  GPS,  257.4, 109.70, 109.70, 118.575, 121.825,       ,       ,       ,      ,       ,       ,  -12.7,      0,  NONE,   NONE,      ,      ,      , NoSoln, 3704,      ,       ,      ,       
2025-11-25, 22:07:36,  +00:00,       ,             ,             ,   490.8, 30.20,        ,   9.8,   0.00,       ,   -2.87,       ,       ,       ,       ,      ,      ,  24.7,  24.7, 205.01, 201.73,   775.68,   763.27,     0.16,   51.55,   -0.97,    9.50,    0.00,    0.00,     0.13,   52.73,      0.25,    9.50,    0.00,    0.00,        ,   0,  GPS,  257.4, 109.70, 109.70, 118.575, 121.825,       ,       ,       ,      ,       ,       ,  -12.7,      0,  NONE,   NONE,      ,      ,      , NoSoln, 3704,      ,       ,      ,       
2025-11-25, 22:07:37,  +00:00,       ,             ,             ,   490.8, 30.20,        ,   9.8,   0.00,       ,   -1.75,       ,       ,       ,       ,      ,      ,  24.7,  24.7, 205.01, 201.73,   775.68,   763.27,     0.16,   51.54,   -0.97,    9.50,    0.00,    0.00,     0.13,   52.73,      0.25,    9.50,    0.00,    0.00,        ,   0,  GPS,  257.4, 109.70, 109.70, 118.575, 121.825,       ,       ,       ,      ,       ,       ,  -12.7,      0,  NONE,   NONE,      ,      ,      , NoSoln, 3704,      ,       ,      ,       
2025-11-25, 22:07:38,  +00:00,       ,             ,             ,   490.8, 30.20,        ,   9.8,   0.00,       ,   -1.05,       ,       ,       ,       ,      ,      ,  24.7,  24.7, 205.01, 201.73,   775.68,   763.27,     0.16,   51.54,   -0.97,    9.50,    0.00,    0.00,     0.13,   52.73,      0.25,    9.50,    0.00,    0.00,        ,   0,  GPS,  257.4, 109.70, 109.70, 118.575, 121.825,       ,       ,       ,      ,       ,       ,  -12.7,      0,  NONE,   NONE,      ,      ,      , NoSoln, 3704,      ,       ,      ,       
2025-11-25, 22:07:39,  +00:00,       ,             ,             ,   490.8, 30.20,        ,   9.8,   0.00,       ,   -0.62,       ,       ,       ,       ,      ,      ,  24.7,  24.7, 205.01, 201.73,   775.68,   763.27,     0.16,   51.54,   -0.97,    9.50,    0.00,    0.00,     0.14,   52.73,      0.25,    9.50,    0.00,    0.00,        ,   0,  GPS,  257.4, 109.70, 109.70, 118.575, 121.825,       ,       ,       ,      ,       ,       ,  -12.7,      0,  NONE,   NONE,      ,      ,      , NoSoln, 3704,      ,       ,      ,       
2025-11-25, 22:07:40,  +00:00,       ,             ,             ,   490.8, 30.20,        ,   9.8,   0.00,       ,   -0.36,       ,       ,       ,       ,      ,      ,  24.7,  24.7, 205.01, 201.73,   775.68,   763.27,     0.16,   51.54,   -0.97,    9.50,    0.00,    0.00,     0.14,   52.74,      0.25,    9.50,    0.00,    0.00,        ,   0,  GPS,  257.4, 109.70, 109.70, 118.575, 121.825,       ,       ,       ,      ,       ,       ,  -12.7,      0,  NONE,   NONE,      ,      ,      , NoSoln, 3704,      ,       ,      ,       
2025-11-25, 22:07:41,  +00:00,       ,             ,             ,   490.8, 30.20,        ,   9.8,   0.00,       ,   -0.21,       ,       ,       ,       ,      ,      ,  24.7,  24.7, 205.01, 201.73,   775.68,   763.27,     0.16,   51.55,   -0.97,    9.50,    0.00,    0.00,     0.13,   52.74,      0.25,    9.50,    0.00,    0.00,        ,   0,  GPS,  257.4, 109.70, 109.70, 118.575, 121.825,       ,       ,       ,      ,       ,       ,  -12.7,      0,  NONE,   NONE,      ,      ,      , NoSoln, 3704,      ,       ,      ,       
2025-11-25, 22:07:42,  +00:00,       ,             ,             ,   490.8, 30.20,        ,   9.8,   0.00,       ,   -0.12,       ,       ,       ,       ,      ,      ,  24.7,  24.7, 205.01, 201.73,   775.68,   763.27,     0.16,   51.54,   -0.97,    9.50,    0.00,    0.00,     0.14,   52.73,      0.25,    9.50,    0.00,    0.00,        ,   0,  GPS,  257.4, 109.70, 109.70, 118.575, 121.825,       ,       ,       ,      ,       ,       ,  -12.7,      0,  NONE,   NONE,      ,      ,      , NoSoln, 3704,      ,       ,      ,       
2025-11-25, 22:07:43,  +00:00,       ,             ,             ,   490.8, 30.20,        ,   9.8,   0.00,       ,   -0.07,       ,       ,       ,       ,      ,      ,  24.7,  24.7, 205.01, 201.73,   775.68,   763.27,     0.16,   51.54,   -0.97,    9.50,    0.00,    0.00,     0.13,   52.73,      0.25,    9.50,    0.00,    0.00,        ,   0,  GPS,  257.4, 109.70, 109.70, 118.575, 121.825,       ,       ,       ,      ,       ,       ,  -12.7,      0,  NONE,   NONE,      ,      ,      , NoSoln, 3704,      ,       ,      ,       
2025-11-25, 22:07:44,  +00:00,       ,             ,             ,   489.8, 30.20,        ,   9.8,   0.00,       ,   -0.89,       ,       ,       ,       ,      ,      ,  24.7,  24.7, 205.01, 201.73,   775.68,   763.27,     0.16,   51.54,   -0.97,    9.50,    0.00,    0.00,     0.13,   52.73,      0.25,    9.50,    0.00,    0.00,        ,   0,  GPS,  257.4, 109.70, 109.70, 118.575, 121.825,       ,       ,       ,      ,       ,       ,  -12.7,      0,  NONE,   NONE,      ,      ,      , NoSoln, 3704,      ,       ,      ,       
2025-11-25, 22:07:45,  +00:00,       ,             ,             ,   489.8, 30.20,        ,   9.8,   0.00,       ,   -4.30,       ,       ,       ,       ,      ,      ,  24.7,  24.7, 205.01, 201.73,   775.68,   763.27,     0.16,   51.54,   -0.97,    9.50,    0.00,    0.00,     0.14,   52.73,      0.25,    9.50,    0.00,    0.00,        ,   0,  GPS,  257.4, 109.70, 109.70, 118.575, 121.825,       ,       ,       ,      ,       ,       ,  -12.7,      0,  NONE,   NONE,      ,      ,      , NoSoln, 3704,      ,       ,      ,       
2025-11-25, 22:07:46,  +00:00,       ,             ,             ,   489.8, 30.20,        ,   9.8,   0.00,       ,   -7.56,       ,       ,       ,       ,      ,      ,  24.7,  24.7, 205.01, 201.73,   775.68,   763.27,     0.16,   51.54,   -0.97,    9.50,    0.00,    0.00,     0.14,   52.73,      0.25,    9.50,    0.00,    0.00,        ,   0,  GPS,  257.4, 109.70, 109.70, 118.575, 121.825,       ,       ,       ,      ,       ,       ,  -12.7,      0,  NONE,   NONE,      ,      ,      , NoSoln, 3704,      ,       ,      ,       
2025-11-25, 22:07:47,  +00:00,       ,             ,             ,   489.8, 30.20,        ,   9.8,   0.00,       ,   -7.33,       ,       ,       ,       ,      ,      ,  24.7,  24.7, 205.01, 201.73,   775.68,   763.27,     0.16,   51.54,   -0.97,    9.50,    0.00,    0.00,     0.13,   52.73,      0.25,    9.50,    0.00,    0.00,        ,   0,  GPS,  257.4, 109.70, 109.70, 118.575, 121.825,       ,       ,       ,      ,       ,       ,  -12.7,      0,  NONE,   NONE,      ,      ,      , NoSoln, 3704,      ,       ,      ,       
2025-11-25, 22:07:48,  +00:00,       ,             ,             ,   489.8, 30.20,        ,   9.8,   0.00,       ,   -5.63,       ,       ,       ,       ,      ,      ,  24.7,  24.7, 205.01, 201.73,   775.68,   763.27,     0.16,   51.55,   -0.97,    9.50,    0.00,    0.00,     0.14,   52.73,      0.25,    9.50,    0.00,    0.00,        ,   0,  GPS,  257.4, 109.70, 109.70, 118.575, 121.825,       ,       ,       ,      ,       ,       ,  -12.7,      0,  NONE,   NONE,      ,      ,      , NoSoln, 3704,      ,       ,      ,       
2025-11-25, 22:07:49,  +00:00,       ,             ,             ,   489.8, 30.20,        ,   9.8,   0.00,       ,   -4.12,       ,       ,       ,       ,      ,      ,  24.7,  24.7, 205.01, 201.73,   775.68,   763.27,     0.16,   51.54,   -0.97,    9.50,    0.00,    0.00,     0.14,   52.73,      0.25,    9.50,    0.00,    0.00,        ,   0,  GPS,  257.4, 109.70, 109.70, 118.575, 121.825,       ,       ,       ,      ,       ,       ,  -12.7,      0,  NONE,   NONE,      ,      ,      , NoSoln, 3704,      ,       ,      ,       
2025-11-25, 22:07:50,  +00:00,       ,             ,             ,   489.8, 30.20,        ,   9.8,   0.00,       ,   -5.70,       ,       ,       ,       ,      ,      ,  24.7,  24.7, 205.01, 201.73,   775.68,   763.27,     0.16,   51.54,   -0.97,    9.50,    0.00,    0.00,     0.13,   52.74,      0.25,    9.50,    0.00,    0.00,        ,   0,  GPS,  257.4, 109.70, 109.70, 118.575, 121.825,       ,       ,       ,      ,       ,       ,  -12.7,      0,  NONE,   NONE,      ,      ,      , NoSoln, 3704,      ,       ,      ,       
2025-11-25, 22:07:51,  +00:00,       ,             ,             ,   489.8, 30.20,        ,   9.8,   0.00,       ,   -8.04,       ,       ,       ,       ,      ,      ,  24.7,  24.7, 205.01, 201.73,   775.68,   763.27,     0.16,   51.55,   -0.97,    9.50,    0.00,    0.00,     0.14,   52.74,      0.25,    9.50,    0.00,    0.00,        ,   0,  GPS,  257.4, 109.70, 109.70, 118.575, 121.825,       ,       ,       ,      ,       ,       ,  -12.7,      0,  NONE,   NONE,      ,      ,      , NoSoln, 3704,      ,       ,      ,       
2025-11-25, 22:07:52,  +00:00,       ,             ,             ,   489.8, 30.20,        ,   9.8,   0.00,       ,   -7.37,   0.03,   0.70,  -0.01,  -0.00,  27.4,      ,  24.7,  24.7, 205.01, 201.73,   775.68,   763.27,     0.16,   51.54,   -0.97,    9.50,    0.00,    0.00,     0.13,   52.74,      0.25,    9.50,    0.00,    0.00,        ,   0,  GPS,  257.4, 109.70, 109.70, 118.575, 121.825,       ,       ,       ,      ,       ,       ,  -12.7,      0,  NONE,   NONE,      ,      ,      , NoSoln, 3704,      ,       ,      ,       
2025-11-25, 22:07:53,  +00:00,       ,             ,             ,   488.8, 30.20,        ,   9.8,   0.00,       ,   -5.53,   0.03,   0.70,  -0.01,   0.00,  27.4,      ,  24.7,  24.7, 205.01, 201.73,   775.68,   763.27,     0.16,   51.54,   -0.97,    9.50,    0.00,    0.00,     0.13,   52.74,      0.25,    9.50,    0.00,    0.00,        ,   0,  GPS,  257.4, 109.70, 109.70, 118.575, 121.825,       ,       ,       ,      ,       ,       ,  -12.7,      0,  NONE,   NONE,      ,      ,      , NoSoln, 3704,      ,       ,      ,       
2025-11-25, 22:07:54,  +00:00,       ,             ,             ,   488.8, 30.20,        ,   9.8,   0.00,       ,   -5.69,   0.03,   0.71,  -0.01,   0.00,  27.4,      ,  24.7,  24.7, 205.01, 201.73,   775.68,   763.27,     0.16,   51.54,   -0.97,    9.50,    0.00,    0.00,     0.14,   52.74,      0.25,    9.50,    0.00,    0.00,        ,   0,  GPS,  257.4, 109.70, 109.70, 118.575, 121.825,       ,       ,       ,      ,       ,       ,  -12.7,      0,  NONE,   NONE,      ,      ,      , NoSoln, 3704,      ,       ,      ,       
2025-11-25, 22:07:55,  +00:00,       ,             ,             ,   488.8, 30.20,        ,   9.8,   0.00,       ,   -6.61,   0.03,   0.71,  -0.01,   0.00,  27.4,      ,  24.7,  24.7, 205.01, 201.73,   775.68,   763.27,     0.16,   51.54,   -0.97,    9.50,    0.00,    0.00,     0.13,   52.74,      0.25,    9.50,    0.00,    0.00,        ,   0,  GPS,  257.4, 109.70, 109.70, 118.575, 121.825,       ,       ,       ,      ,       ,       ,  -12.7,      0,  NONE,   NONE,      ,      ,      , NoSoln, 3704,      ,       ,      ,       
2025-11-25, 22:07:56,  +00:00,       ,             ,             ,   488.8, 30.20,        ,   9.8,   0.00,       ,   -5.44,   0.04,   0.73,  -0.01,   0.00,  27.4,      ,  24.7,  24.7, 205.01, 201.73,   775.68,   763.27,     0.16,   51.54,   -0.97,    9.50,    0.00,    0.00,     0.14,   52.74,      0.25,    9.50,    0.00,    0.00,        ,   0,  GPS,  257.4, 109.70, 109.70, 118.575, 121.825,       ,       ,       ,      ,       ,       ,  -12.7,      0,  NONE,   NONE,      ,      ,      , NoSoln, 3704,      ,       ,      ,       
2025-11-25, 22:07:57,  +00:00,       ,             ,             ,   488.8, 30.20,        ,   9.8,   0.00,       ,   -3.90,   0.04,   0.73,  -0.01,   0.00,  27.4,      ,  24.7,  24.7, 205.01, 201.73,   775.68,   763.27,     0.16,   51.54,   -0.97,    9.50,    0.00,    0.00,     0.13,   52.74,      0.25,    9.50,    0.00,    0.00,        ,   0,  GPS,  257.4, 109.70, 109.70, 118.575, 121.825,       ,       ,       ,      ,       ,       ,  -12.7,      0,  NONE,   NONE,      ,      ,      , NoSoln, 3704,      ,       ,      ,       
2025-11-25, 22:07:58,  +00:00,       ,             ,             ,   488.8, 30.20,        ,   9.8,   0.00,       ,   -2.60,   0.04,   0.73,  -0.01,   0.00,  27.4,      ,  24.7,  24.7, 205.01, 201.73,   775.68,   763.27,     0.16,   51.54,   -0.97,    9.50,    0.00,    0.00,     0.13,   52.74,      0.25,    9.50,    0.00,    0.00,        ,   0,  GPS,  257.4, 109.70, 109.70, 118.575, 121.825,       ,       ,       ,      ,       ,       ,  -12.7,      0,  NONE,   NONE,      ,      ,      , NoSoln, 3704,      ,       ,      ,       
2025-11-25, 22:07:59,  +00:00,       ,             ,             ,   488.8, 30.20,        ,   9.8,   0.00,       ,   -1.66,   0.04,   0.74,  -0.01,   0.00,  27.4,      ,  24.7,  24.7, 205.01, 201.73,   775.68,   763.27,     0.16,   51.54,   -0.97,    9.50,    0.00,    0.00,     0.14,   52.74,      0.25,    9.50,    0.00,    0.00,        ,   0,  GPS,  257.4, 109.70, 109.70, 118.575, 121.825,       ,       ,       ,      ,       ,       ,  -12.7,      0,  NONE,   NONE,      ,      ,      , NoSoln, 3704,      ,       ,      ,       
2025-11-25, 22:08:00,  +00:00,       ,             ,             ,   488.8, 30.20,        ,   9.8,   0.00,       ,   -1.03,   0.03,   0.74,  -0.01,   0.00,  27.4,      ,  24.7,  24.7, 205.01, 201.73,   775.68,   763.27,     0.16,   51.54,   -0.97,    9.50,    0.00,    0.00,     0.14,   52.74,      0.25,    9.50,    0.00,    0.00,        ,   0,  GPS,  257.4, 109.70, 109.70, 118.575, 121.825,       ,       ,       ,      ,       ,       ,  -12.7,      0,  NONE,   NONE,      ,      ,      , NoSoln, 3704,      ,       ,      ,       
2025-11-25, 22:08:01,  +00:00,       ,             ,             ,   488.8, 30.20,        ,   9.8,   0.00,       ,   -0.62,   0.03,   0.74,  -0.01,  -0.00,  27.4,      ,  24.6,  24.7, 205.01, 201.73,   775.68,   763.27,     0.16,   51.54,   -0.97,    9.50,    0.00,    0.00,     0.14,   52.74,      0.25,    9.50,    0.00,    0.00,        ,   0,  GPS,  257.4, 109.70, 109.70, 118.575, 121.825,       ,       ,       ,      ,       ,       ,  -12.7,      0,  NONE,   NONE,      ,      ,      , NoSoln, 3704,      ,       ,      ,       
2025-11-25, 22:08:02,  +00:00,       ,             ,             ,   488.8, 30.20,        ,   9.8,   0.00,       ,   -0.37,   0.03,   0.74,  -0.01,  -0.00,  27.4,      ,  24.6,  24.7, 205.01, 201.73,   775.68,   763.27,     0.16,   51.54,   -0.97,    9.50,    0.00,    0.00,     0.14,   52.74,      0.25,    9.50,    0.00,    0.00,        ,   0,  GPS,  257.4, 109.70, 109.70, 118.575, 121.825,       ,       ,       ,      ,       ,       ,  -12.7,      0,  NONE,   NONE,      ,      ,      , NoSoln, 3704,      ,       ,      ,       
2025-11-25, 22:08:03,  +00:00,       ,             ,             ,   488.8, 30.20,        ,   9.8,   0.00,       ,   -0.22,   0.02,   0.74,  -0.01,   0.00,  27.4,      ,  24.6,  24.7, 205.01, 201.73,   775.68,   763.27,     0.16,   51.54,   -0.97,    9.50,    0.00,    0.00,     0.14,   52.74,      0.25,    9.50,    0.00,    0.00,        ,   0,  GPS,  257.4, 109.70, 109.70, 118.575, 121.825,       ,       ,       ,      ,       ,       ,  -12.7,      0,  NONE,   NONE,      ,      ,      , NoSoln, 3704,      ,       ,      ,       
2025-11-25, 22:08:04,  +00:00,       ,             ,             ,   488.8, 30.20,        ,   9.8,   0.00,       ,   -0.13,   0.03,   0.74,  -0.01,   0.00,  27.4,      ,  24.6,  24.7, 205.01, 201.73,   775.68,   763.27,     0.16,   51.54,   -0.97,    9.50,    0.00,    0.00,     0.14,   52.74,      0.25,    9.50,    0.00,    0.00,        ,   0,  GPS,  257.4, 109.70, 109.70, 118.575, 121.825,       ,       ,       ,      ,       ,       ,  -12.7,      0,  NONE,   NONE,      ,      ,      , NoSoln, 3704,      ,       ,      ,       
2025-11-25, 22:08:05,  +00:00,       ,             ,             ,   488.8, 30.20,        ,   9.8,   0.00,       ,   -0.07,   0.03,   0.74,  -0.01,   0.00,  27.4,      ,  24.6,  24.7, 205.01, 201.73,   775.68,   763.27,     0.16,   51.54,   -0.97,    9.50,    0.00,    0.00,     0.13,   52.74,      0.25,    9.50,    0.00,    0.00,        ,   0,  GPS,  257.4, 109.70, 109.70, 118.575, 121.825,       ,       ,       ,      ,       ,       ,  -12.7,      0,  NONE,   NONE,      ,      ,      , NoSoln, 3704,      ,       ,      ,       
2025-11-25, 22:08:06,  +00:00,       ,             ,             ,   488.8, 30.20,        ,   9.8,   0.00,       ,   -0.04,   0.03,   0.73,  -0.01,   0.00,  27.4,      ,  24.6,  24.7, 205.01, 201.73,   775.68,   763.27,     0.16,   51.54,   -0.97,    9.50,    0.00,    0.00,     0.14,   52.74,      0.25,    9.50,    0.00,    0.00,        ,   0,  GPS,  257.4, 109.70, 109.70, 118.575, 121.825,       ,       ,       ,      ,       ,       ,  -12.7,      0,  NONE,   NONE,      ,      ,      , NoSoln, 3704,      ,       ,      ,       
2025-11-25, 22:08:07,  +00:00,       ,             ,             ,   488.8, 30.20,        ,   9.8,   0.00,       ,   -0.02,   0.04,   0.73,  -0.01,   0.00,  27.5,      ,  24.6,  24.6, 205.01, 201.73,   775.68,   763.27,     0.16,   51.54,   -0.97,    9.50,    0.00,    0.00,     0.14,   52.74,      0.25,    9.50,    0.00,    0.00,        ,   0,  GPS,  257.4, 109.70, 109.70, 118.575, 121.825,       ,       ,       ,      ,       ,       ,  -12.7,      0,  NONE,   NONE,      ,      ,      , NoSoln, 3704,      ,       ,      ,       
2025-11-25, 22:08:08,  +00:00,       ,             ,             ,   487.8, 30.20,        ,   9.8,   0.00,       ,   -0.01,   0.03,   0.73,  -0.01,   0.00,  27.5,      ,  24.6,  24.6, 205.01, 201.73,   775.68,   763.27,     0.16,   51.54,   -0.97,    9.50,    0.00,    0.00,     0.13,   52.74,      0.25,    9.50,    0.00,    0.00,        ,   0,  GPS,  257.4, 109.70, 109.70, 118.575, 121.825,       ,       ,       ,      ,       ,       ,  -12.7,      0,  NONE,   NONE,      ,      ,      , NoSoln, 3704,      ,       ,      ,       
2025-11-25, 22:08:09,  +00:00,       ,             ,             ,   487.8, 30.20,        ,   9.8,   0.00,       ,   -0.01,   0.03,   0.74,  -0.01,   0.00,  27.5,      ,  24.6,  24.6, 205.01, 201.73,   775.68,   763.27,     0.16,   51.54,   -0.97,    9.50,    0.00,    0.00,     0.14,   52.74,      0.25,    9.50,    0.00,    0.00,        ,   0,  GPS,  257.4, 109.70, 109.70, 118.575, 121.825,       ,       ,       ,      ,       ,       ,  -12.7,      0,  NONE,   NONE,      ,      ,      , NoSoln, 3704,      ,       ,      ,       
2025-11-25, 22:08:10,  +00:00,       ,             ,             ,   487.8, 30.20,        ,   9.8,   0.00,       ,   -0.40,   0.03,   0.74,  -0.01,   0.00,  27.5,      ,  24.6,  24.6, 205.01, 201.73,   775.68,   763.27,     0.16,   51.54,   -0.97,    9.50,    0.00,    0.00,     0.13,   52.74,      0.25,    9.50,    0.00,    0.00,        ,   0,  GPS,  257.4, 109.70, 109.70, 118.575, 121.825,       ,       ,       ,      ,       ,       ,  -12.7,      0,  NONE,   NONE,      ,      ,      , NoSoln, 3704,      ,       ,      ,       
2025-11-25, 22:08:11,  +00:00,       ,             ,             ,   487.8, 30.20,        ,   9.8,   0.00,       ,   -3.53,   0.02,   0.74,  -0.01,   0.00,  27.5,      ,  24.6,  24.6, 205.01, 201.73,   775.68,   763.27,     0.16,   51.55,   -0.97,    9.50,    0.00,    0.00,     0.14,   52.74,      0.25,    9.50,    0.00,    0.00,        ,   0,  GPS,  257.4, 109.70, 109.70, 118.575, 121.825,       ,       ,       ,      ,       ,       ,  -12.7,      0,  NONE,   NONE,      ,      ,      , NoSoln, 3704,      ,       ,      ,       
2025-11-25, 22:08:12,  +00:00,       ,             ,             ,   487.8, 30.20,        ,   9.8,   0.00,       ,   -7.18,   0.03,   0.75,  -0.01,   0.00,  27.5,      ,  24.6,  24.6, 205.01, 201.73,   775.68,   763.27,     0.16,   51.54,   -0.97,    9.50,    0.00,    0.00,     0.14,   52.74,      0.25,    9.50,    0.00,    0.00,        ,   0,  GPS,  257.4, 109.70, 109.70, 118.575, 121.825,       ,       ,       ,      ,       ,       ,  -12.7,      0,  NONE,   NONE,      ,      ,      , NoSoln, 3704,      ,       ,      ,       
2025-11-25, 22:08:13,  +00:00,       ,             ,             ,   487.8, 30.20,        ,   9.8,   0.00,       ,   -9.32,   0.03,   0.75,  -0.01,   0.00,  27.4,      ,  24.6,  24.6, 205.01, 201.73,   775.68,   763.27,     0.16,   51.55,   -0.97,    9.50,    0.00,    0.00,     0.14,   52.74,      0.25,    9.50,    0.00,    0.00,        ,   0,  GPS,  257.4, 109.70, 109.70, 118.575, 121.825,       ,       ,       ,      ,       ,       ,  -12.7,      0,  NONE,   NONE,      ,      ,      , NoSoln, 3704,      ,       ,      ,       
2025-11-25, 22:08:14,  +00:00,       ,             ,             ,   487.8, 30.20,        ,   9.8,   0.00,       ,   -8.03,   0.03,   0.75,  -0.01,   0.00,  27.4,      ,  24.6,  24.6, 205.01, 201.73,   775.68,   763.27,     0.16,   51.54,   -0.97,    9.50,    0.00,    0.00,     0.14,   52.74,      0.25,    9.50,    0.00,    0.00,        ,   0,  GPS,  257.4, 109.70, 109.70, 118.575, 121.825,       ,       ,       ,      ,       ,       ,  -12.7,      0,  NONE,   NONE,      ,      ,      , NoSoln, 3704,      ,       ,      ,       
2025-11-25, 22:08:15,  +00:00,       ,             ,             ,   487.8, 30.20,        ,   9.8,   0.00,       ,   -5.88,   0.04,   0.75,  -0.01,  -0.00,  27.4,      ,  24.6,  24.6, 205.01, 201.73,   775.68,   763.27,     0.16,   51.54,   -0.97,    9.50,    0.00,    0.00,     0.14,   52.74,      0.25,    9.50,    0.00,    0.00,        ,   0,  GPS,  257.4, 109.70, 109.70, 118.575, 121.825,       ,       ,       ,      ,       ,       ,  -12.7,      0,  NONE,   NONE,      ,      ,      , NoSoln, 3704,      ,       ,      ,       
2025-11-25, 22:08:16,  +00:00,       ,             ,             ,   487.8, 30.20,        ,   9.8,   0.00,       ,   -3.96,   0.03,   0.75,  -0.01,   0.00,  27.3,      ,  24.6,  24.6, 205.01, 201.73,   775.68,   763.27,     0.16,   51.54,   -0.97,    9.50,    0.00,    0.00,     0.14,   52.74,      0.25,    9.50,    0.00,    0.00,        ,   0,  GPS,  257.4, 109.70, 109.70, 118.575, 121.825,       ,       ,       ,      ,       ,       ,  -12.7,      0,  NONE,   NONE,      ,      ,      , NoSoln, 3704,      ,       ,      ,       
2025-11-25, 22:08:17,  +00:00,       ,             ,             ,   487.8, 30.20,        ,   9.8,   0.00,       ,   -2.55,   0.03,   0.75,  -0.01,   0.00,  27.3,      ,  24.6,  24.6, 205.01, 201.73,   775.68,   763.27,     0.16,   51.54,   -0.97,    9.50,    0.00,    0.00,     0.14,   52.74,      0.25,    9.50,    0.00,    0.00,        ,   0,  GPS,  257.4, 109.70, 109.70, 118.575, 121.825,       ,       ,       ,      ,       ,       ,  -12.7,      0,  NONE,   NONE,      ,      ,      , NoSoln, 3704,      ,       ,      ,       
2025-11-25, 22:08:18,  +00:00,       ,             ,             ,   487.8, 30.20,        ,   9.8,   0.00,       ,   -1.58,   0.03,   0.74,  -0.01,   0.00,  27.3,      ,  24.5,  24.6, 205.01, 201.73,   775.68,   763.27,     0.16,   51.55,   -0.97,    9.50,    0.00,    0.00,     0.13,   52.74,      0.25,    9.50,    0.00,    0.00,        ,   0,  GPS,  257.4, 109.70, 109.70, 118.575, 121.825,       ,       ,       ,      ,       ,       ,  -12.7,      0,  NONE,   NONE,      ,      ,      , NoSoln, 3704,      ,       ,      ,       
2025-11-25, 22:08:19,  +00:00,       ,             ,             ,   487.8, 30.20,        ,   9.8,   0.00,       ,   -0.96,   0.04,   0.74,  -0.01,   0.00,  27.3,      ,  24.5,  24.5, 205.01, 201.73,   776.24,   763.27,     0.16,   51.55,   -0.97,    9.50,    0.00,    0.00,     0.13,   52.75,      0.25,    9.50,    0.00,    0.00,        ,   0,  GPS,  257.4, 109.70, 109.70, 118.575, 121.825,       ,       ,       ,      ,       ,       ,  -12.7,      0,  NONE,   NONE,      ,      ,      , NoSoln, 3704,      ,       ,      ,       
2025-11-25, 22:08:20,  +00:00,       ,             ,             ,   487.8, 30.20,        ,   9.8,   0.00,       ,   -0.57,   0.04,   0.74,  -0.01,   0.00,  27.3,      ,  24.5,  24.5, 205.01, 201.73,   776.24,   763.27,     0.16,   51.55,   -0.97,    9.50,    0.00,    0.00,     0.14,   52.75,      0.25,    9.50,    0.00,    0.00,        ,   0,  GPS,  257.4, 109.70, 109.70, 118.575, 121.825,       ,       ,       ,      ,       ,       ,  -12.7,      0,  NONE,   NONE,      ,      ,      , NoSoln, 3704,      ,       ,      ,       
2025-11-25, 22:08:21,  +00:00,       ,             ,             ,   487.8, 30.20,        ,   9.8,   0.00,       ,   -0.34,   0.04,   0.75,  -0.01,   0.00,  27.3,      ,  24.5,  24.5, 205.01, 201.73,   776.24,   763.27,     0.16,   51.55,   -0.97,    9.50,    0.00,    0.00,     0.14,   52.74,      0.25,    9.50,    0.00,    0.00,        ,   0,  GPS,  257.4, 109.70, 109.70, 118.575, 121.825,       ,       ,       ,      ,       ,       ,  -12.7,      0,  NONE,   NONE,      ,      ,      , NoSoln, 3704,      ,       ,      ,       
2025-11-25, 22:08:22,  +00:00,       ,             ,             ,   487.8, 30.20,        ,   9.8,   0.00,       ,   -0.20,   0.04,   0.75,  -0.01,   0.00,  27.3,      ,  24.5,  24.5, 205.01, 201.73,   776.24,   763.27,     0.16,   51.54,   -0.96,    9.50,    0.00,    0.00,     0.14,   52.75,      0.25,    9.50,    0.00,    0.00,        ,   0,  GPS,  257.4, 109.70, 109.70, 118.575, 121.825,       ,       ,       ,      ,       ,       ,  -12.7,      0,  NONE,   NONE,      ,      ,      , NoSoln, 3704,      ,       ,      ,       
2025-11-25, 22:08:23,  +00:00,       ,             ,             ,   487.8, 30.20,        ,   9.8,   0.00,       ,   -0.11,   0.04,   0.76,  -0.01,   0.00,  27.3,      ,  24.5,  24.5, 205.01, 201.73,   776.24,   763.27,     0.16,   51.55,   -0.97,    9.50,    0.00,    0.00,     0.14,   52.75,      0.25,    9.50,    0.00,    0.00,        ,   0,  GPS,  257.4, 109.70, 109.70, 118.575, 121.825,       ,       ,       ,      ,       ,       ,  -12.7,      0,  NONE,   NONE,      ,      ,      , NoSoln, 3704,      ,       ,      ,       
2025-11-25, 22:08:24,  +00:00,       ,             ,             ,   487.8, 30.20,        ,   9.8,   0.00,       ,   -0.07,   0.04,   0.76,  -0.01,   0.00,  27.3,      ,  24.2,  20.5, 205.01, 201.73,   776.24,   763.27,     0.16,   51.55,   -0.97,    9.50,    0.00,    0.00,     0.14,   52.75,      0.25,    9.50,    0.00,    0.00,        ,   0,  GPS,  257.4, 109.70, 109.70, 118.575, 121.825,       ,       ,       ,      ,       ,       ,  -12.7,      0,  NONE,   NONE,      ,      ,      , NoSoln, 3704,      ,       ,      ,       
2025-11-25, 22:08:25,  +00:00,       ,             ,             ,   487.8, 30.20,        ,   9.8,   0.00,       ,    0.01,   0.03,   0.75,  -0.01,   0.00,  27.3,      ,  23.9,  17.7, 205.01, 201.73,   776.24,   763.27,     0.16,   51.55,   -0.97,    9.50,    0.00,    0.00,     0.14,   52.74,      0.30,    9.50,    0.00,    0.00,        ,   0,  GPS,  257.4, 109.70, 109.70, 118.575, 121.825,       ,       ,       ,      ,       ,       ,  -12.7,      0,  NONE,   NONE,      ,      ,      , NoSoln, 3704,      ,       ,      ,       
2025-11-25, 22:08:26,  +00:00,       ,   41.0631027,  -73.7085571,   487.8, 30.20,   407.5,   9.8,   0.00,   2.57,    1.98,   0.03,   0.75,  -0.01,  -0.00,  27.2, 283.4,  23.8,  16.9, 205.01, 201.73,   776.24,   763.27,     0.16,   51.55,   -0.97,    9.50,    0.00,    0.00,     0.13,   52.75,      0.41,    9.50,    0.00,    0.06,   302.5,   0,  GPS,  257.4, 109.70, 109.70, 118.575, 121.825,       ,       ,       ,      ,       ,       ,  -12.7,      0,  NONE,   NONE,      ,      ,  19.7,     3D, 3704,      ,       ,      ,       
2025-11-25, 22:08:27,  +00:00,       ,   41.0631027,  -73.7085953,   487.8, 30.20,   392.5,   9.8,   0.00,   3.42,    2.40,   0.03,   0.75,  -0.01,   0.00,  27.0, 282.7,  23.8,  16.7, 205.01, 201.73,   776.24,   763.27,     0.16,   51.55,   -0.97,    9.50,    0.00,    0.00,     0.13,   52.75,      0.86,    9.50,    0.00,    0.08,   287.5,   0,  GPS,  257.4, 109.70, 109.70, 118.575, 121.825,       ,       ,       ,      ,       ,       ,  -12.7,      0,  NONE,   NONE,      ,      ,  -3.9,     3D, 3704,      ,       ,      ,       
2025-11-25, 22:08:28,  +00:00,       ,   41.0630951,  -73.7085953,   487.8, 30.20,   385.7,   9.8,   0.00,   0.00,    1.37,   0.03,   0.75,  -0.01,   0.00,  26.8, 282.5,  23.8,  16.7, 205.01, 201.73,   776.24,   763.27,     0.16,   51.55,   -0.97,    9.50,    0.00,    0.00,     0.13,   52.75,      2.51,    9.50,    0.00,    0.09,   280.7,   0,  GPS,  257.4, 109.70, 109.70, 118.575, 121.825,       ,       ,       ,      ,       ,       ,  -12.7,      0,  NONE,   NONE,      ,      ,   3.9,     3D, 3704,      ,       ,      ,       
2025-11-25, 22:08:29,  +00:00,       ,   41.0631027,  -73.7085876,   487.8, 30.20,   408.0,   9.8,   0.00,   0.00,   -2.48,   0.03,   0.75,  -0.01,  -0.00,  26.7, 282.5,  23.8,  16.7, 205.01, 201.73,   776.24,   763.27,     0.16,   51.55,   -0.97,    9.50,    0.00,    0.00,     0.13,   52.74,      9.06,    9.50,    0.00,    0.10,   303.0,   0,  GPS,  257.4, 109.70, 109.70, 118.575, 121.825,       ,       ,       ,      ,       ,       ,  -12.7,      0,  NONE,   NONE,      ,      ,  -3.9,     3D, 3704,      ,       ,      ,       
2025-11-25, 22:08:30,  +00:00,       ,   41.0631104,  -73.7085800,   487.8, 30.20,   423.4,   9.8,   0.00,   0.00,   -4.66,   0.03,   0.75,  -0.01,   0.00,  26.7, 282.5,  23.8,  16.7, 205.01, 201.73,   776.24,   763.27,     0.16,   51.55,   -0.96,    9.50,    0.00,    0.00,     8.32,   52.74,     17.26,    9.50,    0.00,    0.11,   318.4,   0,  GPS,  257.4, 109.70, 109.70, 118.575, 121.825,       ,       ,       ,      ,       ,       ,  -12.7,      0,  NONE,   NONE,      ,      ,  -3.9,     3D, 3704,      ,       ,      ,       
2025-11-25, 22:08:31,  +00:00,       ,   41.0631142,  -73.7085800,   487.8, 30.20,   435.3,   9.8,   0.00,   0.00,   -4.23,   0.03,   0.75,  -0.01,  -0.00,  26.7, 282.5,  23.8,  16.8, 205.01, 201.73,   776.24,   763.27,     0.16,   51.55,   -0.96,    9.50,    0.00,    0.00,    15.03,   52.74,     21.31,   28.50,    0.00,    0.12,   330.3,   0,  GPS,  257.4, 109.70, 109.70, 118.575, 121.825,       ,       ,       ,      ,       ,       ,  -12.7,      0,  NONE,   NONE,      ,      ,  11.8,     3D, 3704,      ,       ,      ,       
2025-11-25, 22:08:32,  +00:00,       ,   41.0630951,  -73.7086258,   487.8, 30.20,   384.4,   9.8,   0.00,   0.00,   -2.77,   0.02,   0.74,  -0.01,  -0.00,  26.7, 282.5,  23.8,  16.8, 205.01, 201.73,   776.24,   763.27,     0.16,   51.54,   -0.96,    9.50,    0.00,    0.00,    17.76,   52.73,     24.52,  168.50,    0.00,    0.13,   279.4,   0,  GPS,  257.4, 109.70, 109.70, 118.575, 121.825,       ,       ,       ,      ,       ,       ,  -12.7,      0,  NONE,   NONE,      ,      ,   3.9,     3D, 3704,      ,       , 177.5,       
2025-11-25, 22:08:33,  +00:00,       ,   41.0631065,  -73.7086258,   487.8, 30.20,   394.4,   9.8,   0.00,   0.00,   -1.60,   0.02,   0.74,  -0.01,  -0.00,  26.8, 282.5,  23.8,  16.8, 205.01, 201.73,   776.24,   763.27,     0.16,   51.55,   -0.96,    9.50,    0.00,    0.00,    18.57,   52.74,     27.85,  301.50,    0.00,    0.15,   289.4,   0,  GPS,  257.4, 109.70, 109.70, 118.575, 121.825,       ,       ,       ,      ,       ,       ,  -12.7,      0,  NONE,   NONE,      ,      ,   0.0,     3D, 3704,      ,       ,  91.0,       
2025-11-25, 22:08:34,  +00:00,       ,   41.0631104,  -73.7086258,   487.8, 30.20,   396.5,   9.8,   0.00,   0.00,   -1.64,   0.02,   0.75,  -0.01,   0.00,  26.9, 282.5,  23.8,  16.9, 205.01, 201.73,   776.24,   763.27,     0.16,   51.54,   -0.96,    9.50,    0.00,    0.00,    18.62,   52.73,     31.01,  409.50,    0.00,    0.16,   291.5,   0,  GPS,  257.4, 109.70, 109.70, 118.575, 121.825,       ,       ,       ,      ,       ,       ,  -12.7,      0,  NONE,   NONE,      ,      ,   0.0,     3D, 3704,      ,       ,  91.5,       
2025-11-25, 22:08:35,  +00:00,       ,   41.0631142,  -73.7086258,   486.8, 30.20,   397.2,   9.8,   0.00,   0.00,   -4.61,   0.01,   0.75,  -0.01,   0.00,  26.9, 282.5,  23.8,  16.9, 205.01, 201.73,   776.24,   763.27,     0.16,   51.55,   -0.97,    9.50,    0.00,    0.00,    18.13,   52.73,     34.92,  506.50,    0.02,    0.18,   292.2,   0,  GPS,  257.4, 109.70, 109.70, 118.575, 121.825,       ,       ,       ,      ,       ,       ,  -12.7,      0,  NONE,   NONE,      ,      ,   0.0,     3D, 3704,      ,       ,  91.5,       
2025-11-25, 22:08:36,  +00:00,       ,   41.0631218,  -73.7086258,   487.8, 30.20,   397.5,   9.8,   0.00,   0.00,   -7.98,   0.00,   0.74,  -0.01,   0.00,  26.9, 282.5,  23.8,  16.9, 205.01, 201.73,   776.24,   763.27,     0.16,   51.55,   -0.96,    9.50,    0.00,    0.00,    17.34,   52.73,     38.85,  581.50,    0.03,    0.19,   292.5,   0,  GPS,  257.4, 109.70, 109.70, 118.575, 121.825,       ,       ,       ,      ,       ,       ,  -12.7,      0,  NONE,   NONE,      ,      ,   0.0,     3D, 3704,      ,       ,  91.5,       
2025-11-25, 22:08:37,  +00:00,       ,   41.0631218,  -73.7086258,   487.8, 30.20,   398.0,   9.8,   0.00,   0.00,   -8.63,   0.00,   0.75,  -0.01,   0.00,  26.9, 282.5,  23.8,  16.9, 205.01, 201.73,   776.24,   763.27,     0.16,   51.55,   -0.97,    9.50,    0.00,    0.00,    16.40,   52.72,     42.91,  623.50,    0.04,    0.21,   293.0,   0,  GPS,  257.4, 109.70, 109.70, 118.575, 121.825,       ,       ,       ,      ,       ,       ,  -12.7,      0,  NONE,   NONE,      ,      ,   0.0,     3D, 3704,      ,       ,  91.5,       
2025-11-25, 22:08:38,  +00:00,       ,   41.0631256,  -73.7086258,   487.8, 30.20,   399.2,   9.8,   0.00,   0.00,   -6.88,  -0.01,   0.75,  -0.01,  -0.00,  26.9, 282.5,  23.8,  16.9, 205.01, 201.73,   776.24,   763.27,     0.16,   51.55,   -0.96,    9.50,    0.00,    0.00,    15.54,   52.72,     47.00,  637.00,    0.05,    0.22,   294.2,   0,  GPS,  257.4, 109.70, 109.70, 118.575, 121.825,       ,       ,       ,      ,       ,       ,  -12.7,      0,  NONE,   NONE,      ,      ,   0.0,     3D, 3704,      ,       ,  91.5,       
2025-11-25, 22:08:39,  +00:00,       ,   41.0631256,  -73.7086258,   486.8, 30.20,   400.5,   9.8,   0.00,   0.00,   -4.86,  -0.04,   0.73,  -0.01,  -0.00,  26.9, 282.5,  23.8,  16.9, 205.01, 201.73,   776.24,   763.27,     0.16,   51.55,   -0.96,    9.50,    0.00,    0.00,    15.18,   52.72,     50.94,  630.50,    0.06,    0.24,   295.5,   0,  GPS,  257.4, 109.70, 109.70, 118.575, 121.825,       ,       ,       ,      ,       ,       ,  -12.7,      0,  NONE,   NONE,      ,      ,   0.0,     3D, 3704,      ,       ,  91.5,       
2025-11-25, 22:08:40,  +00:00,       ,   41.0631256,  -73.7086258,   486.8, 30.20,   401.9,   9.8,   0.00,   0.00,   -5.12,  -0.07,   0.71,  -0.01,  -0.00,  26.9, 282.5,  23.8,  16.9, 205.01, 201.73,   776.24,   763.27,     0.16,   51.55,   -0.96,    9.50,    0.00,    0.00,    15.17,   52.72,     54.56,  610.00,    0.07,    0.25,   296.9,   0,  GPS,  257.4, 109.70, 109.70, 118.575, 121.825,       ,       ,       ,      ,       ,       ,  -12.7,      0,  NONE,   NONE,      ,      ,   0.0,     3D, 3704,      ,       ,  91.5,       
2025-11-25, 22:08:41,  +00:00,       ,   41.0631256,  -73.7086258,   486.8, 30.20,   403.5,   9.8,   0.00,   0.00,   -7.62,  -0.08,   0.71,  -0.01,  -0.00,  26.9, 282.5,  23.8,  16.8, 205.01, 201.73,   776.24,   763.27,     0.16,   51.55,   -0.96,    9.50,    0.00,    0.00,    15.38,   52.72,     57.77,  588.50,    0.08,    0.26,   298.5,   0,  GPS,  257.4, 109.70, 109.70, 118.575, 121.825,       ,       ,       ,      ,       ,       ,  -12.7,      0,  NONE,   NONE,      ,      ,   0.0,     3D, 3704,      ,       ,  91.5,       
2025-11-25, 22:08:42,  +00:00,       ,   41.0631256,  -73.7086258,   486.8, 30.20,   403.9,   9.8,   0.00,   0.00,  -10.18,  -0.10,   0.70,  -0.01,   0.00,  26.9, 282.5,  23.8,  16.9, 205.01, 201.73,   776.24,   763.27,     0.16,   51.55,   -0.96,    9.50,    0.00,    0.00,    15.70,   52.72,     60.96,  578.50,    0.08,    0.27,   298.9,   0,  GPS,  257.4, 109.70, 109.70, 118.575, 121.825,       ,       ,       ,      ,       ,       ,  -12.7,      0,  NONE,   NONE,      ,      ,   0.0,     3D, 3704,      ,       ,  91.5,       
2025-11-25, 22:08:43,  +00:00,       ,   41.0631256,  -73.7086182,   486.8, 30.20,   404.6,   9.8,   0.00,   0.00,   -9.95,  -0.11,   0.70,  -0.01,   0.00,  26.9, 282.5,  23.8,  16.8, 205.01, 201.73,   776.24,   763.27,     0.16,   51.55,   -0.96,    9.50,    0.00,    0.00,    15.91,   52.72,     64.32,  571.00,    0.09,    0.28,   299.6,   0,  GPS,  257.4, 109.70, 109.70, 118.575, 121.825,       ,       ,       ,      ,       ,       ,  -12.7,      0,  NONE,   NONE,      ,      ,   0.0,     3D, 3704,      ,       ,  91.5,       
2025-11-25, 22:08:44,  +00:00,       ,   41.0631294,  -73.7086182,   486.8, 30.20,   404.9,   9.8,   0.00,   0.00,   -6.53,  -0.12,   0.69,  -0.01,   0.00,  27.0, 282.5,  23.8,  16.8, 205.01, 201.73,   776.24,   763.27,     0.16,   51.55,   -0.96,    9.50,    0.00,    0.00,    16.10,   52.71,     67.69,  560.50,    0.10,    0.29,   299.9,   0,  GPS,  257.4, 109.70, 109.70, 118.575, 121.825,       ,       ,       ,      ,       ,       ,  -12.7,      0,  NONE,   NONE,      ,      ,   0.0,     3D, 3704,      ,       ,  91.5,       
2025-11-25, 22:08:45,  +00:00,       ,   41.0631218,  -73.7086258,   486.8, 30.20,   404.9,   9.8,   0.00,   0.00,   -1.39,  -0.13,   0.68,  -0.01,   0.00,  27.0, 282.5,  23.8,  16.8, 205.01, 201.73,   776.24,   763.27,     0.16,   51.55,   -0.96,    9.50,    0.00,    0.00,    16.38,   52.72,     71.01,  549.50,    0.11,    0.30,   299.9,   0,  GPS,  257.4, 109.70, 109.70, 118.575, 121.825,       ,       ,       ,      ,       ,       ,  -12.7,      0,  NONE,   NONE,      ,      ,   0.0,     3D, 3704,      ,       , 129.5,       
2025-11-25, 22:08:46,  +00:00,       ,   41.0631218,  -73.7086258,   486.8, 30.20,   403.9,   9.8,   0.00,   0.00,    0.61,  -0.13,   0.67,  -0.01,   0.00,  27.0, 282.5,  23.8,  16.7, 205.01, 201.73,   776.24,   763.27,     0.16,   51.55,   -0.96,    9.50,    0.00,    0.00,    16.72,   52.72,     74.31,  542.00,    0.12,    0.31,   298.9,   0,  GPS,  257.4, 109.70, 109.70, 118.575, 121.825,       ,       ,       ,      ,       ,       ,  -12.7,      0,  NONE,   NONE,      ,      ,   0.0,     3D, 3704,      ,       , 120.5,       
2025-11-25, 22:08:47,  +00:00,       ,   41.0631218,  -73.7086182,   486.8, 30.20,   405.1,   9.8,   0.00,   0.00,    1.03,  -0.15,   0.68,  -0.01,   0.00,  27.0, 282.5,  23.8,  16.7, 205.01, 201.73,   776.24,   763.27,     0.16,   51.55,   -0.96,    9.50,    0.00,    0.00,    17.17,   52.72,     77.75,  537.50,    0.12,    0.33,   300.1,   0,  GPS,  257.4, 109.70, 109.70, 118.575, 121.825,       ,       ,       ,      ,       ,       ,  -12.7,      0,  NONE,   NONE,      ,      ,   0.0,     3D, 3704,      ,       , 117.5,       
2025-11-25, 22:08:48,  +00:00,       ,   41.0631218,  -73.7086182,   486.8, 30.20,   405.0,   9.8,   0.00,   0.00,    0.91,  -0.15,   0.67,  -0.01,   0.00,  27.0, 282.5,  23.8,  16.7, 205.01, 201.73,   776.24,   763.27,     0.16,   51.55,   -0.96,    9.50,    0.00,    0.00,    17.75,   52.72,     81.53,  537.00,    0.13,    0.34,   300.0,   0,  GPS,  257.4, 109.70, 109.70, 118.575, 121.825,       ,       ,       ,      ,       ,       ,  -12.7,      0,  NONE,   NONE,      ,      ,   0.0,     3D, 3704,      ,       , 116.5,       
2025-11-25, 22:08:49,  +00:00,       ,   41.0631218,  -73.7086182,   486.8, 30.20,   405.2,   9.8,   0.00,   0.00,    1.40,  -0.15,   0.67,  -0.01,  -0.00,  27.0, 282.5,  23.8,  16.8, 205.01, 201.73,   776.24,   763.27,     0.16,   51.55,   -0.96,    9.50,    0.00,    0.00,    18.38,   52.74,     85.72,  536.00,    0.14,    0.35,   300.2,   0,  GPS,  257.4, 109.70, 109.70, 118.575, 121.825,       ,       ,       ,      ,       ,       ,  -12.7,      0,  NONE,   NONE,      ,      ,   0.0,     3D, 3704,      ,       , 115.5,       
2025-11-25, 22:08:50,  +00:00,       ,   41.0631218,  -73.7086258,   486.8, 30.20,   400.6,   9.8,   0.00,   0.00,    3.42,  -0.16,   0.67,  -0.01,   0.00,  27.1, 282.5,  23.8,  16.8, 205.01, 201.73,   776.24,   763.27,     0.16,   51.55,   -0.96,    9.50,    0.00,    0.00,    18.99,   52.77,     90.20,  534.00,    0.15,    0.37,   295.6,   0,  GPS,  257.4, 109.70, 109.70, 118.575, 121.825,       ,       ,       ,      ,       ,       ,  -12.7,      0,  NONE,   NONE,      ,      ,   0.0,     3D, 3704,      ,       , 120.5,       
2025-11-25, 22:08:51,  +00:00,       ,   41.0631256,  -73.7086258,   486.8, 30.20,   398.0,   9.8,   0.00,   0.00,    3.33,  -0.18,   0.67,  -0.01,   0.00,  27.1, 282.5,  23.8,  16.8, 205.01, 201.73,   776.24,   763.27,     0.16,   51.55,   -0.96,    9.50,    0.00,    0.00,    19.62,   52.80,     94.97,  531.00,    0.16,    0.39,   293.0,   0,  GPS,  257.4, 109.70, 109.70, 118.575, 121.825,       ,       ,       ,      ,       ,       ,  -12.7,      0,  NONE,   NONE,      ,      ,   0.0,     3D, 3704,      ,       , 120.0,       
2025-11-25, 22:08:52,  +00:00,       ,   41.0631256,  -73.7086258,   486.8, 30.20,   398.1,  10.0,   0.00,   0.00,    2.56,  -0.16,   0.68,  -0.01,   0.00,  27.1, 282.5,  23.8,  16.9, 205.01, 201.73,   776.24,   763.27,     0.16,   51.55,   -0.96,    9.50,    0.00,    0.00,    20.23,   52.85,     99.97,  526.00,    0.17,    0.40,   293.1,   0,  GPS,  257.4, 109.70, 109.70, 118.575, 121.825,       ,       ,       ,      ,       ,       ,  -12.7,      0,  NONE,   NONE,      ,      ,   0.0,     3D, 3704,      ,       , 119.5,       
2025-11-25, 22:08:53,  +00:00,       ,   41.0631256,  -73.7086258,   486.8, 30.20,   397.6,  10.0,   0.00,   0.00,    1.77,  -0.18,   0.68,  -0.01,  -0.00,  27.1, 282.5,  23.8,  17.0, 205.01, 201.73,   776.24,   763.27,     0.16,   51.55,   -0.96,    9.50,    0.00,    0.00,    20.83,   52.88,    105.09,  519.00,    0.18,    0.42,   292.6,   0,  GPS,  257.4, 109.70, 109.70, 118.575, 121.825,       ,       ,       ,      ,       ,       ,  -12.7,      0,  NONE,   NONE,      ,      ,   0.0,     3D, 3704,      ,       , 119.5,       
2025-11-25, 22:08:54,  +00:00,       ,   41.0631256,  -73.7086258,   486.8, 30.20,   397.7,  10.0,   0.00,   0.00,    1.16,  -0.18,   0.68,  -0.01,   0.00,  27.1, 282.5,  23.8,  17.1, 205.01, 201.73,   776.24,   763.27,     0.16,   51.54,   -0.96,    9.50,    0.00,    0.00,    21.48,   52.94,    110.35,  511.00,    0.19,    0.44,   292.7,   0,  GPS,  257.4, 109.70, 109.70, 118.575, 121.825,       ,       ,       ,      ,       ,       ,  -12.7,      0,  NONE,   NONE,      ,      ,  -3.9,     3D, 3704,      ,       , 119.5,       
2025-11-25, 22:08:55,  +00:00,       ,   41.0631294,  -73.7086182,   486.8, 30.20,   398.6,  10.0,   0.00,   0.00,    0.73,  -0.18,   0.67,  -0.01,   0.00,  27.1, 282.5,  23.8,  20.7, 205.01, 201.73,   776.24,   763.27,     0.16,   51.55,   -0.96,    9.50,    0.00,    0.00,    22.25,   53.00,    115.64,  507.00,    0.20,    0.45,   293.6,   0,  GPS,  257.4, 109.70, 109.70, 118.575, 121.825,       ,       ,       ,      ,       ,       ,  -12.7,      0,  NONE,   NONE,      ,      ,   0.0,     3D, 3704,      ,       , 102.5,       
2025-11-25, 22:08:56,  +00:00,       ,   41.0631294,  -73.7086182,   486.8, 30.20,   396.4,   9.8,   0.00,   0.00,    0.45,  -0.18,   0.67,  -0.01,   0.00,  27.2, 282.5,  24.0,  23.0, 205.01, 201.73,   776.24,   763.27,     0.16,   51.55,   -0.96,    9.50,    0.00,    0.00,    23.59,   53.08,    120.56,  512.50,    0.22,    0.47,   291.4,   0,  GPS,  257.4, 109.70, 109.70, 118.575, 121.825,       ,       ,       ,      ,       ,       ,  -12.7,      0,  NONE,   NONE,      ,      ,   0.0,     3D, 3704,      ,       ,  89.5,       
2025-11-25, 22:08:57,  +00:00,       ,   41.0631371,  -73.7086182,   486.8, 30.20,   395.3,   9.8,   0.00,   0.00,    0.27,  -0.18,   0.67,  -0.01,  -0.00,  27.3, 282.5,  24.1,  23.7, 205.01, 201.73,   776.24,   763.27,     0.16,   51.55,   -0.96,    9.50,    0.00,    0.00,    24.73,   53.17,    125.90,  515.00,    0.23,    0.49,   290.3,   0,  GPS,  257.4, 109.70, 109.70, 118.575, 121.825,       ,       ,       ,      ,       ,       ,  -12.7,      0,  NONE,   NONE,      ,      ,   0.0,     3D, 3704,      ,       ,  88.0,       
2025-11-25, 22:08:58,  +00:00,       ,   41.0631371,  -73.7086182,   486.8, 30.20,   395.0,   9.8,   0.00,   0.00,    0.16,  -0.19,   0.67,  -0.01,   0.00,  27.3, 282.5,  24.1,  24.0, 205.01, 201.73,   776.24,   763.27,     0.16,   51.55,   -0.96,    9.50,    0.00,    0.00,    25.71,   53.29,    131.58,  514.00,    0.24,    0.51,   290.0,   0,  GPS,  257.4, 109.70, 109.70, 118.575, 121.825,       ,       ,       ,      ,       ,       ,  -12.7,      0,  NONE,   NONE,      ,      ,   0.0,     3D, 3704,      ,       ,  87.0,       
2025-11-25, 22:08:59,  +00:00,       ,   41.0631371,  -73.7086182,   486.8, 30.20,   395.0,   9.8,   0.00,   0.00,    0.09,  -0.19,   0.66,  -0.01,  -0.00,  27.4, 282.5,  24.2,  24.1, 205.01, 201.73,   776.24,   763.27,     0.16,   51.55,   -0.96,    9.50,    0.00,    0.00,    26.65,   53.44,    137.40,  511.00,    0.25,    0.53,   290.0,   0,  GPS,  257.4, 109.70, 109.70, 118.575, 121.825,       ,       ,       ,      ,       ,       ,  -12.7,      0,  NONE,   NONE,      ,      ,   0.0,     3D, 3704,      ,       ,  86.5,       
2025-11-25, 22:09:00,  +00:00,       ,   41.0631371,  -73.7086182,   486.8, 30.20,   395.2,   9.8,   0.00,   0.00,    0.05,  -0.20,   0.65,  -0.00,   0.00,  27.4, 282.5,  24.5,  24.5, 205.01, 201.73,   776.24,   763.27,     0.16,   51.55,   -0.96,    9.50,    0.00,    0.00,    27.79,   53.59,    143.46,  509.00,    0.27,    0.54,   290.2,   0,  GPS,  257.4, 109.70, 109.70, 118.575, 121.825,       ,       ,       ,      ,       ,       ,  -12.7,      0,  NONE,   NONE,      ,      ,   0.0,     3D, 3704,      ,       ,  86.5,       
2025-11-25, 22:09:01,  +00:00,       ,   41.0631371,  -73.7086182,   486.8, 30.20,   395.7,   9.8,   0.00,   0.00,    0.03,  -0.21,   0.66,  -0.02,   0.00,  27.4, 282.5,  26.0,  26.1, 205.01, 201.73,   776.24,   763.27,     0.16,   51.55,   -0.96,    9.50,    0.00,    0.00,    26.61,   53.82,    145.56,  486.50,    0.27,    0.54,   290.7,   0,  GPS,  257.4, 109.70, 109.70, 118.575, 121.825,       ,       ,       ,      ,       ,       ,  -12.7,      0,  NONE,   NONE,      ,      ,   0.0,     3D, 3704,      ,       , 117.0,       
2025-11-25, 22:09:02,  +00:00,       ,   41.0631371,  -73.7086182,   486.8, 30.20,   396.2,   9.8,   0.00,   0.00,    0.02,  -0.21,   0.65,  -0.01,  -0.00,  27.4, 282.5,  26.5,  26.6, 205.01, 201.73,   776.24,   763.27,     0.16,   51.55,   -0.96,    9.50,    0.00,    0.00,    26.59,   54.03,    145.87,  476.50,    0.28,    0.54,   291.2,   0,  GPS,  257.4, 109.70, 109.70, 118.575, 121.825,       ,       ,       ,      ,       ,       ,  -12.7,      0,  NONE,   NONE,      ,      ,   0.0,     3D, 3704,      ,       , 117.0,       
2025-11-25, 22:09:03,  +00:00,       ,   41.0631371,  -73.7086182,   486.8, 30.20,   398.0,   9.8,   0.00,   0.00,    0.01,  -0.22,   0.66,  -0.01,   0.00,  27.3, 282.5,  26.8,  26.9, 205.01, 201.73,   776.24,   763.27,     0.16,   51.55,   -0.96,    9.50,    0.00,    0.00,    26.18,   54.33,    145.39,  466.50,    0.28,    0.54,   293.0,   0,  GPS,  257.4, 109.70, 109.70, 118.575, 121.825,       ,       ,       ,      ,       ,       ,  -12.7,      0,  NONE,   NONE,      ,      ,   0.0,     3D, 3704,      ,       ,  90.5,       
2025-11-25, 22:09:04,  +00:00,       ,   41.0631371,  -73.7086182,   485.8, 30.20,   398.0,   9.8,   0.00,   0.00,    0.01,  -0.22,   0.66,  -0.01,   0.00,  27.3, 282.5,  26.9,  27.0, 205.01, 201.73,   776.24,   763.27,     0.16,   51.55,   -0.96,    9.50,    0.00,    0.00,    25.69,   54.59,    144.75,  456.50,    0.28,    0.54,   293.0,   0,  GPS,  257.4, 109.70, 109.70, 118.575, 121.825,       ,       ,       ,      ,       ,       ,  -12.7,      0,  NONE,   NONE,      ,      ,   0.0,     3D, 3704,      ,       ,  90.0,       
2025-11-25, 22:09:05,  +00:00,       ,   41.0631371,  -73.7086182,   485.8, 30.20,   398.2,   9.8,   0.00,   0.00,   -1.42,  -0.22,   0.66,  -0.01,  -0.00,  27.4, 282.5,  27.1,  27.2, 205.01, 201.73,   776.24,   763.27,     0.16,   51.55,   -0.96,    9.50,    0.00,    0.00,    25.49,   54.91,    143.99,  451.00,    0.28,    0.54,   293.2,   0,  GPS,  257.4, 109.70, 109.70, 118.575, 121.825,       ,       ,       ,      ,       ,       ,  -12.7,      0,  NONE,   NONE,      ,      ,   0.0,     3D, 3704,      ,       ,  90.0,       
2025-11-25, 22:09:06,  +00:00,       ,   41.0631371,  -73.7086182,   485.8, 30.20,   397.4,   9.8,   0.00,   0.00,   -5.02,  -0.22,   0.67,  -0.01,   0.00,  27.4, 282.5,  27.3,  27.4, 205.01, 201.73,   776.24,   763.27,     0.16,   51.56,   -0.96,    9.50,    0.00,    0.00,    25.46,   55.29,    142.94,  448.00,    0.28,    0.54,   292.4,   0,  GPS,  257.4, 109.70, 109.70, 118.575, 121.825,       ,       ,       ,      ,       ,       ,  -12.7,      0,  NONE,   NONE,      ,      ,   0.0,     3D, 3704,      ,       ,  90.0,       
2025-11-25, 22:09:07,  +00:00,       ,   41.0631371,  -73.7086182,   485.8, 30.20,   397.4,   9.8,   0.00,   0.00,   -7.98,  -0.22,   0.67,  -0.01,   0.00,  27.4, 282.5,  27.4,  27.5, 205.01, 201.73,   776.24,   763.27,     0.16,   51.55,   -0.96,    9.50,    0.00,    0.00,    25.37,   55.65,    141.75,  446.00,    0.28,    0.54,   292.4,   0,  GPS,  257.4, 109.70, 109.70, 118.575, 121.825,       ,       ,       ,      ,       ,       ,  -12.7,      0,  NONE,   NONE,      ,      ,   3.9,     3D, 3704,      ,       ,  90.0,       
2025-11-25, 22:09:08,  +00:00,       ,   41.0631371,  -73.7086182,   485.8, 30.20,   397.6,   9.8,   0.00,   0.00,   -7.41,  -0.22,   0.67,  -0.01,   0.00,  27.4, 282.5,  27.4,  27.5, 205.01, 201.73,   776.24,   763.27,     0.16,   51.55,   -0.96,    9.50,    0.00,    0.00,    25.26,   56.02,    140.55,  444.50,    0.28,    0.54,   292.6,   0,  GPS,  257.4, 109.70, 109.70, 118.575, 121.825,       ,       ,       ,      ,       ,       ,  -12.7,      0,  NONE,   NONE,      ,      ,   0.0,     3D, 3704,      ,       ,  94.0,       
2025-11-25, 22:09:09,  +00:00,       ,   41.0631371,  -73.7086182,   485.8, 30.20,   397.6,   9.8,   0.00,   0.00,   -5.59,  -0.22,   0.68,  -0.01,  -0.00,  27.4, 282.5,  27.5,  27.6, 205.01, 201.73,   776.24,   763.27,     0.16,   51.55,   -0.96,    9.50,    0.00,    0.00,    25.19,   56.35,    139.33,  443.50,    0.28,    0.54,   292.6,   0,  GPS,  257.4, 109.70, 109.70, 118.575, 121.825,       ,       ,       ,      ,       ,       ,  -12.7,      0,  NONE,   NONE,      ,      ,   0.0,     3D, 3704,      ,       ,  94.0,       
2025-11-25, 22:09:10,  +00:00,       ,   41.0631371,  -73.7086182,   485.8, 30.20,   397.7,   9.8,   0.00,   0.00,   -3.84,  -0.22,   0.67,  -0.01,   0.00,  27.4, 282.5,  27.6,  27.7, 205.01, 201.73,   776.24,   763.27,     0.16,   51.55,   -0.96,    9.50,    0.00,    0.00,    25.10,   56.76,    138.01,  442.50,    0.28,    0.54,   292.7,   0,  GPS,  257.4, 109.70, 109.70, 118.575, 121.825,       ,       ,       ,      ,       ,       ,  -12.7,      0,  NONE,   NONE,      ,      ,   0.0,     3D, 3704,      ,       ,  94.0,       
2025-11-25, 22:09:11,  +00:00,       ,   41.0631371,  -73.7086182,   486.8, 30.20,   397.6,   9.5,   0.00,   0.00,   -2.49,  -0.23,   0.67,  -0.01,   0.00,  27.4, 282.5,  27.8,  27.9, 205.01, 201.73,   776.24,   763.27,     0.16,   51.55,   -0.96,    9.50,    0.00,    0.00,    25.13,   57.15,    137.04,  444.00,    0.28,    0.54,   292.6,   0,  GPS,  257.4, 109.70, 109.70, 118.575, 121.825,       ,       ,       ,      ,       ,       ,  -12.7,      0,  NONE,   NONE,      ,      ,   0.0,     3D, 3704,      ,       ,  94.0,       
2025-11-25, 22:09:12,  +00:00,       ,   41.0631371,  -73.7086182,   486.8, 30.20,   397.6,   9.5,   0.00,   0.00,   -1.56,  -0.23,   0.67,  -0.01,   0.00,  27.4, 282.5,  27.9,  28.0, 205.01, 201.73,   776.24,   763.27,     0.16,   51.55,   -0.96,    9.50,    0.00,    0.00,    25.10,   57.54,    136.18,  444.50,    0.28,    0.54,   292.6,   0,  GPS,  257.4, 109.70, 109.70, 118.575, 121.825,       ,       ,       ,      ,       ,       ,  -12.7,      0,  NONE,   NONE,      ,      ,   0.0,     3D, 3704,      ,       ,  93.5,       
2025-11-25, 22:09:13,  +00:00,       ,   41.0631371,  -73.7086182,   485.8, 30.20,   397.5,   9.8,   0.00,   0.00,   -0.95,  -0.23,   0.67,  -0.01,   0.00,  27.4, 282.5,  27.9,  28.0, 205.01, 201.73,   776.24,   763.27,     0.16,   51.55,   -0.96,    9.50,    0.00,    0.00,    25.06,   57.95,    135.11,  445.00,    0.28,    0.54,   292.5,   0,  GPS,  257.4, 109.70, 109.70, 118.575, 121.825,       ,       ,       ,      ,       ,       ,  -12.7,      0,  NONE,   NONE,      ,      ,   0.0,     3D, 3704,      ,       ,  93.5,       
2025-11-25, 22:09:14,  +00:00,       ,   41.0631294,  -73.7086182,   485.8, 30.20,   399.4,   9.8,   0.00,   0.00,   -0.57,  -0.21,   0.67,  -0.01,  -0.00,  27.4, 282.5,  27.9,  28.0, 205.01, 201.73,   776.24,   763.27,     0.16,   51.55,   -0.96,    9.50,    0.00,    0.00,    24.99,   58.37,    134.10,  445.50,    0.28,    0.54,   294.4,   0,  GPS,  257.4, 109.70, 109.70, 118.575, 121.825,       ,       ,       ,      ,       ,       ,  -12.7,      0,  NONE,   NONE,      ,      ,   0.0,     3D, 3704,      ,       ,  96.0,       
2025-11-25, 22:09:15,  +00:00,       ,   41.0631294,  -73.7086182,   485.8, 30.20,   399.7,   9.8,   0.00,   0.00,   -0.34,  -0.22,   0.66,  -0.01,   0.00,  27.4, 282.5,  27.9,  28.1, 205.01, 201.73,   776.24,   763.27,     0.16,   51.55,   -0.96,    9.50,    0.00,    0.00,    24.92,   58.80,    132.92,  445.50,    0.28,    0.54,   294.7,   0,  GPS,  257.4, 109.70, 109.70, 118.575, 121.825,       ,       ,       ,      ,       ,       ,  -12.7,      0,  NONE,   NONE,      ,      ,   0.0,     3D, 3704,      ,       ,  96.0,       
2025-11-25, 22:09:16,  +00:00,       ,   41.0631294,  -73.7086182,   486.8, 30.20,   398.6,   9.8,   0.00,   0.00,   -0.20,  -0.21,   0.67,  -0.01,   0.00,  27.4, 282.5,  28.0,  28.1, 205.01, 201.73,   776.24,   763.27,     0.16,   51.55,   -0.96,    9.50,    0.00,    0.00,    24.88,   59.21,    131.81,  445.50,    0.28,    0.54,   293.6,   0,  GPS,  257.4, 109.70, 109.70, 118.575, 121.825,       ,       ,       ,      ,       ,       ,  -12.7,      0,  NONE,   NONE,      ,      ,   0.0,     3D, 3704,      ,       ,  96.0,       
2025-11-25, 22:09:17,  +00:00,       ,   41.0631294,  -73.7086182,   404.1, 30.11,   398.6,   9.8,   0.00,   0.00,   -0.11,  -0.21,   0.67,  -0.01,  -0.00,  27.4, 282.5,  28.0,  28.1, 205.01, 201.73,   776.24,   763.27,     0.16,   51.55,   -0.96,    9.50,    0.00,    0.00,    24.84,   59.62,    130.77,  446.00,    0.28,    0.54,   293.6,   0,  GPS,  257.4, 109.70, 109.70, 118.575, 121.825,       ,       ,       ,      ,       ,       ,  -12.7,      0,  NONE,   NONE,      ,      ,  -3.9,     3D, 3704,      ,       ,  96.0,       
2025-11-25, 22:09:18,  +00:00,       ,   41.0631294,  -73.7086105,   403.1, 30.11,   397.6,   9.8,   0.00,   0.00,   -0.07,  -0.22,   0.68,  -0.01,   0.00,  27.4, 282.5,  28.0,  28.1, 205.01, 201.73,   776.24,   763.27,     0.16,   51.55,   -0.96,    9.50,    0.00,    0.00,    24.77,   60.02,    129.69,  446.00,    0.28,    0.54,   292.6,   0,  GPS,  257.4, 109.70, 109.70, 118.575, 121.825,       ,       ,       ,      ,       ,       ,  -12.7,      0,  NONE,   NONE,      ,      ,   0.0,     3D, 3704,      ,       ,  96.0,       
2025-11-25, 22:09:19,  +00:00,       ,   41.0631294,  -73.7086105,   404.1, 30.11,   397.6,   9.8,   0.00,   0.00,   -0.04,  -0.22,   0.68,  -0.01,   0.00,  27.4, 282.5,  28.0,  28.1, 205.01, 201.73,   776.24,   763.27,     0.16,   51.55,   -0.96,    9.50,    0.00,    0.00,    24.78,   60.42,    128.57,  446.50,    0.28,    0.54,   292.6,   0,  GPS,  257.4, 109.70, 109.70, 118.575, 121.825,       ,       ,       ,      ,       ,       ,  -12.7,      0,  NONE,   NONE,      ,      ,   0.0,     3D, 3704,      ,       ,  96.0,       
2025-11-25, 22:09:20,  +00:00,       ,   41.0631294,  -73.7086105,   404.1, 30.11,   397.5,   9.8,   0.00,   0.00,   -0.02,  -0.23,   0.68,  -0.01,   0.00,  27.4, 282.5,  28.0,  28.1, 205.01, 201.73,   776.24,   763.27,     0.16,   51.55,   -0.96,    9.50,    0.00,    0.00,    24.74,   60.80,    127.49,  447.00,    0.28,    0.54,   292.5,   0,  GPS,  257.4, 109.70, 109.70, 118.575, 121.825,       ,       ,       ,      ,       ,       ,  -12.7,      0,  NONE,   NONE,      ,      ,   0.0,     3D, 3704,      ,       ,  96.0,       
2025-11-25, 22:09:21,  +00:00,       ,   41.0631294,  -73.7086105,   404.1, 30.11,   397.5,   9.8,   0.00,   0.00,   -0.01,  -0.23,   0.68,  -0.01,   0.00,  27.4, 282.5,  28.0,  28.1, 205.01, 201.73,   776.24,   763.27,     0.16,   51.55,   -0.96,    9.50,    0.00,    0.00,    24.74,   61.20,    126.53,  447.00,    0.28,    0.54,   292.5,   0,  GPS,  257.4, 109.70, 109.70, 118.575, 121.825,       ,       ,       ,      ,       ,       ,  -12.7,      0,  NONE,   NONE,      ,      ,   0.0,     3D, 3704,      ,       ,  96.0,       
2025-11-25, 22:09:22,  +00:00,       ,   41.0631294,  -73.7086105,   403.1, 30.11,   398.8,   9.8,   0.00,   0.00,   -0.01,  -0.24,   0.68,  -0.01,   0.00,  27.4, 282.5,  28.0,  28.1, 205.01, 201.73,   776.24,   763.27,     0.16,   51.55,   -0.96,    9.50,    0.00,    0.00,    24.69,   61.56,    125.65,  446.50,    0.28,    0.54,   293.8,   0,  GPS,  257.4, 109.70, 109.70, 118.575, 121.825,       ,       ,       ,      ,       ,       ,  -12.7,      0,  NONE,   NONE,      ,      ,   0.0,     3D, 3704,      ,       ,  96.0,       
2025-11-25, 22:09:23,  +00:00,       ,   41.0631294,  -73.7086105,   403.1, 30.11,   399.2,   9.8,   0.00,   0.00,   -0.00,  -0.24,   0.68,  -0.01,   0.00,  27.4, 282.5,  28.0,  28.1, 205.01, 201.73,   776.24,   763.27,     0.16,   51.55,   -0.96,    9.50,    0.00,    0.00,    24.57,   62.00,    124.66,  446.50,    0.28,    0.54,   294.2,   0,  GPS,  257.4, 109.70, 109.70, 118.575, 121.825,       ,       ,       ,      ,       ,       ,  -12.7,      0,  NONE,   NONE,      ,      ,   0.0,     3D, 3704,      ,       ,  96.0,       
2025-11-25, 22:09:24,  +00:00,       ,   41.0631294,  -73.7086105,   404.1, 30.11,   400.9,   9.8,   0.00,   0.00,   -0.00,  -0.24,   0.67,  -0.01,   0.00,  27.4, 282.5,  28.0,  28.1, 205.01, 201.73,   776.24,   763.27,     0.16,   51.55,   -0.96,    9.50,    0.00,    0.00,    24.50,   62.40,    123.71,  446.50,    0.27,    0.54,   295.9,   0,  GPS,  257.4, 109.70, 109.70, 118.575, 121.825,       ,       ,       ,      ,       ,       ,  -12.7,      0,  NONE,   NONE,      ,      ,   0.0,     3D, 3704,      ,       ,  96.0,       
2025-11-25, 22:09:25,  +00:00,       ,   41.0631294,  -73.7086105,   404.1, 30.11,   401.2,   9.8,   0.00,   0.00,   -0.00,  -0.24,   0.67,  -0.01,   0.00,  27.4, 282.5,  28.0,  28.1, 205.01, 201.73,   776.24,   763.27,     0.16,   51.55,   -0.96,    9.50,    0.00,    0.00,    24.40,   62.77,    122.81,  445.50,    0.27,    0.54,   296.2,   0,  GPS,  257.4, 109.70, 109.70, 118.575, 121.825,       ,       ,       ,      ,       ,       ,  -12.7,      0,  NONE,   NONE,      ,      ,   0.0,     3D, 3704,      ,       ,  96.0,       
2025-11-25, 22:09:26,  +00:00,       ,   41.0631294,  -73.7086105,   403.1, 30.11,   401.5,   9.8,   0.00,   0.00,   -0.00,  -0.24,   0.67,  -0.01,  -0.00,  27.4, 282.5,  28.0,  28.1, 205.01, 201.73,   776.24,   763.27,     0.16,   51.55,   -0.96,    9.50,    0.00,    0.00,    24.30,   63.19,    121.86,  444.50,    0.27,    0.54,   296.5,   0,  GPS,  257.4, 109.70, 109.70, 118.575, 121.825,       ,       ,       ,      ,       ,       ,  -12.7,      0,  NONE,   NONE,      ,      ,   0.0,     3D, 3704,      ,       ,  96.0,       
2025-11-25, 22:09:27,  +00:00,       ,   41.0631294,  -73.7086105,   403.1, 30.11,   401.7,   9.8,   0.00,   0.00,   -1.27,  -0.24,   0.66,  -0.01,   0.00,  27.4, 282.5,  28.0,  28.1, 205.01, 201.73,   776.24,   763.27,     0.16,   51.55,   -0.96,    9.50,    0.00,    0.00,    24.15,   63.63,    121.03,  443.50,    0.27,    0.54,   296.7,   0,  GPS,  257.4, 109.70, 109.70, 118.575, 121.825,       ,       ,       ,      ,       ,       ,  -12.7,      0,  NONE,   NONE,      ,      ,   0.0,     3D, 3704,      ,       ,  96.0,       
2025-11-25, 22:09:28,  +00:00,       ,   41.0631294,  -73.7086105,   403.1, 30.11,   400.5,   9.8,   0.00,   0.00,   -4.84,  -0.24,   0.66,  -0.01,   0.00,  27.4, 282.5,  28.0,  28.1, 205.01, 201.73,   776.24,   763.27,     0.16,   51.55,   -0.96,    9.50,    0.00,    0.00,    24.04,   63.99,    120.25,  442.00,    0.27,    0.54,   295.5,   0,  GPS,  257.4, 109.70, 109.70, 118.575, 121.825,       ,       ,       ,      ,       ,       ,  -12.7,      0,  NONE,   NONE,      ,      ,   0.0,     3D, 3704,      ,       ,  96.0,       
2025-11-25, 22:09:29,  +00:00,       ,   41.0631294,  -73.7086105,   403.1, 30.11,   400.1,   9.8,   0.00,   0.00,   -8.10,  -0.25,   0.66,  -0.01,   0.00,  27.4, 282.5,  28.0,  28.1, 205.01, 201.73,   776.24,   763.27,     0.16,   51.55,   -0.96,    9.50,    0.00,    0.00,    23.98,   64.43,    119.44,  440.50,    0.27,    0.54,   295.1,   0,  GPS,  257.4, 109.70, 109.70, 118.575, 121.825,       ,       ,       ,      ,       ,       ,  -12.7,      0,  NONE,   NONE,      ,      ,   0.0,     3D, 3704,      ,       ,  96.0,       
2025-11-25, 22:09:30,  +00:00,       ,   41.0631256,  -73.7086029,   403.1, 30.11,   397.9,   9.8,   0.00,   0.00,   -7.86,  -0.24,   0.65,  -0.01,   0.00,  27.4, 282.5,  28.0,  28.1, 205.01, 201.73,   776.24,   763.27,     0.16,   51.55,   -0.96,    9.50,    0.00,    0.00,    23.95,   64.84,    118.67,  440.00,    0.27,    0.54,   292.9,   0,  GPS,  257.4, 109.70, 109.70, 118.575, 121.825,       ,       ,       ,      ,       ,       ,  -12.7,      0,  NONE,   NONE,      ,      ,   0.0,     3D, 3704,      ,       ,  96.0,       
2025-11-25, 22:09:31,  +00:00,       ,   41.0631256,  -73.7086029,   403.1, 30.11,   397.6,   9.8,   0.00,   0.00,   -6.03,  -0.23,   0.66,  -0.01,   0.00,  27.4, 282.5,  28.0,  28.1, 205.01, 201.73,   776.24,   763.27,     0.16,   51.55,   -0.96,    9.50,    0.00,    0.00,    23.94,   65.24,    117.95,  439.00,    0.27,    0.54,   292.6,   0,  GPS,  257.4, 109.70, 109.70, 118.575, 121.825,       ,       ,       ,      ,       ,       ,  -12.7,      0,  NONE,   NONE,      ,      ,   0.0,     3D, 3704,      ,       ,  96.0,       
2025-11-25, 22:09:32,  +00:00,       ,   41.0631256,  -73.7086029,   403.1, 30.11,   397.1,   9.8,   0.00,   0.00,   -4.18,  -0.24,   0.65,  -0.01,  -0.00,  27.4, 282.5,  28.0,  28.1, 205.01, 201.73,   776.24,   763.27,     0.16,   51.55,   -0.96,    9.50,    0.00,    0.00,    23.95,   65.63,    117.18,  439.00,    0.27,    0.54,   292.1,   0,  GPS,  257.4, 109.70, 109.70, 118.575, 121.825,       ,       ,       ,      ,       ,       ,  -12.7,      0,  NONE,   NONE,      ,      ,   0.0,     3D, 3704,      ,       ,  96.0,       
2025-11-25, 22:09:33,  +00:00,       ,   41.0631256,  -73.7086029,   403.1, 30.11,   396.6,   9.8,   0.00,   0.00,   -2.73,  -0.24,   0.66,  -0.01,  -0.00,  27.4, 282.5,  28.0,  28.1, 205.01, 201.73,   776.24,   763.27,     0.16,   51.54,   -0.96,    9.50,    0.00,    0.00,    23.92,   65.99,    116.37,  439.00,    0.27,    0.54,   291.6,   0,  GPS,  257.4, 109.70, 109.70, 118.575, 121.825,       ,       ,       ,      ,       ,       ,  -12.7,      0,  NONE,   NONE,      ,      ,   0.0,     3D, 3704,      ,       ,  96.0,       
2025-11-25, 22:09:34,  +00:00,       ,   41.0631256,  -73.7086029,   403.1, 30.11,   397.7,   9.8,   0.00,   0.00,   -1.72,  -0.24,   0.66,  -0.01,   0.00,  27.4, 282.5,  28.0,  28.1, 205.01, 201.73,   776.24,   763.27,     0.16,   51.55,   -0.96,    9.50,    0.00,    0.00,    23.90,   66.37,    115.61,  439.00,    0.27,    0.54,   292.7,   0,  GPS,  257.4, 109.70, 109.70, 118.575, 121.825,       ,       ,       ,      ,       ,       ,  -12.7,      0,  NONE,   NONE,      ,      ,   0.0,     3D, 3704,      ,       ,  96.0,       
2025-11-25, 22:09:35,  +00:00,       ,   41.0631256,  -73.7086029,   403.1, 30.11,   397.8,   9.8,   0.00,   0.00,   -1.05,  -0.25,   0.66,  -0.01,   0.00,  27.4, 282.5,  28.0,  28.1, 205.01, 201.73,   776.24,   763.27,     0.16,   51.55,   -0.96,    9.50,    0.00,    0.00,    23.89,   66.75,    114.96,  438.50,    0.27,    0.54,   292.7,   0,  GPS,  257.4, 109.70, 109.70, 118.575, 121.825,       ,       ,       ,      ,       ,       ,  -12.7,      0,  NONE,   NONE,      ,      ,   0.0,     3D, 3704,      ,       ,  95.5,       
2025-11-25, 22:09:36,  +00:00,       ,   41.0631256,  -73.7086029,   403.1, 30.11,   400.0,   9.8,   0.00,   0.00,   -2.37,  -0.25,   0.67,  -0.01,   0.00,  27.4, 282.5,  28.0,  28.1, 205.01, 201.73,   776.24,   763.27,     0.16,   51.55,   -0.96,    9.50,    0.00,    0.00,    23.86,   67.16,    114.27,  438.50,    0.27,    0.54,   295.0,   0,  GPS,  257.4, 109.70, 109.70, 118.575, 121.825,       ,       ,       ,      ,       ,       ,  -12.7,      0,  NONE,   NONE,      ,      ,   0.0,     3D, 3704,      ,       ,  95.5,       
2025-11-25, 22:09:37,  +00:00,       ,   41.0631256,  -73.7086029,   403.1, 30.11,   400.2,   9.8,   0.00,   0.00,   -4.03,  -0.25,   0.67,  -0.01,   0.00,  27.4, 282.5,  28.0,  28.1, 205.01, 201.73,   776.24,   763.27,     0.16,   51.55,   -0.96,    9.50,    0.00,    0.00,    23.85,   67.50,    113.60,  438.50,    0.27,    0.54,   295.2,   0,  GPS,  257.4, 109.70, 109.70, 118.575, 121.825,       ,       ,       ,      ,       ,       ,  -12.7,      0,  NONE,   NONE,      ,      ,   0.0,     3D, 3704,      ,       ,  95.5,       
2025-11-25, 22:09:38,  +00:00,       ,   41.0631256,  -73.7086029,   403.1, 30.11,   400.4,   9.8,   0.00,   0.00,   -3.60,  -0.24,   0.67,  -0.01,  -0.00,  27.4, 282.5,  28.0,  28.1, 205.01, 201.73,   776.24,   763.27,     0.16,   51.55,   -0.96,    9.50,    0.00,    0.00,    23.83,   67.86,    112.89,  438.50,    0.27,    0.54,   295.4,   0,  GPS,  257.4, 109.70, 109.70, 118.575, 121.825,       ,       ,       ,      ,       ,       ,  -12.7,      0,  NONE,   NONE,      ,      ,   0.0,     3D, 3704,      ,       ,  95.5,       
2025-11-25, 22:09:39,  +00:00,       ,   41.0631256,  -73.7086029,   402.1, 30.11,   400.6,   9.8,   0.00,   0.00,   -2.68,  -0.23,   0.67,  -0.01,   0.00,  27.4, 282.5,  28.0,  28.1, 205.01, 201.73,   776.24,   763.27,     0.16,   51.55,   -0.96,    9.50,    0.00,    0.00,    23.82,   68.18,    112.24,  439.00,    0.27,    0.54,   295.6,   0,  GPS,  257.4, 109.70, 109.70, 118.575, 121.825,       ,       ,       ,      ,       ,       ,  -12.7,      0,  NONE,   NONE,      ,      ,   0.0,     3D, 3704,      ,       ,  95.5,       
2025-11-25, 22:09:40,  +00:00,       ,   41.0631294,  -73.7086029,   403.1, 30.11,   399.4,   9.8,   0.00,   0.00,   -3.41,  -0.23,   0.67,  -0.01,   0.00,  27.4, 282.5,  28.0,  28.1, 205.01, 201.73,   776.24,   763.27,     0.16,   51.55,   -0.96,    9.50,    0.00,    0.00,    23.84,   68.56,    111.61,  438.50,    0.27,    0.54,   294.4,   0,  GPS,  257.4, 109.70, 109.70, 118.575, 121.825,       ,       ,       ,      ,       ,       ,  -12.7,      0,  NONE,   NONE,      ,      ,   0.0,     3D, 3704,      ,       ,  95.5,       
2025-11-25, 22:09:41,  +00:00,       ,   41.0631294,  -73.7086029,   403.1, 30.11,   399.0,   9.8,   0.00,   0.00,   -3.23,  -0.23,   0.67,  -0.01,   0.00,  27.4, 282.5,  28.0,  28.1, 205.01, 201.73,   776.24,   763.27,     0.16,   51.55,   -0.96,    9.50,    0.00,    0.00,    23.80,   68.91,    110.99,  438.50,    0.27,    0.54,   294.0,   0,  GPS,  257.4, 109.70, 109.70, 118.575, 121.825,       ,       ,       ,      ,       ,       ,  -12.7,      0,  NONE,   NONE,      ,      ,   0.0,     3D, 3704,      ,       ,  95.5,       
2025-11-25, 22:09:42,  +00:00,       ,   41.0631294,  -73.7086029,   403.1, 30.11,   397.0,   9.8,   0.00,   0.00,   -1.74,  -0.23,   0.67,  -0.01,   0.00,  27.4, 282.5,  28.0,  28.1, 205.01, 201.73,   776.24,   763.27,     0.16,   51.55,   -0.96,    9.50,    0.00,    0.00,    23.81,   69.22,    110.36,  439.00,    0.27,    0.54,   292.0,   0,  GPS,  257.4, 109.70, 109.70, 118.575, 121.825,       ,       ,       ,      ,       ,       ,  -12.7,      0,  NONE,   NONE,      ,      ,   0.0,     3D, 3704,      ,       ,  95.5,       
2025-11-25, 22:09:43,  +00:00,       ,   41.0631294,  -73.7086029,   403.1, 30.11,   396.8,   9.5,   0.00,   0.00,    1.26,  -0.22,   0.66,  -0.01,   0.00,  27.4, 282.5,  28.0,  28.1, 205.01, 201.73,   776.24,   763.27,     0.16,   51.55,   -0.96,    9.50,    0.00,    0.00,    23.81,   69.60,    109.89,  438.50,    0.27,    0.54,   291.8,   0,  GPS,  257.4, 109.70, 109.70, 118.575, 121.825,       ,       ,       ,      ,       ,       ,  -12.7,      0,  NONE,   NONE,      ,      ,   0.0,     3D, 3704,      ,       ,  95.5,       
2025-11-25, 22:09:44,  +00:00,       ,   41.0631294,  -73.7086029,   403.1, 30.11,   396.3,   9.5,   0.00,   0.00,    1.93,  -0.25,   0.64,  -0.01,   0.00,  27.4, 282.5,  28.0,  28.1, 205.01, 201.73,   776.24,   763.27,     0.16,   51.55,   -0.96,    9.50,    0.00,    0.00,    23.78,   69.93,    109.25,  438.50,    0.27,    0.54,   291.3,   0,  GPS,  257.4, 109.70, 109.70, 118.575, 121.825,       ,       ,       ,      ,       ,       ,  -12.7,      0,  NONE,   NONE,      ,      ,   0.0,     3D, 3704,      ,       ,  95.5,       
2025-11-25, 22:09:45,  +00:00,       ,   41.0631294,  -73.7086029,   403.1, 30.11,   396.0,   9.5,   0.00,   0.00,    1.68,  -0.23,   0.67,  -0.01,   0.00,  27.4, 282.5,  28.0,  28.1, 205.01, 201.73,   776.24,   763.27,     0.16,   51.55,   -0.96,    9.50,    0.00,    0.00,    23.78,   70.25,    108.68,  438.50,    0.27,    0.54,   291.0,   0,  GPS,  257.4, 109.70, 109.70, 118.575, 121.825,       ,       ,       ,      ,       ,       ,  -12.7,      0,  NONE,   NONE,      ,      ,   0.0,     3D, 3704,      ,       ,  95.5,       
2025-11-25, 22:09:46,  +00:00,       ,   41.0631294,  -73.7086029,   403.1, 30.11,   397.7,   9.5,   0.00,   0.00,    1.24,  -0.23,   0.67,  -0.01,  -0.00,  27.4, 282.5,  28.1,  28.1, 205.01, 201.73,   776.24,   763.27,     0.16,   51.55,   -0.96,    9.50,    0.00,    0.00,    23.75,   70.57,    108.10,  439.00,    0.27,    0.54,   292.7,   0,  GPS,  257.4, 109.70, 109.70, 118.575, 121.825,       ,       ,       ,      ,       ,       ,  -12.7,      0,  NONE,   NONE,      ,      ,   0.0,     3D, 3704,      ,       ,  95.5,       
2025-11-25, 22:09:47,  +00:00,       ,   41.0631294,  -73.7086029,   403.1, 30.11,   397.8,   9.5,   0.00,   0.00,    0.84,  -0.24,   0.68,  -0.01,   0.00,  27.4, 282.5,  28.1,  28.2, 205.01, 201.73,   776.24,   763.27,     0.16,   51.55,   -0.96,    9.50,    0.00,    0.00,    23.73,   70.86,    107.55,  438.50,    0.27,    0.54,   292.7,   0,  GPS,  257.4, 109.70, 109.70, 118.575, 121.825,       ,       ,       ,      ,       ,       ,  -12.7,      0,  NONE,   NONE,      ,      ,   0.0,     3D, 3704,      ,       ,  95.5,       
2025-11-25, 22:09:48,  +00:00,       ,   41.0631294,  -73.7086029,   403.1, 30.11,   399.2,   9.5,   0.00,   0.00,    0.54,  -0.23,   0.68,  -0.01,   0.00,  27.4, 282.5,  28.1,  28.2, 205.01, 201.73,   776.24,   763.27,     0.16,   51.55,   -0.96,    9.50,    0.00,    0.00,    23.72,   71.21,    107.08,  438.00,    0.27,    0.54,   294.2,   0,  GPS,  257.4, 109.70, 109.70, 118.575, 121.825,       ,       ,       ,      ,       ,       ,  -12.7,      0,  NONE,   NONE,      ,      ,  -3.9,     3D, 3704,      ,       ,  95.5,       
2025-11-25, 22:09:49,  +00:00,       ,   41.0631294,  -73.7086029,   403.1, 30.11,   399.4,   9.5,   0.00,   0.00,    0.34,  -0.24,   0.68,  -0.01,   0.00,  27.4, 282.5,  28.1,  28.2, 205.01, 201.73,   776.24,   763.27,     0.16,   51.55,   -0.96,    9.50,    0.00,    0.00,    23.71,   71.53,    106.57,  438.00,    0.27,    0.54,   294.4,   0,  GPS,  257.4, 109.70, 109.70, 118.575, 121.825,       ,       ,       ,      ,       ,       ,  -12.7,      0,  NONE,   NONE,      ,      ,   0.0,     3D, 3704,      ,       ,  95.5,       
2025-11-25, 22:09:50,  +00:00,       ,   41.0631294,  -73.7086029,   403.1, 30.11,   399.5,   9.5,   0.00,   0.00,    0.20,  -0.24,   0.68,  -0.01,   0.00,  27.4, 282.5,  28.1,  28.2, 205.01, 201.73,   776.24,   763.27,     0.16,   51.55,   -0.96,    9.50,    0.00,    0.00,    23.70,   71.85,    105.99,  438.50,    0.27,    0.54,   294.5,   0,  GPS,  257.4, 109.70, 109.70, 118.575, 121.825,       ,       ,       ,      ,       ,       ,  -12.7,      0,  NONE,   NONE,      ,      ,   0.0,     3D, 3704,      ,       ,  95.5,       
2025-11-25, 22:09:51,  +00:00,       ,   41.0631294,  -73.7086029,   403.1, 30.11,   399.7,   9.5,   0.00,   0.00,    0.12,  -0.24,   0.68,  -0.01,   0.00,  27.4, 282.5,  28.1,  28.2, 205.01, 201.73,   776.24,   763.27,     0.16,   51.55,   -0.96,    9.50,    0.00,    0.00,    23.68,   72.16,    105.52,  438.50,    0.27,    0.54,   294.7,   0,  GPS,  257.4, 109.70, 109.70, 118.575, 121.825,       ,       ,       ,      ,       ,       ,  -12.7,      0,  NONE,   NONE,      ,      ,   0.0,     3D, 3704,      ,       ,  95.5,       
2025-11-25, 22:09:52,  +00:00,       ,   41.0631294,  -73.7086029,   403.1, 30.11,   398.0,   9.5,   0.00,   0.00,    0.07,  -0.24,   0.68,  -0.01,   0.00,  27.4, 282.5,  28.1,  28.2, 205.01, 201.73,   776.24,   763.27,     0.16,   51.55,   -0.96,    9.50,    0.00,    0.00,    23.70,   72.47,    105.12,  439.00,    0.27,    0.54,   293.0,   0,  GPS,  257.4, 109.70, 109.70, 118.575, 121.825,       ,       ,       ,      ,       ,       ,  -12.7,      0,  NONE,   NONE,      ,      ,   0.0,     3D, 3704,      ,       ,  95.5,       
2025-11-25, 22:09:53,  +00:00,       ,   41.0631371,  -73.7086029,   403.1, 30.11,   397.8,   9.5,   0.00,   0.00,    0.04,  -0.24,   0.68,  -0.01,   0.00,  27.4, 282.5,  28.1,  28.2, 205.01, 201.73,   776.24,   763.27,     0.16,   51.55,   -0.96,    9.50,    0.00,    0.00,    23.78,   72.76,    104.66,  440.00,    0.27,    0.54,   292.8,   0,  GPS,  257.4, 109.70, 109.70, 118.575, 121.825,       ,       ,       ,      ,       ,       ,  -12.7,      0,  NONE,   NONE,      ,      ,   0.0,     3D, 3704,      ,       ,  95.5,       
2025-11-25, 22:09:54,  +00:00,       ,   41.0631294,  -73.7086029,   403.1, 30.11,   396.3,   9.5,   0.00,   0.00,    0.02,  -0.23,   0.68,  -0.01,  -0.00,  27.4, 282.5,  28.1,  28.2, 205.01, 201.73,   776.24,   763.27,     0.16,   51.55,   -0.96,    9.50,    0.00,    0.00,    23.85,   73.06,    104.17,  440.50,    0.27,    0.54,   291.3,   0,  GPS,  257.4, 109.70, 109.70, 118.575, 121.825,       ,       ,       ,      ,       ,       ,  -12.7,      0,  NONE,   NONE,      ,      ,  -3.9,     3D, 3704,      ,       ,  95.5,       
2025-11-25, 22:09:55,  +00:00,       ,   41.0631371,  -73.7086029,   403.1, 30.11,   396.0,   9.5,   0.00,   0.00,    0.01,  -0.23,   0.69,  -0.01,  -0.00,  27.4, 282.5,  28.1,  28.2, 205.01, 201.73,   776.24,   763.27,     0.16,   51.55,   -0.96,    9.50,    0.00,    0.00,    23.92,   73.36,    103.73,  442.50,    0.27,    0.54,   291.0,   0,  GPS,  257.4, 109.70, 109.70, 118.575, 121.825,       ,       ,       ,      ,       ,       ,  -12.7,      0,  NONE,   NONE,      ,      ,   0.0,     3D, 3704,      ,       ,  95.5,       
2025-11-25, 22:09:56,  +00:00,  BAYYS,   41.0631371,  -73.7086029,   403.1, 30.11,   395.7,   9.5,   0.00,   0.00,    0.01,  -0.23,   0.69,  -0.01,   0.00,  27.4, 282.5,  28.1,  28.2, 205.01, 201.73,   776.24,   763.27,     0.16,   51.55,   -0.96,    9.50,    0.00,    0.00,    24.02,   73.65,    103.26,  444.50,    0.27,    0.54,   290.6,   0,  GPS,   80.7, 109.70, 109.70, 118.575, 121.825, -0.194,       ,       ,      ,   36.1,   80.4,  -12.7,      0,  NONE,   NONE,      ,      ,   0.0,     3D, 1852,      ,       ,  95.5,       
2025-11-25, 22:09:57,  +00:00,  BAYYS,   41.0631371,  -73.7086029,   403.1, 30.11,   395.4,   9.5,   0.00,   0.00,   -1.12,  -0.23,   0.69,  -0.01,   0.00,  27.4, 282.5,  28.1,  28.2, 205.01, 201.73,   776.24,   763.27,     0.16,   51.55,   -0.96,    9.50,    0.00,    0.00,    24.08,   73.92,    102.82,  445.50,    0.27,    0.54,   290.4,   0,  GPS,   80.7, 109.70, 109.70, 118.575, 121.825, -0.194,       ,       ,      ,   36.1,   80.4,  -12.7,      0,  NONE,   NONE,      ,      ,   0.0,     3D, 1852,      ,       ,  95.5,       
2025-11-25, 22:09:58,  +00:00,  BAYYS,   41.0631371,  -73.7086029,   403.1, 30.11,   397.0,   9.5,   0.00,   0.00,   -1.87,  -0.23,   0.69,  -0.01,   0.00,  27.4, 282.5,  28.1,  28.2, 205.01, 201.73,   776.24,   763.27,     0.16,   51.55,   -0.96,    9.50,    0.00,    0.00,    24.12,   74.19,    102.41,  447.50,    0.27,    0.54,   292.0,   0,  GPS,   80.7, 109.70, 109.70, 118.575, 121.825, -0.194,       ,       ,      ,   36.1,   80.4,  -12.7,      0,  NONE,   NONE,      ,      ,   0.0,     3D, 1852,      ,       ,  95.5,       
2025-11-25, 22:09:59,  +00:00,  BAYYS,   41.0631371,  -73.7085953,   403.1, 30.11,   397.3,   9.5,   0.00,   0.00,   -1.66,  -0.23,   0.68,  -0.01,   0.00,  27.4, 282.5,  28.1,  28.2, 205.01, 201.73,   776.24,   763.27,     0.16,   51.55,   -0.96,    9.50,    0.00,    0.00,    24.13,   74.45,    102.00,  448.00,    0.27,    0.54,   292.3,   0,  GPS,   80.7, 109.70, 109.70, 118.575, 121.825, -0.195,       ,       ,      ,   36.1,   80.4,  -12.7,      0,  NONE,   NONE,      ,      ,   3.9,     3D, 1852,      ,       ,  95.5,       
2025-11-25, 22:10:00,  +00:00,  BAYYS,   41.0631371,  -73.7086029,   403.1, 30.11,   399.1,   9.5,   0.00,   0.00,   -1.23,  -0.22,   0.69,  -0.01,   0.00,  27.4, 282.5,  28.1,  28.2, 205.01, 201.73,   776.24,   763.27,     0.16,   51.55,   -0.96,    9.50,    0.00,    0.00,    24.13,   74.72,    101.64,  448.00,    0.27,    0.54,   294.1,   0,  GPS,   80.7, 109.70, 109.70, 118.575, 121.825, -0.194,       ,       ,      ,   36.1,   80.4,  -12.7,      0,  NONE,   NONE,      ,      ,   0.0,     3D, 1852,      ,       ,  95.5,       
2025-11-25, 22:10:01,  +00:00,  BAYYS,   41.0631371,  -73.7086029,   403.1, 30.11,   399.4,   9.5,   0.00,   0.00,   -0.84,  -0.22,   0.69,  -0.01,  -0.00,  27.4, 282.5,  28.1,  28.2, 205.01, 201.73,   776.24,   763.27,     0.16,   51.55,   -0.96,    9.50,    0.00,    0.00,    24.13,   74.99,    101.25,  448.00,    0.27,    0.54,   294.4,   0,  GPS,   80.7, 109.70, 109.70, 118.575, 121.825, -0.194,       ,       ,      ,   36.1,   80.4,  -12.7,      0,  NONE,   NONE,      ,      ,   0.0,     3D, 1852,      ,       ,  95.5,       
2025-11-25, 22:10:02,  +00:00,  BAYYS,   41.0631371,  -73.7086029,   403.1, 30.11,   399.7,   9.5,   0.00,   0.00,   -0.54,  -0.22,   0.69,  -0.01,  -0.00,  27.4, 282.5,  28.1,  28.2, 205.01, 201.73,   776.24,   763.27,     0.16,   51.55,   -0.96,    9.50,    0.00,    0.00,    24.12,   75.25,    100.85,  449.00,    0.27,    0.54,   294.7,   0,  GPS,   80.7, 109.70, 109.70, 118.575, 121.825, -0.194,       ,       ,      ,   36.1,   80.4,  -12.7,      0,  NONE,   NONE,      ,      ,   0.0,     3D, 1852,      ,       ,  95.5,       
2025-11-25, 22:10:03,  +00:00,  BAYYS,   41.0631371,  -73.7086029,   403.1, 30.11,   399.9,   9.5,   0.00,   0.00,   -0.34,  -0.22,   0.69,  -0.01,   0.00,  27.4, 282.5,  28.1,  28.2, 205.01, 201.73,   776.24,   763.27,     0.16,   51.55,   -0.96,    9.50,    0.00,    0.00,    24.11,   75.51,    100.43,  449.50,    0.27,    0.54,   294.9,   0,  GPS,   80.7, 109.70, 109.70, 118.575, 121.825, -0.194,       ,       ,      ,   36.1,   80.4,  -12.7,      0,  NONE,   NONE,      ,      ,   0.0,     3D, 1852,      ,       ,  95.5,       
2025-11-25, 22:10:04,  +00:00,  BAYYS,   41.0631371,  -73.7086029,   403.1, 30.11,   398.3,   9.5,   0.00,   0.00,   -0.21,  -0.21,   0.69,  -0.01,   0.00,  27.4, 282.5,  28.1,  28.2, 205.01, 201.73,   776.24,   763.27,     0.16,   51.55,   -0.96,    9.50,    0.00,    0.00,    24.12,   75.75,    100.02,  449.50,    0.27,    0.54,   293.3,   0,  GPS,   80.7, 109.70, 109.70, 118.575, 121.825, -0.194,       ,       ,      ,   36.1,   80.4,  -12.7,      0,  NONE,   NONE,      ,      ,   0.0,     3D, 1852,      ,       ,  95.5,       
2025-11-25, 22:10:05,  +00:00,  BAYYS,   41.0631371,  -73.7086029,   403.1, 30.11,   398.0,   9.5,   0.00,   0.00,   -0.12,  -0.21,   0.69,  -0.01,   0.00,  27.4, 282.5,  28.1,  28.2, 205.01, 201.73,   776.24,   763.27,     0.16,   51.55,   -0.96,    9.50,    0.00,    0.00,    24.08,   76.00,     99.69,  449.50,    0.27,    0.54,   293.0,   0,  GPS,   80.7, 109.70, 109.70, 118.575, 121.825, -0.194,       ,       ,      ,   36.1,   80.4,  -12.7,      0,  NONE,   NONE,      ,      ,   0.0,     3D, 1852,      ,       ,  95.5,       
2025-11-25, 22:10:06,  +00:00,  BAYYS,   41.0631294,  -73.7085953,   403.1, 30.11,   396.1,   9.5,   0.00,   0.00,   -0.07,  -0.21,   0.69,  -0.01,   0.00,  27.4, 282.5,  28.1,  28.2, 205.01, 201.73,   776.24,   763.27,     0.16,   51.55,   -0.96,    9.50,    0.00,    0.00,    24.07,   76.25,     99.33,  449.50,    0.27,    0.54,   291.1,   0,  GPS,   80.7, 109.70, 109.70, 118.575, 121.825, -0.195,       ,       ,      ,   36.1,   80.4,  -12.7,      0,  NONE,   NONE,      ,      ,   3.9,     3D, 1852,      ,       ,  95.5,       
2025-11-25, 22:10:07,  +00:00,  BAYYS,   41.0631294,  -73.7085953,   403.1, 30.11,   395.8,   9.5,   0.00,   0.00,   -0.04,  -0.22,   0.70,  -0.01,   0.00,  27.4, 282.5,  28.1,  28.2, 205.01, 201.73,   776.24,   763.27,     0.16,   51.55,   -0.96,    9.50,    0.00,    0.00,    24.06,   76.49,     98.97,  450.00,    0.27,    0.54,   290.8,   0,  GPS,   80.7, 109.70, 109.70, 118.575, 121.825, -0.195,       ,       ,      ,   36.1,   80.4,  -12.7,      0,  NONE,   NONE,      ,      ,   0.0,     3D, 1852,      ,       ,  95.5,       
2025-11-25, 22:10:08,  +00:00,  BAYYS,   41.0631294,  -73.7085953,   403.1, 30.11,   395.6,   9.5,   0.00,   0.00,   -0.02,  -0.21,   0.71,  -0.01,   0.00,  27.4, 282.5,  28.1,  28.2, 205.01, 201.73,   776.24,   763.27,     0.16,   51.55,   -0.96,    9.50,    0.00,    0.00,    24.06,   76.72,     98.64,  450.00,    0.27,    0.54,   290.6,   0,  GPS,   80.7, 109.70, 109.70, 118.575, 121.825, -0.195,       ,       ,      ,   36.1,   80.4,  -12.7,      0,  NONE,   NONE,      ,      ,   0.0,     3D, 1852,      ,       ,  95.5,       
2025-11-25, 22:10:09,  +00:00,  BAYYS,   41.0631294,  -73.7085953,   403.1, 30.11,   395.3,   9.5,   0.00,   0.00,   -0.01,  -0.21,   0.73,  -0.01,   0.00,  27.4, 282.5,  28.1,  28.2, 205.01, 201.73,   776.24,   763.27,     0.16,   51.55,   -0.96,    9.50,    0.00,    0.00,    24.06,   76.97,     98.19,  450.50,    0.27,    0.54,   290.3,   0,  GPS,   80.7, 109.70, 109.70, 118.575, 121.825, -0.195,       ,       ,      ,   36.1,   80.4,  -12.7,      0,  NONE,   NONE,      ,      ,   0.0,     3D, 1852,      ,       ,  95.5,       
2025-11-25, 22:10:10,  +00:00,  BAYYS,   41.0631294,  -73.7085953,   403.1, 30.11,   396.8,   9.5,   0.00,   0.00,   -0.01,  -0.21,   0.73,  -0.01,   0.00,  27.4, 282.5,  28.1,  28.2, 205.01, 201.73,   776.24,   763.27,     0.16,   51.55,   -0.96,    9.50,    0.00,    0.00,    24.07,   77.22,     97.84,  450.00,    0.27,    0.54,   291.8,   0,  GPS,   80.7, 109.70, 109.70, 118.575, 121.825, -0.195,       ,       ,      ,   36.1,   80.4,  -12.7,      0,  NONE,   NONE,      ,      ,   0.0,     3D, 1852,      ,       ,  95.5,       
2025-11-25, 22:10:11,  +00:00,  BAYYS,   41.0631294,  -73.7085953,   403.1, 30.11,   397.0,   9.5,   0.00,   0.00,   -0.00,  -0.20,   0.73,  -0.01,   0.00,  27.4, 282.5,  28.1,  28.2, 205.01, 201.73,   776.24,   763.27,     0.16,   51.55,   -0.96,    9.50,    0.00,    0.00,    24.03,   77.46,     97.46,  450.00,    0.27,    0.54,   292.0,   0,  GPS,   80.7, 109.70, 109.70, 118.575, 121.825, -0.195,       ,       ,      ,   36.1,   80.4,  -12.7,      0,  NONE,   NONE,      ,      ,   0.0,     3D, 1852,      ,       ,  95.5,       
2025-11-25, 22:10:12,  +00:00,   800€,   41.0631294,  -73.7085953,   403.1, 30.11,   398.5,   9.5,   0.00,   0.00,   -0.00,  -0.20,   0.73,  -0.01,   0.00,  27.4, 282.5,  28.1,  28.2, 205.01, 201.73,   776.24,   763.27,     0.16,   51.55,   -0.96,    9.50,    0.00,    0.00,    24.02,   77.70,     97.12,  450.50,    0.27,    0.54,   293.5,   0,  GPS,  163.0, 109.70, 109.70, 118.575, 121.825, 6887.837,       ,       ,      ,    1.1,       ,  -12.7,      0,  NONE,   NONE,      ,      ,   0.0,     3D, 1852,      ,       ,  95.5,       
2025-11-25, 22:10:13,  +00:00,   800€,   41.0631294,  -73.7085953,   403.1, 30.11,   398.7,   9.5,   0.00,   0.00,   -0.00,  -0.19,   0.71,  -0.01,   0.00,  27.4, 282.5,  28.1,  28.2, 205.01, 201.73,   776.24,   763.27,     0.16,   51.55,   -0.96,    9.50,    0.00,    0.00,    24.02,   77.94,     96.86,  450.50,    0.27,    0.54,   293.7,   0,  GPS,  163.0, 109.70, 109.70, 118.575, 121.825, 6887.837,       ,       ,      ,    1.1,       ,  -12.7,      0,  NONE,   NONE,      ,      ,   0.0,     3D, 1852,      ,       ,  95.5,       
2025-11-25, 22:10:14,  +00:00,   800€,   41.0631294,  -73.7085953,   403.1, 30.11,   398.9,   9.5,   0.00,   0.00,   -0.00,  -0.19,   0.71,  -0.01,   0.00,  27.4, 282.5,  28.1,  28.2, 205.01, 201.73,   776.24,   763.27,     0.16,   51.55,   -0.96,    9.50,    0.00,    0.00,    23.98,   78.16,     96.55,  450.00,    0.27,    0.54,   293.9,   0,  GPS,  163.0, 109.70, 109.70, 118.575, 121.825, 6887.837,       ,       ,      ,    1.1,       ,  -12.7,      0,  NONE,   NONE,      ,      ,  -3.9,     3D, 1852,      ,       ,  95.5,       
2025-11-25, 22:10:15,  +00:00,   800€,   41.0631294,  -73.7085953,   403.1, 30.11,   399.2,   9.5,   0.00,   0.00,   -0.00,  -0.20,   0.71,  -0.01,   0.00,  27.4, 282.5,  28.1,  28.2, 205.01, 201.73,   776.24,   763.27,     0.16,   51.55,   -0.96,    9.50,    0.00,    0.00,    23.98,   78.40,     96.12,  450.00,    0.27,    0.54,   294.2,   0,  GPS,  163.0, 109.70, 109.70, 118.575, 121.825, 6887.837,       ,       ,      ,    1.1,       ,  -12.7,      0,  NONE,   NONE,      ,      ,   0.0,     3D, 1852,      ,       ,  95.5,       
2025-11-25, 22:10:16,  +00:00,   800€,   41.0631294,  -73.7085953,   403.1, 30.11,   397.5,   9.5,   0.00,   0.00,   -0.00,  -0.20,   0.73,  -0.01,   0.00,  27.4, 282.5,  28.1,  28.2, 205.01, 201.73,   776.24,   763.27,     0.16,   51.55,   -0.96,    9.50,    0.00,    0.00,    23.98,   78.62,     95.74,  450.50,    0.27,    0.54,   292.5,   0,  GPS,  163.0, 109.70, 109.70, 118.575, 121.825, 6887.837,       ,       ,      ,    1.1,       ,  -12.7,      0,  NONE,   NONE,      ,      ,   0.0,     3D, 1852,      ,       ,  95.5,       
2025-11-25, 22:10:17,  +00:00,   800€,   41.0631294,  -73.7085953,   403.1, 30.11,   397.2,   9.8,   0.00,   0.00,   -0.00,  -0.20,   0.73,  -0.01,   0.00,  27.4, 282.5,  28.1,  28.2, 205.01, 201.73,   776.24,   763.27,     0.16,   51.55,   -0.96,    9.50,    0.00,    0.00,    24.00,   78.88,     95.45,  450.50,    0.27,    0.54,   292.2,   0,  GPS,  163.0, 109.70, 109.70, 118.575, 121.825, 6887.837,       ,       ,      ,    1.1,       ,  -12.7,      0,  NONE,   NONE,      ,      ,   0.0,     3D, 1852,      ,       ,  95.5,       
2025-11-25, 22:10:18,  +00:00,   800€,   41.0631294,  -73.7085953,   402.1, 30.11,   395.6,   9.8,   0.00,   0.00,   -0.00,  -0.19,   0.73,  -0.01,   0.00,  27.4, 282.5,  28.1,  28.2, 205.01, 201.73,   776.24,   763.27,     0.16,   51.55,   -0.96,    9.50,    0.00,    0.00,    23.99,   79.09,     95.15,  450.50,    0.27,    0.54,   290.6,   0,  GPS,  163.0, 109.70, 109.70, 118.575, 121.825, 6887.837,       ,       ,      ,    1.1,       ,  -12.7,      0,  NONE,   NONE,      ,      ,   0.0,     3D, 1852,      ,       ,  95.5,       
2025-11-25, 22:10:19,  +00:00,   800€,   41.0631294,  -73.7085953,   403.1, 30.11,   395.3,   9.5,   0.00,   0.00,   -0.00,  -0.19,   0.73,  -0.01,   0.00,  27.4, 282.5,  28.1,  28.2, 205.01, 201.73,   776.24,   763.27,     0.16,   51.55,   -0.96,    9.50,    0.00,    0.00,    23.95,   79.34,     94.83,  451.00,    0.27,    0.54,   290.3,   0,  GPS,  163.0, 109.70, 109.70, 118.575, 121.825, 6887.837,       ,       ,      ,    1.1,       ,  -12.7,      0,  NONE,   NONE,      ,      ,   0.0,     3D, 1852,      ,       ,  95.5,       
2025-11-25, 22:10:20,  +00:00,   800€,   41.0631294,  -73.7085953,   403.1, 30.11,   395.1,   9.5,   0.00,   0.00,   -0.00,  -0.19,   0.73,  -0.01,   0.00,  27.4, 282.5,  28.1,  28.2, 205.01, 201.73,   776.24,   763.27,     0.16,   51.55,   -0.96,    9.50,    0.00,    0.00,    23.94,   79.55,     94.55,  451.00,    0.27,    0.54,   290.1,   0,  GPS,  163.0, 109.70, 109.70, 118.575, 121.825, 6887.837,       ,       ,      ,    1.1,       ,  -12.7,      0,  NONE,   NONE,      ,      ,   0.0,     3D, 1852,      ,       ,  95.5,       
2025-11-25, 22:10:21,  +00:00,   800€,   41.0631294,  -73.7085953,   403.1, 30.11,   394.9,   9.5,   0.00,   0.00,   -0.00,  -0.19,   0.73,  -0.01,  -0.00,  27.4, 282.5,  28.1,  28.2, 205.01, 201.73,   776.24,   763.27,     0.16,   51.55,   -0.96,    9.50,    0.00,    0.00,    23.93,   79.78,     94.24,  451.00,    0.27,    0.54,   289.9,   0,  GPS,  163.0, 109.70, 109.70, 118.575, 121.825, 6887.837,       ,       ,      ,    1.1,       ,  -12.7,      0,  NONE,   NONE,      ,      ,   0.0,     3D, 1852,      ,       ,  95.5,       
2025-11-25, 22:10:22,  +00:00,   800€,   41.0631294,  -73.7085953,   403.1, 30.11,   396.6,   9.5,   0.00,   0.00,   -0.00,  -0.19,   0.73,  -0.01,   0.00,  27.4, 282.5,  28.1,  28.2, 205.01, 201.73,   776.24,   763.27,     0.16,   51.55,   -0.96,    9.50,    0.00,    0.00,    23.93,   80.02,     93.90,  450.50,    0.27,    0.54,   291.6,   0,  GPS,  163.0, 109.70, 109.70, 118.575, 121.825, 6887.837,       ,       ,      ,    1.1,       ,  -12.7,      0,  NONE,   NONE,      ,      ,   0.0,     3D, 1852,      ,       ,  95.5,       
2025-11-25, 22:10:23,  +00:00,   800€,   41.0631294,  -73.7085953,   403.1, 30.11,   396.9,   9.5,   0.00,   0.00,   -0.00,  -0.19,   0.73,  -0.01,   0.00,  27.4, 282.5,  28.1,  28.2, 205.01, 201.73,   776.24,   763.27,     0.16,   51.55,   -0.96,    9.50,    0.00,    0.00,    23.85,   80.28,     93.60,  450.00,    0.27,    0.54,   291.9,   0,  GPS,  163.0, 109.70, 109.70, 118.575, 121.825, 6887.837,       ,       ,      ,    1.1,       ,  -12.7,      0,  NONE,   NONE,      ,      ,   0.0,     3D, 1852,      ,       ,  95.5,       
2025-11-25, 22:10:24,  +00:00,   800€,   41.0631294,  -73.7085953,   403.1, 30.11,   398.9,   9.5,   0.00,   0.00,   -0.00,  -0.18,   0.73,  -0.01,   0.00,  27.4, 282.5,  28.1,  28.2, 205.01, 201.73,   776.24,   763.27,     0.16,   51.55,   -0.96,    9.50,    0.00,    0.00,    23.80,   80.48,     93.31,  449.50,    0.27,    0.54,   293.9,   0,  GPS,  163.0, 109.70, 109.70, 118.575, 121.825, 6887.837,       ,       ,      ,    1.1,       ,  -12.7,      0,  NONE,   NONE,      ,      ,   0.0,     3D, 1852,      ,       ,  95.5,       
2025-11-25, 22:10:25,  +00:00,   800€,   41.0631294,  -73.7085953,   403.1, 30.11,   399.2,   9.5,   0.00,   0.00,   -0.00,  -0.18,   0.73,  -0.01,   0.00,  27.4, 282.5,  28.1,  28.2, 205.01, 201.73,   776.24,   763.27,     0.16,   51.55,   -0.96,    9.50,    0.00,    0.00,    23.70,   80.70,     93.05,  448.00,    0.27,    0.54,   294.2,   0,  GPS,  163.0, 109.70, 109.70, 118.575, 121.825, 6887.837,       ,       ,      ,    1.1,       ,  -12.7,      0,  NONE,   NONE,      ,      ,   0.0,     3D, 1852,      ,       ,  95.5,       
2025-11-25, 22:10:26,  +00:00,   800€,   41.0631294,  -73.7085953,   403.1, 30.11,   399.5,   9.5,   0.00,   0.00,   -0.00,  -0.18,   0.73,  -0.01,   0.00,  27.4, 282.5,  28.1,  28.2, 205.01, 201.73,   776.24,   763.27,     0.16,   51.55,   -0.96,    9.50,    0.00,    0.00,    23.61,   80.95,     92.79,  446.50,    0.27,    0.54,   294.5,   0,  GPS,  163.0, 109.70, 109.70, 118.575, 121.825, 6887.837,       ,       ,      ,    1.1,       ,  -12.7,      0,  NONE,   NONE,      ,      ,   0.0,     3D, 1852,      ,       ,  95.5,       
2025-11-25, 22:10:27,  +00:00,   800€,   41.0631294,  -73.7085953,   403.1, 30.11,   399.8,   9.5,   0.00,   0.00,   -0.00,  -0.18,   0.73,  -0.01,   0.00,  27.4, 282.5,  28.1,  28.2, 205.01, 201.73,   776.24,   763.27,     0.16,   51.55,   -0.96,    9.50,    0.00,    0.00,    23.52,   81.16,     92.55,  445.00,    0.27,    0.54,   294.8,   0,  GPS,  163.0, 109.70, 109.70, 118.575, 121.825, 6887.837,       ,       ,      ,    1.1,       ,  -12.7,      0,  NONE,   NONE,      ,      ,   0.0,     3D, 1852,      ,       ,  95.5,       
2025-11-25, 22:10:28,  +00:00,   800€,   41.0631294,  -73.7085953,   403.1, 30.11,   398.1,   9.5,   0.00,   0.00,   -0.00,  -0.18,   0.73,  -0.01,  -0.00,  27.4, 282.5,  28.1,  28.2, 205.01, 201.73,   776.24,   763.27,     0.16,   51.55,   -0.96,    9.50,    0.00,    0.00,    23.42,   81.38,     92.16,  443.50,    0.27,    0.54,   293.1,   0,  GPS,  163.0, 109.70, 109.70, 118.575, 121.825, 6887.837,       ,       ,      ,    1.1,       ,  -12.7,      0,  NONE,   NONE,      ,      ,   0.0,     3D, 1852,      ,       ,  95.5,       
2025-11-25, 22:10:29,  +00:00,   800€,   41.0631294,  -73.7085953,   403.1, 30.11,   397.8,   9.5,   0.00,   0.00,   -0.00,  -0.18,   0.73,  -0.01,   0.00,  27.4, 282.5,  28.1,  28.2, 205.01, 201.73,   776.24,   763.27,     0.16,   51.55,   -0.96,    9.50,    0.00,    0.00,    23.35,   81.63,     91.82,  442.00,    0.27,    0.54,   292.8,   0,  GPS,  163.0, 109.70, 109.70, 118.575, 121.825, 6887.837,       ,       ,      ,    1.1,       ,  -12.7,      0,  NONE,   NONE,      ,      ,   0.0,     3D, 1852,      ,       ,  95.5,       
2025-11-25, 22:10:30,  +00:00,   800€,   41.0631294,  -73.7085953,   403.1, 30.11,   396.3,   9.5,   0.00,   0.00,   -0.00,  -0.18,   0.73,  -0.01,   0.00,  27.4, 282.5,  28.1,  28.2, 205.01, 201.73,   776.24,   763.27,     0.16,   51.55,   -0.96,    9.50,    0.00,    0.00,    23.32,   81.83,     91.49,  441.50,    0.27,    0.54,   291.3,   0,  GPS,  163.0, 109.70, 109.70, 118.575, 121.825, 6887.837,       ,       ,      ,    1.1,       ,  -12.7,      0,  NONE,   NONE,      ,      ,   0.0,     3D, 1852,      ,       ,  95.5,       
2025-11-25, 22:10:31,  +00:00,   800€,   41.0631294,  -73.7085953,   403.1, 30.11,   396.0,   9.5,   0.00,   0.00,   -0.00,  -0.19,   0.73,  -0.01,   0.00,  27.4, 282.5,  28.1,  28.2, 205.01, 201.73,   776.24,   763.27,     0.16,   51.55,   -0.96,    9.50,    0.00,    0.00,    23.34,   82.05,     91.23,  441.00,    0.27,    0.54,   291.0,   0,  GPS,  163.0, 109.70, 109.70, 118.575, 121.825, 6887.837,       ,       ,      ,    1.1,       ,  -12.7,      0,  NONE,   NONE,      ,      ,   0.0,     3D, 1852,      ,       ,  95.5,       
2025-11-25, 22:10:32,  +00:00,   800€,   41.0631294,  -73.7085953,   403.1, 30.11,   395.7,   9.5,   0.00,   0.00,   -0.00,  -0.18,   0.71,  -0.01,   0.00,  27.5, 282.5,  28.1,  28.2, 205.01, 201.73,   776.24,   763.27,     0.16,   51.55,   -0.96,    9.50,    0.00,    0.00,    23.35,   82.27,     91.02,  440.50,    0.27,    0.54,   290.7,   0,  GPS,  163.0, 109.70, 109.70, 118.575, 121.825, 6887.837,       ,       ,      ,    1.1,       ,  -12.7,      0,  NONE,   NONE,      ,      ,   0.0,     3D, 1852,      ,       ,  95.5,       
2025-11-25, 22:10:33,  +00:00,   800€,   41.0631294,  -73.7085953,   403.1, 30.11,   395.5,   9.5,   0.00,   0.00,   -0.00,  -0.19,   0.71,  -0.01,   0.00,  27.5, 282.5,  28.1,  28.2, 205.01, 201.73,   776.24,   763.27,     0.16,   51.55,   -0.96,    9.50,    0.00,    0.00,    23.36,   82.49,     90.70,  440.50,    0.27,    0.54,   290.5,   0,  GPS,  163.0, 109.70, 109.70, 118.575, 121.825, 6887.837,       ,       ,      ,    1.1,       ,  -12.7,      0,  NONE,   NONE,      ,      ,   0.0,     3D, 1852,      ,       ,  95.5,       
2025-11-25, 22:10:34,  +00:00,   800€,   41.0631294,  -73.7085953,   403.1, 30.11,   397.1,   9.5,   0.00,   0.00,   -0.00,  -0.18,   0.71,  -0.01,   0.00,  27.4, 282.5,  28.1,  28.2, 205.01, 201.73,   776.24,   763.27,     0.16,   51.55,   -0.96,    9.50,    0.00,    0.00,    23.34,   82.71,     90.46,  440.00,    0.27,    0.54,   292.1,   0,  GPS,  163.0, 109.70, 109.70, 118.575, 121.825, 6887.837,       ,       ,      ,    1.1,       ,  -12.7,      0,  NONE,   NONE,      ,      ,   0.0,     3D, 1852,      ,       ,  95.5,       
2025-11-25, 22:10:35,  +00:00,   800€,   41.0631294,  -73.7085953,   403.1, 30.11,   397.3,   9.5,   0.00,   0.00,   -0.00,  -0.19,   0.71,  -0.01,   0.00,  27.4, 282.5,  28.1,  28.2, 205.01, 201.73,   776.24,   763.27,     0.16,   51.55,   -0.96,    9.50,    0.00,    0.00,    23.35,   82.95,     90.21,  440.00,    0.27,    0.54,   292.3,   0,  GPS,  163.0, 109.70, 109.70, 118.575, 121.825, 6887.837,       ,       ,      ,    1.1,       ,  -12.7,      0,  NONE,   NONE,      ,      ,   0.0,     3D, 1852,      ,       ,  95.5,       
2025-11-25, 22:10:36,  +00:00,   800€,   41.0631294,  -73.7085953,   403.1, 30.11,   398.4,   9.5,   0.00,   0.00,   -0.00,  -0.19,   0.71,  -0.01,   0.00,  27.4, 282.5,  28.1,  28.2, 205.01, 201.73,   776.24,   763.27,     0.16,   51.55,   -0.96,    9.50,    0.00,    0.00,    23.34,   83.18,     89.93,  439.50,    0.27,    0.54,   293.4,   0,  GPS,  163.0, 109.70, 109.70, 118.575, 121.825, 6887.837,       ,       ,      ,    1.1,       ,  -12.7,      0,  NONE,   NONE,      ,      ,   0.0,     3D, 1852,      ,       ,  95.5,       
2025-11-25, 22:10:37,  +00:00,   800€,   41.0631294,  -73.7085953,   403.1, 30.11,   398.5,   9.5,   0.00,   0.00,   -0.00,  -0.19,   0.71,  -0.01,   0.00,  27.4, 282.5,  28.1,  28.2, 205.01, 201.73,   776.24,   763.27,     0.16,   51.55,   -0.96,    9.50,    0.00,    0.00,    23.33,   83.40,     89.77,  439.50,    0.27,    0.54,   293.5,   0,  GPS,  163.0, 109.70, 109.70, 118.575, 121.825, 6887.837,       ,       ,      ,    1.1,       ,  -12.7,      0,  NONE,   NONE,      ,      ,   0.0,     3D, 1852,      ,       ,  95.5,       
2025-11-25, 22:10:38,  +00:00,   800€,   41.0631371,  -73.7085953,   403.1, 30.11,   395.2,   9.5,   0.00,   0.00,   -0.00,  -0.19,   0.71,  -0.01,   0.00,  27.4, 282.5,  28.1,  28.2, 205.01, 201.73,   776.24,   763.27,     0.16,   51.55,   -0.95,    9.50,    0.00,    0.00,    23.29,   83.62,     89.56,  439.50,    0.27,    0.54,   290.2,   0,  GPS,  163.0, 109.70, 109.70, 118.575, 121.825, 6887.837,       ,       ,      ,    1.1,       ,  -12.7,      0,  NONE,   NONE,      ,      ,  -3.9,     3D, 1852,      ,       , 107.0,       
2025-11-25, 22:10:39,  +00:00,   800€,   41.0631371,  -73.7085953,   403.1, 30.11,   395.3,   9.5,   0.00,   0.00,   -0.00,  -0.20,   0.73,  -0.01,   0.00,  27.4, 282.5,  28.1,  28.2, 205.01, 201.73,   776.24,   763.27,     0.16,   51.55,   -0.95,    9.50,    0.00,    0.00,    23.32,   83.81,     89.30,  439.50,    0.27,    0.54,   290.3,   0,  GPS,  163.0, 109.70, 109.70, 118.575, 121.825, 6887.837,       ,       ,      ,    1.1,       ,  -12.7,      0,  NONE,   NONE,      ,      ,   0.0,     3D, 1852,      ,       , 107.0,       
2025-11-25, 22:10:40,  +00:00,   800€,   41.0631371,  -73.7085953,   403.1, 30.11,   393.8,   9.5,   0.00,   0.00,   -0.00,  -0.20,   0.71,  -0.01,   0.00,  27.4, 282.5,  28.1,  28.2, 205.01, 201.73,   776.24,   763.27,     0.16,   51.55,   -0.95,    9.50,    0.00,    0.00,    23.30,   84.04,     89.06,  439.50,    0.27,    0.54,   288.8,   0,  GPS,  163.0, 109.70, 109.70, 118.575, 121.825, 6887.837,       ,       ,      ,    1.1,       ,  -12.7,      0,  NONE,   NONE,      ,      ,   0.0,     3D, 1852,      ,       , 107.0,       
2025-11-25, 22:10:41,  +00:00,   800€,   41.0631371,  -73.7085953,   403.1, 30.11,   393.3,   9.5,   0.00,   0.00,   -0.00,  -0.20,   0.71,  -0.01,   0.00,  27.4, 282.5,  28.1,  28.2, 205.01, 201.73,   776.24,   763.27,     0.16,   51.55,   -0.95,    9.50,    0.00,    0.00,    23.31,   84.22,     88.78,  439.50,    0.27,    0.54,   288.3,   0,  GPS,  163.0, 109.70, 109.70, 118.575, 121.825, 6887.837,       ,       ,      ,    1.1,       ,  -12.7,      0,  NONE,   NONE,      ,      ,   0.0,     3D, 1852,      ,       , 107.0,       
2025-11-25, 22:10:42,  +00:00,   800€,   41.0631371,  -73.7085953,   403.1, 30.11,   391.6,   9.5,   0.00,   0.00,   -0.00,  -0.20,   0.70,  -0.01,   0.00,  27.4, 282.5,  28.1,  28.2, 205.01, 201.73,   776.24,   763.27,     0.16,   51.55,   -0.96,    9.50,    0.00,    0.00,    23.29,   84.44,     88.55,  439.50,    0.27,    0.54,   286.6,   0,  GPS,  163.0, 109.70, 109.70, 118.575, 121.825, 6887.837,       ,       ,      ,    1.1,       ,  -12.7,      0,  NONE,   NONE,      ,      ,   0.0,     3D, 1852,      ,       , 107.0,       
2025-11-25, 22:10:43,  +00:00,   800€,   41.0631371,  -73.7085953,   403.1, 30.11,   391.4,   9.5,   0.00,   0.00,   -0.00,  -0.21,   0.70,  -0.01,   0.00,  27.4, 282.5,  28.1,  28.2, 205.01, 201.73,   776.24,   763.27,     0.16,   51.55,   -0.96,    9.50,    0.00,    0.00,    23.32,   84.61,     88.36,  440.00,    0.27,    0.54,   286.4,   0,  GPS,  163.0, 109.70, 109.70, 118.575, 121.825, 6887.837,       ,       ,      ,    1.1,       ,  -12.7,      0,  NONE,   NONE,      ,      ,   0.0,     3D, 1852,      ,       , 107.0,       
2025-11-25, 22:10:44,  +00:00,   800€,   41.0631294,  -73.7085953,   403.1, 30.11,   394.3,   9.5,   0.00,   0.00,   -0.00,  -0.21,   0.70,  -0.01,   0.00,  27.4, 282.5,  28.1,  28.2, 205.01, 201.73,   776.24,   763.27,     0.16,   51.55,   -0.96,    9.50,    0.00,    0.00,    23.27,   84.82,     88.14,  439.50,    0.27,    0.54,   289.3,   0,  GPS,  163.0, 109.70, 109.70, 118.575, 121.825, 6887.837,       ,       ,      ,    1.1,       ,  -12.7,      0,  NONE,   NONE,      ,      ,   0.0,     3D, 1852,      ,       ,  95.5,       
2025-11-25, 22:10:45,  +00:00,   800€,   41.0631294,  -73.7085953,   403.1, 30.11,   393.9,   9.8,   0.00,   0.00,   -0.00,  -0.22,   0.70,  -0.01,   0.00,  27.4, 282.5,  28.1,  28.2, 205.01, 201.73,   776.24,   763.27,     0.16,   51.55,   -0.96,    9.50,    0.00,    0.00,    23.29,   85.00,     87.93,  439.00,    0.27,    0.54,   288.9,   0,  GPS,  163.0, 109.70, 109.70, 118.575, 121.825, 6887.837,       ,       ,      ,    1.1,       ,  -12.7,      0,  NONE,   NONE,      ,      ,   0.0,     3D, 1852,      ,       ,  95.5,       
2025-11-25, 22:10:46,  +00:00,   800€,   41.0631294,  -73.7085953,   403.1, 30.11,   395.3,   9.8,   0.00,   0.00,   -0.00,  -0.21,   0.69,  -0.01,   0.00,  27.4, 282.5,  28.1,  28.2, 205.01, 201.73,   776.24,   763.27,     0.16,   51.55,   -0.96,    9.50,    0.00,    0.00,    23.27,   85.20,     87.69,  439.00,    0.27,    0.54,   290.3,   0,  GPS,  163.0, 109.70, 109.70, 118.575, 121.825, 6887.837,       ,       ,      ,    1.1,       ,  -12.7,      0,  NONE,   NONE,      ,      ,  -3.9,     3D, 1852,      ,       ,  95.5,       
2025-11-25, 22:10:47,  +00:00,   800€,   41.0631294,  -73.7085953,   403.1, 30.11,   395.4,   9.8,   0.00,   0.00,   -0.00,  -0.21,   0.70,  -0.01,   0.00,  27.4, 282.5,  28.1,  28.2, 205.01, 201.73,   776.24,   763.27,     0.16,   51.55,   -0.96,    9.50,    0.00,    0.00,    23.27,   85.39,     87.45,  438.50,    0.27,    0.54,   290.4,   0,  GPS,  163.0, 109.70, 109.70, 118.575, 121.825, 6887.837,       ,       ,      ,    1.1,       ,  -12.7,      0,  NONE,   NONE,      ,      ,   0.0,     3D, 1852,      ,       ,  95.5,       
2025-11-25, 22:10:48,  +00:00,   800€,   41.0631294,  -73.7085953,   403.1, 30.11,   397.1,   9.8,   0.00,   0.00,   -0.00,  -0.21,   0.69,  -0.01,   0.00,  27.4, 282.5,  28.1,  28.2, 205.01, 201.40,   776.24,   763.27,     0.16,   51.54,   -0.96,    9.50,    0.00,    0.00,    23.28,   85.58,     87.22,  438.50,    0.27,    0.54,   292.1,   0,  GPS,  163.0, 109.70, 109.70, 118.575, 121.825, 6887.837,       ,       ,      ,    1.1,       ,  -12.7,      0,  NONE,   NONE,      ,      ,  -3.9,     3D, 1852,      ,       ,  95.5,       
2025-11-25, 22:10:49,  +00:00,   800€,   41.0631294,  -73.7085953,   403.1, 30.11,   397.2,   9.5,   0.00,   0.00,   -0.00,  -0.21,   0.70,  -0.01,   0.00,  27.4, 282.5,  28.1,  28.2, 205.01, 201.40,   776.24,   762.70,     0.16,   51.55,   -0.96,    9.50,    0.00,    0.00,    23.25,   85.74,     87.01,  438.50,    0.27,    0.54,   292.2,   0,  GPS,  163.0, 109.70, 109.70, 118.575, 121.825, 6887.837,       ,       ,      ,    1.1,       ,  -12.7,      0,  NONE,   NONE,      ,      ,   0.0,     3D, 1852,      ,       ,  95.5,       
2025-11-25, 22:10:50,  +00:00,   800€,   41.0631294,  -73.7085953,   403.1, 30.11,   397.4,   9.5,   0.00,   0.00,   -0.00,  -0.20,   0.70,  -0.01,   0.00,  27.4, 282.5,  28.1,  28.2, 205.01, 201.40,   776.24,   762.70,     0.16,   51.55,   -0.96,    9.50,    0.00,    0.00,    23.26,   85.94,     86.83,  438.50,    0.27,    0.54,   292.4,   0,  GPS,  163.0, 109.70, 109.70, 118.575, 121.825, 6887.837,       ,       ,      ,    1.1,       ,  -12.7,      0,  NONE,   NONE,      ,      ,   0.0,     3D, 1852,      ,       ,  95.5,       
2025-11-25, 22:10:51,  +00:00,   800€,   41.0631294,  -73.7085953,   403.1, 30.11,   397.6,   9.5,   0.00,   0.00,   -0.99,  -0.20,   0.69,  -0.01,   0.00,  27.4, 282.5,  28.1,  28.2, 205.01, 201.40,   776.24,   762.70,     0.16,   51.55,   -0.96,    9.50,    0.00,    0.00,    23.26,   86.13,     86.59,  438.50,    0.27,    0.54,   292.6,   0,  GPS,  163.0, 109.70, 109.70, 118.575, 121.825, 6887.837,       ,       ,      ,    1.1,       ,  -12.7,      0,  NONE,   NONE,      ,      ,   0.0,     3D, 1852,      ,       ,  95.5,       
2025-11-25, 22:10:52,  +00:00,   800€,   41.0631294,  -73.7085953,   403.1, 30.11,   396.0,   9.5,   0.00,   0.00,   -2.88,  -0.21,   0.70,  -0.01,   0.00,  27.4, 282.5,  28.1,  28.2, 205.01, 201.40,   776.24,   762.70,     0.16,   51.55,   -0.96,    9.50,    0.00,    0.00,    23.27,   86.30,     86.37,  438.50,    0.27,    0.54,   291.0,   0,  GPS,  163.0, 109.70, 109.70, 118.575, 121.825, 6887.837,       ,       ,      ,    1.1,       ,  -12.7,      0,  NONE,   NONE,      ,      ,   0.0,     3D, 1852,      ,       ,  95.5,       
2025-11-25, 22:10:53,  +00:00,   800€,   41.0631294,  -73.7085953,   403.1, 30.11,   395.9,   9.5,   0.00,   0.00,   -2.80,  -0.21,   0.70,  -0.01,   0.00,  27.4, 282.5,  28.1,  28.2, 205.01, 201.40,   776.24,   762.70,     0.16,   51.54,   -0.96,    9.50,    0.00,    0.00,    23.36,   86.48,     86.18,  439.50,    0.27,    0.54,   290.9,   0,  GPS,  163.0, 109.70, 109.70, 118.575, 121.825, 6887.837,       ,       ,      ,    1.1,       ,  -12.7,      0,  NONE,   NONE,      ,      ,   0.0,     3D, 1852,      ,       ,  95.5,       
2025-11-25, 22:10:54,  +00:00,   800€,   41.0631294,  -73.7085953,   403.1, 30.11,   394.2,   9.5,   0.00,   0.00,   -2.15,  -0.22,   0.70,  -0.01,   0.00,  27.4, 282.5,  28.1,  28.2, 205.01, 201.40,   776.24,   762.70,     0.16,   51.55,   -0.96,    9.50,    0.00,    0.00,    23.42,   86.68,     85.94,  441.00,    0.27,    0.54,   289.2,   0,  GPS,  163.0, 109.70, 109.70, 118.575, 121.825, 6887.837,       ,       ,      ,    1.1,       ,  -12.7,      0,  NONE,   NONE,      ,      ,   0.0,     3D, 1852,      ,       ,  95.5,       
2025-11-25, 22:10:55,  +00:00,   800€,   41.0631294,  -73.7085953,   403.1, 30.11,   394.0,   9.5,   0.00,   0.00,   -1.49,  -0.21,   0.70,  -0.01,   0.00,  27.4, 282.5,  28.1,  28.2, 205.01, 201.40,   776.24,   762.70,     0.16,   51.55,   -0.96,    9.50,    0.00,    0.00,    23.51,   86.87,     85.70,  442.00,    0.27,    0.54,   289.0,   0,  GPS,  163.0, 109.70, 109.70, 118.575, 121.825, 6887.837,       ,       ,      ,    1.1,       ,  -12.7,      0,  NONE,   NONE,      ,      ,   0.0,     3D, 1852,      ,       ,  95.5,       
2025-11-25, 22:10:56,  +00:00,   800€,   41.0631294,  -73.7085953,   403.1, 30.11,   393.7,   9.5,   0.00,   0.00,   -0.97,  -0.22,   0.70,  -0.01,   0.00,  27.4, 282.5,  28.1,  28.2, 205.01, 201.40,   776.24,   762.70,     0.16,   51.55,   -0.95,    9.50,    0.00,    0.00,    23.58,   87.03,     85.45,  444.00,    0.27,    0.54,   288.7,   0,  GPS,  163.0, 109.70, 109.70, 118.575, 121.825, 6887.837,       ,       ,      ,    1.1,       ,  -12.7,      0,  NONE,   NONE,      ,      ,   0.0,     3D, 1852,      ,       ,  95.5,       
2025-11-25, 22:10:57,  +00:00,   800€,   41.0631294,  -73.7085953,   402.1, 30.11,   393.6,   9.5,   0.00,   0.00,   -0.63,  -0.22,   0.70,  -0.01,   0.00,  27.4, 282.5,  28.1,  28.2, 205.01, 201.40,   776.24,   762.70,     0.16,   51.55,   -0.96,    9.50,    0.00,    0.00,    23.66,   87.21,     85.24,  445.50,    0.27,    0.54,   288.5,   0,  GPS,  163.0, 109.70, 109.70, 118.575, 121.825, 6887.837,       ,       ,      ,    1.1,       ,  -12.7,      0,  NONE,   NONE,      ,      ,   0.0,     3D, 1852,      ,       ,  95.5,       
2025-11-25, 22:10:58,  +00:00,   800€,   41.0631294,  -73.7085953,   402.1, 30.11,   395.2,   9.5,   0.00,   0.00,   -2.80,  -0.22,   0.70,  -0.01,   0.00,  27.4, 282.5,  28.1,  28.2, 205.01, 201.40,   776.24,   762.70,     0.16,   51.55,   -0.95,    9.50,    0.00,    0.00,    23.77,   87.40,     85.10,  446.50,    0.27,    0.54,   290.2,   0,  GPS,  163.0, 109.70, 109.70, 118.575, 121.825, 6887.837,       ,       ,      ,    1.1,       ,  -12.7,      0,  NONE,   NONE,      ,      ,   0.0,     3D, 1852,      ,       ,  95.5,       
2025-11-25, 22:10:59,  +00:00,   800€,   41.0631294,  -73.7085953,   402.1, 30.11,   395.7,   9.5,   0.00,   0.00,   -6.35,  -0.22,   0.70,  -0.01,   0.00,  27.4, 282.5,  28.1,  28.2, 205.01, 201.40,   776.24,   762.70,     0.16,   51.55,   -0.96,    9.50,    0.00,    0.00,    23.77,   87.55,     84.98,  447.00,    0.27,    0.54,   290.7,   0,  GPS,  163.0, 109.70, 109.70, 118.575, 121.825, 6887.837,       ,       ,      ,    1.1,       ,  -12.7,      0,  NONE,   NONE,      ,      ,   3.9,     3D, 1852,      ,       ,  95.5,       
2025-11-25, 22:11:00,  +00:00,   800€,   41.0631294,  -73.7085953,   401.1, 30.11,   396.7,   9.5,   0.00,   0.00,   -9.50,  -0.22,   0.69,  -0.01,   0.00,  27.4, 282.5,  28.1,  28.2, 205.01, 201.40,   776.24,   762.70,     0.16,   51.55,   -0.95,    9.50,    0.00,    0.00,    23.75,   87.72,     84.84,  448.00,    0.27,    0.54,   291.7,   0,  GPS,  163.0, 109.70, 109.70, 118.575, 121.825, 6887.837,       ,       ,      ,    1.1,       ,  -12.7,      0,  NONE,   NONE,      ,      ,   0.0,     3D, 1852,      ,       ,  95.5,       
2025-11-25, 22:11:01,  +00:00,   800€,   41.0631294,  -73.7085953,   401.1, 30.11,   397.0,   9.5,   0.00,   0.00,  -11.82,  -0.22,   0.69,  -0.01,   0.00,  27.4, 282.5,  28.1,  28.2, 205.01, 201.40,   776.24,   762.70,     0.16,   51.55,   -0.95,    9.50,    0.00,    0.00,    23.74,   87.91,     84.64,  448.50,    0.27,    0.54,   292.0,   0,  GPS,  163.0, 109.70, 109.70, 118.575, 121.825, 6887.837,       ,       ,      ,    1.1,       ,  -12.7,      0,  NONE,   NONE,      ,      ,   0.0,     3D, 1852,      ,       ,  95.5,       
2025-11-25, 22:11:02,  +00:00,   800€,   41.0631294,  -73.7085953,   401.1, 30.11,   397.2,   9.5,   0.00,   0.00,  -13.40,  -0.23,   0.70,  -0.01,   0.00,  27.4, 282.5,  27.6,  26.7, 205.01, 201.40,   776.24,   762.70,     0.16,   51.55,   -0.95,    9.50,    0.00,    0.00,    23.66,   88.08,     84.53,  446.00,    0.27,    0.54,   292.2,   0,  GPS,  163.0, 109.70, 109.70, 118.575, 121.825, 6887.837,       ,       ,      ,    1.1,       ,  -12.7,      0,  NONE,   NONE,      ,      ,   0.0,     3D, 1852,      ,       ,  95.5,       
2025-11-25, 22:11:03,  +00:00,   800€,   41.0631294,  -73.7085953,   401.1, 30.11,   397.5,   9.5,   0.00,   0.00,  -14.42,  -0.23,   0.70,  -0.01,   0.00,  27.4, 282.5,  26.5,  23.1, 205.01, 201.40,   776.24,   762.70,     0.16,   51.55,   -0.93,    9.50,    0.00,    0.00,    25.70,   88.24,     84.31,  471.50,    0.28,    0.54,   292.5,   0,  GPS,  163.0, 109.70, 109.70, 118.575, 121.825, 6887.837,       ,       ,      ,    1.1,       ,  -12.7,      0,  NONE,   NONE,      ,      ,   0.0,     3D, 1852,      ,       ,  95.5,       
2025-11-25, 22:11:04,  +00:00,   800€,   41.0631371,  -73.7085953,   400.1, 30.11,   393.4,   9.5,   0.00,   0.00,  -15.06,  -0.23,   0.70,  -0.01,   0.00,  27.4, 282.5,  25.7,  21.7, 205.01, 201.40,   776.24,   762.70,     0.16,   51.55,   -0.83,    9.50,    0.00,    0.08,    26.71,   88.44,     84.50,  487.00,    0.28,    0.54,   288.4,   0,  GPS,  163.0, 109.70, 109.70, 118.575, 121.825, 6887.837,       ,       ,      ,    1.1,       ,  -12.7,      0,  NONE,   NONE,      ,      ,   0.0,     3D, 1852,      ,       , 107.0,       
2025-11-25, 22:11:05,  +00:00,   800€,   41.0631371,  -73.7085953,   400.1, 30.11,   393.1,   9.5,   0.00,   0.00,  -15.45,  -0.24,   0.70,  -0.01,   0.00,  27.5, 282.5,  25.1,  21.6, 205.01, 201.40,   776.24,   762.70,     0.16,   51.55,   -0.58,    9.50,    0.00,    0.11,    26.76,   88.60,     84.42,  495.00,    0.28,    0.54,   288.1,   0,  GPS,  163.0, 109.70, 109.70, 118.575, 121.825, 6887.837,       ,       ,      ,    1.1,       ,  -12.7,      0,  NONE,   NONE,      ,      ,   0.0,     3D, 1852,      ,       , 107.0,       
2025-11-25, 22:11:06,  +00:00,   800€,   41.0631371,  -73.7085953,   400.1, 30.11,   392.0,   9.5,   0.00,   0.00,  -15.68,  -0.23,   0.70,  -0.01,   0.00,  27.5, 282.5,  24.6,  22.0, 205.01, 201.40,   776.24,   762.70,     8.84,   51.55,    1.18,    9.50,    0.00,    0.13,    26.72,   88.75,     84.27,  500.00,    0.28,    0.54,   287.0,   0,  GPS,  163.0, 109.70, 109.70, 118.575, 121.825, 6887.837,       ,       ,      ,    1.1,       ,  -12.7,      0,  NONE,   NONE,      ,      ,   0.0,     3D, 1852,      ,       , 107.0,       
2025-11-25, 22:11:07,  +00:00,   800€,   41.0631371,  -73.7085953,   400.1, 30.11,   392.1,   9.5,   0.00,   0.00,  -14.69,  -0.24,   0.70,  -0.01,   0.00,  27.5, 282.5,  24.2,  22.5, 205.01, 201.40,   776.24,   762.70,    16.07,   51.55,   10.27,   73.50,    0.00,    0.15,    26.72,   88.90,     84.05,  504.00,    0.28,    0.54,   287.1,   0,  GPS,  163.0, 109.70, 109.70, 118.575, 121.825, 6887.837,       ,       ,      ,    1.1,       ,  -12.7,      0,  NONE,   NONE,      ,      ,   0.0,     3D, 1852,      ,       , 107.0,       
2025-11-25, 22:11:08,  +00:00,   800€,   41.0631256,  -73.7085953,   400.1, 30.11,   395.3,   9.5,   0.00,   0.00,  -11.24,  -0.23,   0.70,  -0.01,   0.00,  27.6, 282.5,  24.0,  23.2, 205.01, 201.40,   776.24,   762.70,    18.22,   51.55,   24.06,  191.50,    0.00,    0.18,    26.67,   89.07,     83.85,  507.00,    0.28,    0.54,   290.3,   0,  GPS,  163.0, 109.70, 109.70, 118.575, 121.825, 6887.837,       ,       ,      ,    1.1,       ,  -12.7,      0,  NONE,   NONE,      ,      ,  -3.9,     3D, 1852,      ,       ,  95.5,       
2025-11-25, 22:11:09,  +00:00,   800€,   41.0631256,  -73.7085953,   400.1, 30.11,   395.2,   9.5,   0.00,   0.00,   -7.77,  -0.24,   0.70,  -0.01,   0.00,  27.6, 282.5,  23.9,  23.9, 205.01, 201.40,   776.24,   762.70,    16.63,   51.56,   33.45,  259.50,    0.01,    0.20,    26.63,   89.23,     83.69,  508.50,    0.28,    0.54,   290.2,   0,  GPS,  163.0, 109.70, 109.70, 118.575, 121.825, 6887.837,       ,       ,      ,    1.1,       ,  -12.7,      0,  NONE,   NONE,      ,      ,   0.0,     3D, 1852,      ,       ,  95.5,       
2025-11-25, 22:11:10,  +00:00,   800€,   41.0631294,  -73.7085953,   400.1, 30.11,   395.3,   9.5,   0.00,   0.00,   -5.07,  -0.24,   0.69,  -0.01,   0.00,  27.6, 282.5,  23.8,  24.4, 205.01, 201.40,   776.24,   762.70,    15.76,   51.56,   41.11,  319.00,    0.02,    0.23,    26.65,   89.39,     83.53,  510.50,    0.28,    0.54,   290.3,   0,  GPS,  163.0, 109.70, 109.70, 118.575, 121.825, 6887.837,       ,       ,      ,    1.1,       ,  -12.7,      0,  NONE,   NONE,      ,      ,   0.0,     3D, 1852,      ,       ,  95.5,       
2025-11-25, 22:11:11,  +00:00,   800€,   41.0631371,  -73.7085953,   400.1, 30.11,   391.9,   9.5,   0.00,   0.00,   -3.19,  -0.24,   0.69,  -0.01,  -0.00,  27.7, 282.5,  23.7,  24.7, 205.01, 201.40,   776.24,   762.70,    15.57,   51.56,   48.09,  368.00,    0.04,    0.25,    26.62,   89.53,     83.36,  512.00,    0.28,    0.54,   286.9,   0,  GPS,  163.0, 109.70, 109.70, 118.575, 121.825, 6887.837,       ,       ,      ,    1.1,       ,  -12.7,      0,  NONE,   NONE,      ,      ,   0.0,     3D, 1852,      ,       , 107.0,       
2025-11-25, 22:11:12,  +00:00,   800€,   41.0631371,  -73.7085953,   400.1, 30.11,   393.4,   9.5,   0.00,   0.00,   -1.95,  -0.24,   0.68,  -0.01,   0.00,  27.7, 282.5,  23.6,  24.9, 205.01, 201.40,   776.24,   762.70,    15.59,   51.55,   54.33,  394.50,    0.05,    0.26,    26.58,   89.71,     83.19,  512.00,    0.28,    0.54,   288.4,   0,  GPS,  163.0, 109.70, 109.70, 118.575, 121.825, 6887.837,       ,       ,      ,    1.1,       ,  -12.7,      0,  NONE,   NONE,      ,      ,   0.0,     3D, 1852,      ,       , 107.0,       
2025-11-25, 22:11:13,  +00:00,   800€,   41.0631294,  -73.7085953,   400.1, 30.11,   397.2,   9.5,   0.00,   0.00,   -1.17,  -0.25,   0.68,  -0.01,   0.00,  27.7, 282.5,  23.6,  25.1, 205.01, 201.40,   776.24,   762.70,    15.65,   51.55,   59.56,  399.00,    0.06,    0.28,    26.56,   89.85,     83.00,  513.00,    0.28,    0.54,   292.2,   0,  GPS,  163.0, 109.70, 109.70, 118.575, 121.825, 6887.837,       ,       ,      ,    1.1,       ,  -12.7,      0,  NONE,   NONE,      ,      ,   0.0,     3D, 1852,      ,       ,  95.5,       
2025-11-25, 22:11:14,  +00:00,   800€,   41.0631294,  -73.7085953,   400.1, 30.11,   397.4,   9.5,   0.00,   0.00,   -0.69,  -0.25,   0.68,  -0.01,   0.00,  27.8, 282.5,  23.5,  25.2, 205.01, 201.40,   776.24,   762.70,    15.78,   51.55,   63.66,  395.00,    0.08,    0.29,    26.60,   90.01,     82.82,  514.50,    0.28,    0.54,   292.4,   0,  GPS,  163.0, 109.70, 109.70, 118.575, 121.825, 6887.837,       ,       ,      ,    1.1,       ,  -12.7,      0,  NONE,   NONE,      ,      ,   0.0,     3D, 1852,      ,       ,  95.5,       
2025-11-25, 22:11:15,  +00:00,   800€,   41.0631294,  -73.7085953,   400.1, 30.11,   397.5,   9.5,   0.00,   0.00,   -0.40,  -0.25,   0.68,  -0.01,  -0.00,  27.8, 282.5,  23.5,  25.3, 205.01, 201.40,   776.24,   762.70,    16.28,   51.55,   67.10,  394.00,    0.08,    0.30,    26.56,   90.16,     82.64,  514.50,    0.28,    0.54,   292.5,   0,  GPS,  163.0, 109.70, 109.70, 118.575, 121.825, 6887.837,       ,       ,      ,    1.1,       ,  -12.7,      0,  NONE,   NONE,      ,      ,   0.0,     3D, 1852,      ,       ,  95.5,       
2025-11-25, 22:11:16,  +00:00,   800€,   41.0631256,  -73.7086029,   400.1, 30.11,   393.0,   9.5,   0.00,   0.00,   -0.23,  -0.24,   0.68,  -0.01,   0.00,  27.8, 282.5,  23.4,  25.3, 205.01, 201.40,   776.24,   762.70,    16.80,   51.55,   70.39,  395.00,    0.09,    0.31,    26.50,   90.33,     82.47,  515.00,    0.28,    0.54,   288.0,   0,  GPS,  163.0, 109.70, 109.70, 118.575, 121.825, 6887.837,       ,       ,      ,    1.1,       ,  -12.7,      0,  NONE,   NONE,      ,      ,   3.9,     3D, 1852,      ,       ,  81.5,       
2025-11-25, 22:11:17,  +00:00,   800€,   41.0631256,  -73.7086029,   400.1, 30.11,   392.5,   9.5,   0.00,   0.00,   -0.13,  -0.26,   0.69,  -0.01,   0.00,  27.8, 282.5,  23.4,  25.3, 205.01, 201.40,   776.24,   762.70,    17.27,   51.55,   73.74,  399.50,    0.10,    0.32,    26.43,   90.50,     82.29,  514.50,    0.28,    0.54,   287.5,   0,  GPS,  163.0, 109.70, 109.70, 118.575, 121.825, 6887.837,       ,       ,      ,    1.1,       ,  -12.7,      0,  NONE,   NONE,      ,      ,   0.0,     3D, 1852,      ,       ,  81.5,       
2025-11-25, 22:11:18,  +00:00,   800€,   41.0631218,  -73.7086029,   400.1, 30.11,   392.0,   9.5,   0.00,   0.00,   -0.08,  -0.26,   0.69,  -0.01,   0.00,  27.8, 282.5,  23.4,  25.4, 205.01, 201.40,   776.24,   762.70,    17.88,   51.55,   77.44,  407.00,    0.11,    0.33,    26.39,   90.66,     82.09,  514.50,    0.28,    0.54,   287.0,   0,  GPS,  163.0, 109.70, 109.70, 118.575, 121.825, 6887.837,       ,       ,      ,    1.1,       ,  -12.7,      0,  NONE,   NONE,      ,      ,   0.0,     3D, 1852,      ,       ,  81.5,       
2025-11-25, 22:11:19,  +00:00,   800€,   41.0631218,  -73.7086029,   400.1, 30.11,   392.0,   9.5,   0.00,   0.00,   -0.04,  -0.26,   0.69,  -0.01,   0.00,  27.8, 282.5,  23.4,  25.4, 205.01, 201.40,   776.24,   762.70,    18.38,   51.56,   81.53,  416.50,    0.12,    0.35,    26.40,   90.85,     81.90,  515.00,    0.28,    0.54,   287.0,   0,  GPS,  163.0, 109.70, 109.70, 118.575, 121.825, 6887.837,       ,       ,      ,    1.1,       ,  -12.7,      0,  NONE,   NONE,      ,      ,   0.0,     3D, 1852,      ,       ,  81.5,       
2025-11-25, 22:11:20,  +00:00,   800€,   41.0631218,  -73.7086029,   400.1, 30.11,   391.9,   9.5,   0.00,   0.00,   -0.02,  -0.26,   0.70,  -0.01,   0.00,  27.9, 282.5,  23.4,  25.4, 205.01, 201.40,   776.24,   762.70,    18.88,   51.57,   86.23,  428.00,    0.13,    0.37,    26.35,   90.99,     81.74,  514.50,    0.28,    0.54,   286.9,   0,  GPS,  163.0, 109.70, 109.70, 118.575, 121.825, 6887.837,       ,       ,      ,    1.1,       ,  -12.7,      0,  NONE,   NONE,      ,      ,   0.0,     3D, 1852,      ,       ,  81.5,       
2025-11-25, 22:11:21,  +00:00,   800€,   41.0631218,  -73.7086029,   400.1, 30.11,   392.0,   9.5,   0.00,   0.00,   -0.01,  -0.26,   0.70,  -0.01,   0.00,  27.9, 282.5,  23.4,  25.4, 205.01, 201.40,   776.24,   762.70,    19.21,   51.59,   91.46,  435.50,    0.14,    0.38,    26.31,   91.15,     81.56,  514.50,    0.28,    0.54,   287.0,   0,  GPS,  163.0, 109.70, 109.70, 118.575, 121.825, 6887.837,       ,       ,      ,    1.1,       ,  -12.7,      0,  NONE,   NONE,      ,      ,   0.0,     3D, 1852,      ,       ,  81.5,       
2025-11-25, 22:11:22,  +00:00,   800€,   41.0631218,  -73.7086029,   400.1, 30.11,   393.6,   9.5,   0.00,   0.00,   -0.01,  -0.26,   0.71,  -0.01,   0.00,  27.9, 282.5,  23.4,  25.4, 205.01, 201.40,   776.24,   762.70,    19.59,   51.60,   96.95,  440.00,    0.15,    0.40,    26.28,   91.29,     81.38,  514.50,    0.28,    0.54,   288.6,   0,  GPS,  163.0, 109.70, 109.70, 118.575, 121.825, 6887.837,       ,       ,      ,    1.1,       ,  -12.7,      0,  NONE,   NONE,      ,      ,   0.0,     3D, 1852,      ,       ,  81.5,       
2025-11-25, 22:11:23,  +00:00,   800€,   41.0631218,  -73.7086029,   400.1, 30.11,   394.4,   9.5,   0.00,   0.00,   -0.00,  -0.27,   0.71,  -0.01,  -0.00,  27.9, 282.5,  23.4,  25.5, 205.01, 201.40,   776.24,   762.70,    20.09,   51.62,  102.42,  442.00,    0.16,    0.42,    26.27,   91.44,     81.18,  514.50,    0.28,    0.54,   289.4,   0,  GPS,  163.0, 109.70, 109.70, 118.575, 121.825, 6887.837,       ,       ,      ,    1.1,       ,  -12.7,      0,  NONE,   NONE,      ,      ,   0.0,     3D, 1852,      ,       ,  81.5,       
2025-11-25, 22:11:24,  +00:00,   800€,   41.0631218,  -73.7086029,   400.1, 30.11,   394.9,   9.5,   0.00,   0.00,   -0.00,  -0.26,   0.71,  -0.01,   0.00,  27.9, 282.5,  23.4,  25.5, 205.01, 201.40,   776.24,   762.70,    20.69,   51.65,  107.84,  442.00,    0.18,    0.44,    26.23,   91.60,     81.01,  514.50,    0.28,    0.54,   289.9,   0,  GPS,  163.0, 109.70, 109.70, 118.575, 121.825, 6887.837,       ,       ,      ,    1.1,       ,  -12.7,      0,  NONE,   NONE,      ,      ,   0.0,     3D, 1852,      ,       ,  81.5,       
2025-11-25, 22:11:25,  +00:00,   800€,   41.0631218,  -73.7086029,   400.1, 30.11,   395.2,   9.5,   0.00,   0.00,   -0.00,  -0.26,   0.71,  -0.01,   0.00,  27.9, 282.5,  23.5,  26.6, 205.01, 201.40,   776.24,   762.70,    21.42,   51.68,  113.16,  443.50,    0.19,    0.45,    26.10,   91.76,     80.86,  510.00,    0.28,    0.54,   290.2,   0,  GPS,  163.0, 109.70, 109.70, 118.575, 121.825, 6887.837,       ,       ,      ,    1.1,       ,  -12.7,      0,  NONE,   NONE,      ,      ,   0.0,     3D, 1852,      ,       ,  81.5,       
2025-11-25, 22:11:26,  +00:00,   800€,   41.0631104,  -73.7086182,   401.1, 30.11,   402.6,   9.8,   0.00,   0.00,    0.49,  -0.26,   0.71,  -0.01,   0.00,  27.9, 282.5,  25.2,  26.6, 205.01, 201.40,   776.24,   762.70,    23.04,   51.72,  117.67,  460.00,    0.20,    0.47,    23.81,   91.90,     80.51,  487.00,    0.28,    0.54,   297.6,   0,  GPS,  163.0, 109.70, 109.70, 118.575, 121.825, 6887.837,       ,       ,      ,    1.1,       ,  -12.7,      0,  NONE,   NONE,      ,      ,   0.0, 3DDiff, 1852,      ,     22,  34.0,     22
2025-11-25, 22:11:27,  +00:00,   800€,   41.0631104,  -73.7086182,   401.1, 30.11,   402.8,   9.8,   0.00,   0.00,    3.71,  -0.25,   0.71,  -0.01,   0.00,  27.8, 282.5,  26.1,  26.7, 205.01, 201.40,   776.24,   762.70,    24.48,   51.76,  122.56,  475.00,    0.21,    0.48,    23.54,   92.07,     80.11,  478.50,    0.27,    0.54,   297.8,   0,  GPS,  163.0, 109.70, 109.70, 118.575, 121.825, 6887.837,       ,       ,      ,    1.1,       ,  -12.7,      0,  NONE,   NONE,      ,      ,   0.0, 3DDiff, 1852,      ,     22,  34.0,     23
2025-11-25, 22:11:28,  +00:00,   800€,   41.0631104,  -73.7086258,   401.1, 30.11,   401.5,   9.8,   0.00,   0.00,    7.30,  -0.25,   0.71,  -0.01,   0.00,  27.8, 282.5,  26.5,  26.8, 205.01, 201.40,   776.24,   762.70,    25.49,   51.81,  128.11,  483.00,    0.23,    0.50,    23.42,   92.21,     79.87,  471.00,    0.27,    0.54,   296.5,   0,  GPS,  163.0, 109.70, 109.70, 118.575, 121.825, 6887.837,       ,       ,      ,    1.1,       ,  -12.7,      0,  NONE,   NONE,      ,      ,   0.0, 3DDiff, 1852,      ,     22,  34.0,     22
2025-11-25, 22:11:29,  +00:00,   800€,   41.0631065,  -73.7086258,   400.1, 30.11,   401.0,   9.8,   0.00,   0.00,    7.69,  -0.24,   0.70,  -0.01,   0.00,  27.7, 282.5,  26.6,  26.8, 205.01, 201.40,   776.24,   762.70,    26.43,   51.88,  133.97,  486.00,    0.24,    0.52,    23.41,   92.36,     79.69,  466.50,    0.27,    0.54,   296.0,   0,  GPS,  163.0, 109.70, 109.70, 118.575, 121.825, 6887.837,       ,       ,      ,    1.1,       ,  -12.7,      0,  NONE,   NONE,      ,      ,   0.0, 3DDiff, 1852,      ,     22,  34.0,     22
2025-11-25, 22:11:30,  +00:00,   800€,   41.0631065,  -73.7086258,   400.1, 30.11,   400.3,   9.8,   0.00,   0.00,    6.03,  -0.24,   0.71,  -0.01,   0.00,  27.7, 282.5,  26.6,  26.8, 205.01, 201.40,   776.24,   762.70,    27.32,   51.96,  139.89,  486.00,    0.25,    0.54,    23.39,   92.53,     79.56,  463.00,    0.27,    0.54,   295.3,   0,  GPS,  163.0, 109.70, 109.70, 118.575, 121.825, 6887.837,       ,       ,      ,    1.1,       ,  -12.7,      0,  NONE,   NONE,      ,      ,   0.0, 3DDiff, 1852,      ,     21,  33.5,     22
2025-11-25, 22:11:31,  +00:00,   800€,   41.0631142,  -73.7086182,   400.1, 30.11,   396.5,   9.8,   0.00,   0.00,    1.67,  -0.25,   0.71,  -0.01,   0.00,  27.7, 282.5,  27.0,  27.1, 205.01, 201.40,   776.24,   762.70,    25.62,   52.07,  143.38,  459.50,    0.26,    0.54,    23.32,   92.67,     79.41,  459.50,    0.28,    0.54,   291.5,   0,  GPS,  163.0, 109.70, 109.70, 118.575, 121.825, 6887.837,       ,       ,      ,    1.1,       ,  -12.7,      0,  NONE,   NONE,      ,      ,   0.0, 3DDiff, 1852,      ,     26,  48.0,     25
2025-11-25, 22:11:32,  +00:00,   800€,   41.0631142,  -73.7086182,   400.1, 30.11,   396.5,   9.8,   0.00,   0.00,   -3.49,  -0.25,   0.73,  -0.01,   0.00,  27.6, 282.5,  27.2,  27.2, 205.01, 201.40,   776.24,   762.70,    25.30,   52.20,  143.69,  444.50,    0.26,    0.54,    23.28,   92.83,     79.31,  455.50,    0.28,    0.54,   291.5,   0,  GPS,  163.0, 109.70, 109.70, 118.575, 121.825, 6887.837,       ,       ,      ,    1.1,       ,  -12.7,      0,  NONE,   NONE,      ,      ,   0.0, 3DDiff, 1852,      ,     26,  48.0,     26
2025-11-25, 22:11:33,  +00:00,   800€,   41.0631142,  -73.7086182,   399.1, 30.11,   396.6,   9.8,   0.00,   0.00,   -7.72,  -0.26,   0.73,  -0.01,  -0.00,  27.6, 282.5,  27.2,  27.3, 205.01, 201.40,   776.24,   762.70,    24.91,   52.37,  142.96,  434.50,    0.26,    0.54,    23.28,   92.98,     79.14,  453.50,    0.28,    0.54,   291.6,   0,  GPS,  163.0, 109.70, 109.70, 118.575, 121.825, 6887.837,       ,       ,      ,    1.1,       ,  -12.7,      0,  NONE,   NONE,      ,      ,   0.0, 3DDiff, 1852,      ,     26,  48.5,     26
2025-11-25, 22:11:34,  +00:00,   800€,   41.0631218,  -73.7086105,   399.1, 30.11,   396.9,   9.8,   0.00,   0.00,  -10.75,  -0.25,   0.71,  -0.01,   0.00,  27.6, 282.5,  27.2,  27.3, 205.01, 201.40,   776.24,   762.70,    24.86,   52.57,  141.95,  428.50,    0.26,    0.54,    23.35,   93.12,     79.00,  453.00,    0.27,    0.54,   291.9,   0,  GPS,  163.0, 109.70, 109.70, 118.575, 121.825, 6887.837,       ,       ,      ,    1.1,       ,  -12.7,      0,  NONE,   NONE,      ,      ,   0.0, 3DDiff, 1852,      ,     26,  49.0,     25
2025-11-25, 22:11:35,  +00:00,   800€,   41.0631218,  -73.7086105,   399.1, 30.11,   397.4,   9.8,   0.00,   0.00,  -12.76,  -0.25,   0.71,  -0.01,   0.00,  27.6, 282.5,  27.3,  27.3, 205.01, 201.40,   776.24,   762.70,    24.79,   52.81,  140.79,  425.00,    0.26,    0.54,    23.39,   93.28,     78.88,  452.00,    0.28,    0.54,   292.4,   0,  GPS,  163.0, 109.70, 109.70, 118.575, 121.825, 6887.837,       ,       ,      ,    1.1,       ,  -12.7,      0,  NONE,   NONE,      ,      ,   0.0, 3DDiff, 1852,      ,     26,  49.0,     25
2025-11-25, 22:11:36,  +00:00,   800€,   41.0631218,  -73.7086105,   398.1, 30.11,   398.6,   9.8,   0.00,   0.00,  -14.05,  -0.26,   0.71,  -0.01,   0.00,  27.6, 282.5,  27.5,  27.6, 205.01, 201.40,   776.24,   762.70,    25.02,   53.08,  139.56,  425.50,    0.26,    0.54,    23.41,   93.42,     78.73,  452.50,    0.28,    0.54,   293.6,   0,  GPS,  163.0, 109.70, 109.70, 118.575, 121.825, 6887.837,       ,       ,      ,    1.1,       ,  -12.7,      0,  NONE,   NONE,      ,      ,   0.0, 3DDiff, 1852,      ,     26,  48.0,     25
2025-11-25, 22:11:37,  +00:00,   800€,   41.0631218,  -73.7086105,   398.1, 30.11,   398.9,   9.5,   0.00,   0.00,  -14.84,  -0.26,   0.73,  -0.01,   0.00,  27.6, 282.5,  27.6,  27.7, 205.01, 201.40,   776.24,   762.70,    24.99,   53.39,  138.44,  425.50,    0.27,    0.54,    23.44,   93.59,     78.62,  452.00,    0.28,    0.54,   293.9,   0,  GPS,  163.0, 109.70, 109.70, 118.575, 121.825, 6887.837,       ,       ,      ,    1.1,       ,  -12.7,      0,  NONE,   NONE,      ,      ,   0.0, 3DDiff, 1852,      ,     26,  49.0,     26
2025-11-25, 22:11:38,  +00:00,   800€,   41.0631218,  -73.7086105,   398.1, 30.11,   399.2,   9.5,   0.00,   0.00,  -15.32,  -0.25,   0.73,  -0.01,  -0.00,  27.6, 282.5,  27.7,  27.7, 205.01, 201.40,   776.24,   762.70,    24.89,   53.72,  137.25,  425.00,    0.27,    0.54,    23.42,   93.72,     78.51,  451.00,    0.28,    0.54,   294.2,   0,  GPS,  163.0, 109.70, 109.70, 118.575, 121.825, 6887.837,       ,       ,      ,    1.1,       ,  -12.7,      0,  NONE,   NONE,      ,      ,   0.0, 3DDiff, 1852,      ,     26,  49.5,     26
2025-11-25, 22:11:39,  +00:00,   800€,   41.0631104,  -73.7086182,   398.1, 30.11,   404.0,   9.5,   0.00,   0.00,  -15.61,  -0.26,   0.73,  -0.01,   0.00,  27.6, 282.5,  27.7,  27.7, 205.01, 201.40,   776.24,   762.70,    24.84,   54.07,  136.12,  425.00,    0.26,    0.54,    23.39,   93.88,     78.40,  450.50,    0.27,    0.54,   299.0,   0,  GPS,  163.0, 109.70, 109.70, 118.575, 121.825, 6887.837,       ,       ,      ,    1.1,       ,  -12.7,      0,  NONE,   NONE,      ,      ,   0.0, 3DDiff, 1852,      ,     22,  34.5,     23
2025-11-25, 22:11:40,  +00:00,   800€,   41.0631104,  -73.7086182,   398.1, 30.11,   403.1,   9.5,   0.00,   0.00,  -15.77,  -0.26,   0.71,  -0.01,   0.00,  27.6, 282.5,  27.7,  27.8, 205.01, 201.40,   776.24,   762.70,    24.72,   54.42,  135.01,  425.00,    0.27,    0.54,    23.40,   94.03,     78.28,  450.00,    0.27,    0.54,   298.1,   0,  GPS,  163.0, 109.70, 109.70, 118.575, 121.825, 6887.837,       ,       ,      ,    1.1,       ,  -12.7,      0,  NONE,   NONE,      ,      ,   0.0, 3DDiff, 1852,      ,     22,  35.0,     22
2025-11-25, 22:11:41,  +00:00,   800€,   41.0631104,  -73.7086182,   397.1, 30.11,   402.7,   9.5,   0.00,   0.00,  -15.87,  -0.26,   0.71,  -0.01,   0.00,  27.6, 282.5,  28.0,  28.0, 205.01, 201.40,   776.24,   762.70,    24.60,   54.79,  134.00,  426.00,    0.27,    0.54,    23.46,   94.17,     78.16,  450.50,    0.27,    0.54,   297.7,   0,  GPS,  163.0, 109.70, 109.70, 118.575, 121.825, 6887.837,       ,       ,      ,    1.1,       ,  -12.7,      0,  NONE,   NONE,      ,      ,   0.0, 3DDiff, 1852,      ,     22,  35.0,     22
2025-11-25, 22:11:42,  +00:00,   800€,   41.0631065,  -73.7086182,   397.1, 30.11,   401.8,   9.5,   0.00,   0.00,  -15.20,  -0.25,   0.71,  -0.01,   0.00,  27.6, 282.5,  28.1,  28.1, 205.01, 201.40,   776.24,   762.70,    24.49,   55.17,  132.92,  427.00,    0.26,    0.54,    23.49,   94.32,     78.02,  451.00,    0.27,    0.54,   296.8,   0,  GPS,  163.0, 109.70, 109.70, 118.575, 121.825, 6887.837,       ,       ,      ,    1.1,       ,  -12.7,      0,  NONE,   NONE,      ,      ,   0.0, 3DDiff, 1852,      ,     22,  34.5,     22
2025-11-25, 22:11:43,  +00:00,   800€,   41.0631065,  -73.7086182,   397.1, 30.11,   401.9,   9.5,   0.00,   0.00,  -11.87,  -0.26,   0.70,  -0.01,   0.00,  27.6, 282.5,  28.1,  28.2, 205.01, 201.40,   776.24,   762.70,    24.34,   55.56,  131.86,  427.00,    0.26,    0.54,    23.48,   94.48,     77.90,  450.50,    0.27,    0.54,   296.9,   0,  GPS,  163.0, 109.70, 109.70, 118.575, 121.825, 6887.837,       ,       ,      ,    1.1,       ,  -12.7,      0,  NONE,   NONE,      ,      ,   0.0, 3DDiff, 1852,      ,     22,  34.5,     22
2025-11-25, 22:11:44,  +00:00,   800€,   41.0631065,  -73.7086182,   397.1, 30.11,   401.9,   9.5,   0.00,   0.00,   -8.29,  -0.26,   0.71,  -0.01,   0.00,  27.6, 282.5,  28.2,  28.2, 205.01, 201.40,   776.24,   762.70,    24.18,   55.97,  130.96,  426.50,    0.26,    0.54,    23.44,   94.61,     77.75,  450.00,    0.27,    0.54,   296.9,   0,  GPS,  163.0, 109.70, 109.70, 118.575, 121.825, 6887.837,       ,       ,      ,    1.1,       ,  -12.7,      0,  NONE,   NONE,      ,      ,   0.0, 3DDiff, 1852,      ,     22,  34.5,     22
2025-11-25, 22:11:45,  +00:00,   800€,   41.0631294,  -73.7085953,   397.1, 30.11,   399.6,   9.5,   0.00,   0.00,   -5.45,  -0.26,   0.71,  -0.01,   0.00,  27.6, 282.5,  28.2,  28.2, 205.01, 201.40,   776.24,   762.70,    24.06,   56.39,  129.98,  426.00,    0.26,    0.54,    23.41,   94.76,     77.66,  449.00,    0.27,    0.54,   294.6,   0,  GPS,  163.0, 109.70, 109.70, 118.575, 121.825, 6887.837,       ,       ,      ,    1.1,       ,  -12.7,      0,  NONE,   NONE,      ,      ,  -3.9, 3DDiff, 1852,      ,     14,  25.0,     22
2025-11-25, 22:11:46,  +00:00,   800€,   41.0631294,  -73.7085953,   397.1, 30.11,   400.9,   9.5,   0.00,   0.00,   -3.44,  -0.26,   0.73,  -0.01,   0.00,  27.6, 282.5,  28.2,  28.2, 205.01, 201.40,   776.24,   762.70,    24.02,   56.80,  129.07,  426.00,    0.26,    0.54,    23.40,   94.89,     77.53,  449.50,    0.27,    0.54,   295.9,   0,  GPS,  163.0, 109.70, 109.70, 118.575, 121.825, 6887.837,       ,       ,      ,    1.1,       ,  -12.7,      0,  NONE,   NONE,      ,      ,   0.0, 3DDiff, 1852,      ,     14,  24.5,     22
2025-11-25, 22:11:47,  +00:00,   800€,   41.0631294,  -73.7085953,   397.1, 30.11,   401.4,   9.5,   0.00,   0.00,   -2.11,  -0.26,   0.73,  -0.01,   0.00,  27.6, 282.5,  28.2,  28.2, 205.01, 201.40,   776.24,   762.70,    23.98,   57.21,  128.10,  426.50,    0.26,    0.54,    23.41,   95.04,     77.43,  449.50,    0.27,    0.54,   296.4,   0,  GPS,  163.0, 109.70, 109.70, 118.575, 121.825, 6887.837,       ,       ,      ,    1.1,       ,  -12.7,      0,  NONE,   NONE,      ,      ,   0.0, 3DDiff, 1852,      ,     14,  24.5,     22
2025-11-25, 22:11:48,  +00:00,   800€,   41.0631294,  -73.7086029,   397.1, 30.11,   401.9,   9.5,   0.00,   0.00,   -1.27,  -0.26,   0.71,  -0.01,   0.00,  27.6, 282.5,  28.2,  28.2, 205.01, 201.40,   776.24,   762.70,    23.95,   57.60,  127.18,  426.50,    0.26,    0.54,    23.43,   95.17,     77.30,  449.00,    0.27,    0.54,   296.9,   0,  GPS,  163.0, 109.70, 109.70, 118.575, 121.825, 6887.837,       ,       ,      ,    1.1,       ,  -12.7,      0,  NONE,   NONE,      ,      ,   0.0, 3DDiff, 1852,      ,     14,  24.5,     22
2025-11-25, 22:11:49,  +00:00,   800€,   41.0631294,  -73.7086029,   397.1, 30.11,   402.0,   9.5,   0.00,   0.00,   -0.75,  -0.26,   0.71,  -0.01,   0.00,  27.6, 282.5,  28.2,  28.2, 205.01, 201.40,   776.24,   762.70,    23.92,   57.98,  126.39,  427.00,    0.26,    0.54,    23.42,   95.31,     77.18,  449.00,    0.27,    0.54,   297.0,   0,  GPS,  163.0, 109.70, 109.70, 118.575, 121.825, 6887.837,       ,       ,      ,    1.1,       ,  -12.7,      0,  NONE,   NONE,      ,      ,   0.0, 3DDiff, 1852,      ,     14,  24.5,     22
2025-11-25, 22:11:50,  +00:00,   800€,   41.0631294,  -73.7086029,   397.1, 30.11,   402.2,   9.5,   0.00,   0.00,   -0.44,  -0.26,   0.71,  -0.01,   0.00,  27.6, 282.5,  28.2,  28.2, 205.01, 201.40,   776.24,   762.70,    23.91,   58.36,  125.56,  427.50,    0.26,    0.54,    23.46,   95.46,     77.10,  448.00,    0.27,    0.54,   297.2,   0,  GPS,  163.0, 109.70, 109.70, 118.575, 121.825, 6887.837,       ,       ,      ,    1.1,       ,  -12.7,      0,  NONE,   NONE,      ,      ,   0.0, 3DDiff, 1852,      ,     14,  24.5,     22
2025-11-25, 22:11:51,  +00:00,   800€,   41.0631294,  -73.7086029,   398.1, 30.11,   402.5,   9.5,   0.00,   0.00,   -0.26,  -0.26,   0.70,  -0.01,   0.00,  27.7, 282.5,  28.2,  28.2, 205.01, 201.40,   776.24,   762.70,    23.88,   58.75,  124.79,  428.00,    0.26,    0.54,    23.40,   95.60,     76.99,  448.50,    0.27,    0.54,   297.5,   0,  GPS,  163.0, 109.70, 109.70, 118.575, 121.825, 6887.837,       ,       ,      ,    1.1,       ,  -12.7,      0,  NONE,   NONE,      ,      ,   0.0, 3DDiff, 1852,      ,     14,  24.5,     22
2025-11-25, 22:11:52,  +00:00,   800€,   41.0631294,  -73.7085953,   398.1, 30.11,   401.7,   9.2,   0.00,   0.00,   -0.15,  -0.26,   0.71,  -0.01,   0.00,  27.7, 282.5,  28.2,  28.2, 205.01, 201.40,   776.24,   762.70,    23.85,   59.12,  124.04,  428.00,    0.26,    0.54,    23.40,   95.76,     76.89,  447.50,    0.27,    0.54,   296.7,   0,  GPS,  163.0, 109.70, 109.70, 118.575, 121.825, 6887.837,       ,       ,      ,    1.1,       ,  -12.7,      0,  NONE,   NONE,      ,      ,   0.0, 3DDiff, 1852,      ,     14,  24.5,     22
2025-11-25, 22:11:53,  +00:00,   800€,   41.0631294,  -73.7085953,   397.1, 30.11,   401.4,   9.2,   0.00,   0.00,   -0.08,  -0.26,   0.71,  -0.01,   0.00,  27.7, 282.5,  28.2,  28.2, 205.01, 201.40,   776.24,   762.70,    23.83,   59.49,  123.21,  428.50,    0.26,    0.54,    23.38,   95.89,     76.81,  447.50,    0.27,    0.54,   296.4,   0,  GPS,  163.0, 109.70, 109.70, 118.575, 121.825, 6887.837,       ,       ,      ,    1.1,       ,  -12.7,      0,  NONE,   NONE,      ,      ,   0.0, 3DDiff, 1852,      ,     14,  24.5,     22
2025-11-25, 22:11:54,  +00:00,   800€,   41.0631294,  -73.7085953,   397.1, 30.11,   401.6,   9.2,   0.00,   0.00,   -0.05,  -0.26,   0.70,  -0.01,   0.00,  27.7, 282.5,  28.2,  28.2, 205.01, 201.40,   776.24,   762.70,    23.81,   59.85,  122.46,  428.50,    0.26,    0.54,    23.37,   96.01,     76.70,  447.00,    0.27,    0.54,   296.6,   0,  GPS,  163.0, 109.70, 109.70, 118.575, 121.825, 6887.837,       ,       ,      ,    1.1,       ,  -12.7,      0,  NONE,   NONE,      ,      ,   0.0, 3DDiff, 1852,      ,     14,  24.0,     22
2025-11-25, 22:11:55,  +00:00,   800€,   41.0631294,  -73.7085953,   397.1, 30.11,   401.8,   9.5,   0.00,   0.00,   -0.03,  -0.25,   0.71,  -0.01,   0.00,  27.7, 282.5,  28.2,  28.2, 205.01, 201.40,   776.24,   762.70,    23.79,   60.21,  121.78,  429.00,    0.26,    0.54,    23.35,   96.14,     76.59,  446.50,    0.27,    0.54,   296.8,   0,  GPS,  163.0, 109.70, 109.70, 118.575, 121.825, 6887.837,       ,       ,      ,    1.1,       ,  -12.7,      0,  NONE,   NONE,      ,      ,   0.0, 3DDiff, 1852,      ,     14,  24.5,     22
2025-11-25, 22:11:56,  +00:00,   800€,   41.0631294,  -73.7085953,   398.1, 30.11,   401.9,   9.5,   0.00,   0.00,   -0.02,  -0.25,   0.70,  -0.01,   0.00,  27.7, 282.5,  28.2,  28.2, 205.01, 201.40,   776.24,   762.70,    23.79,   60.56,  121.07,  429.00,    0.26,    0.54,    23.35,   96.25,     76.50,  446.50,    0.27,    0.54,   296.9,   0,  GPS,  163.0, 109.70, 109.70, 118.575, 121.825, 6887.837,       ,       ,      ,    1.1,       ,  -12.7,      0,  NONE,   NONE,      ,      ,   0.0, 3DDiff, 1852,      ,     14,  24.5,     22
2025-11-25, 22:11:57,  +00:00,   800€,   41.0631294,  -73.7085953,   397.1, 30.11,   402.1,   9.5,   0.00,   0.00,   -0.01,  -0.25,   0.70,  -0.01,   0.00,  27.7, 282.5,  28.2,  28.2, 205.01, 201.40,   776.24,   762.70,    23.74,   60.90,  120.23,  429.50,    0.26,    0.54,    23.34,   96.36,     76.39,  446.00,    0.27,    0.54,   297.1,   0,  GPS,  163.0, 109.70, 109.70, 118.575, 121.825, 6887.837,       ,       ,      ,    1.1,       ,  -12.7,      0,  NONE,   NONE,      ,      ,   0.0, 3DDiff, 1852,      ,     14,  24.5,     22
2025-11-25, 22:11:58,  +00:00,   800€,   41.0631294,  -73.7085953,   397.1, 30.11,   402.7,   9.5,   0.00,   0.00,   -0.00,  -0.25,   0.69,  -0.01,   0.00,  27.7, 282.5,  28.2,  28.2, 205.01, 201.40,   776.24,   762.70,    23.72,   61.23,  119.39,  430.00,    0.26,    0.54,    23.36,   96.47,     76.31,  446.50,    0.27,    0.54,   297.7,   0,  GPS,  163.0, 109.70, 109.70, 118.575, 121.825, 6887.837,       ,       ,      ,    1.1,       ,  -12.7,      0,  NONE,   NONE,      ,      ,   0.0, 3DDiff, 1852,      ,     14,  24.0,     22
2025-11-25, 22:11:59,  +00:00,   800€,   41.0631294,  -73.7086029,   398.1, 30.11,   403.3,   9.5,   0.00,   0.00,   -0.00,  -0.25,   0.69,  -0.01,   0.00,  27.7, 282.5,  28.2,  28.2, 205.01, 201.40,   776.24,   762.70,    23.75,   61.55,  118.68,  430.50,    0.26,    0.54,    23.38,   96.60,     76.23,  446.50,    0.27,    0.54,   298.3,   0,  GPS,  163.0, 109.70, 109.70, 118.575, 121.825, 6887.837,       ,       ,      ,    1.1,       ,  -12.7,      0,  NONE,   NONE,      ,      ,   3.9, 3DDiff, 1852,      ,     14,  24.0,     22
2025-11-25, 22:12:00,  +00:00,   800€,   41.0631294,  -73.7086029,   398.1, 30.11,   403.5,   9.5,   0.00,   0.00,    0.39,  -0.25,   0.68,  -0.01,   0.00,  27.7, 282.5,  28.2,  28.2, 205.01, 201.40,   776.24,   762.70,    23.73,   61.87,  117.88,  430.50,    0.26,    0.54,    23.38,   96.71,     76.16,  445.00,    0.27,    0.54,   298.5,   0,  GPS,  163.0, 109.70, 109.70, 118.575, 121.825, 6887.837,       ,       ,      ,    1.1,       ,  -12.7,      0,  NONE,   NONE,      ,      ,   0.0, 3DDiff, 1852,      ,     14,  24.0,     22
2025-11-25, 22:12:01,  +00:00,   800€,   41.0631294,  -73.7086029,   398.1, 30.11,   403.7,   9.5,   0.00,   0.00,    1.94,  -0.25,   0.69,  -0.01,   0.00,  27.7, 282.5,  28.2,  28.2, 205.01, 201.40,   776.24,   762.70,    23.68,   62.17,  117.09,  431.00,    0.26,    0.54,    23.35,   96.84,     76.03,  445.50,    0.27,    0.54,   298.7,   0,  GPS,  163.0, 109.70, 109.70, 118.575, 121.825, 6887.837,       ,       ,      ,    1.1,       ,  -12.7,      0,  NONE,   NONE,      ,      ,   0.0, 3DDiff, 1852,      ,     14,  24.0,     22
2025-11-25, 22:12:02,  +00:00,   800€,   41.0631294,  -73.7086029,   398.1, 30.11,   404.0,   9.5,   0.00,   0.00,    1.97,  -0.25,   0.69,  -0.01,   0.00,  27.7, 282.5,  28.2,  28.2, 205.01, 201.40,   776.24,   762.70,    23.68,   62.48,  116.31,  431.00,    0.26,    0.54,    23.35,   96.96,     75.92,  446.50,    0.27,    0.54,   299.0,   0,  GPS,  163.0, 109.70, 109.70, 118.575, 121.825, 6887.837,       ,       ,      ,    1.1,       ,  -12.7,      0,  NONE,   NONE,      ,      ,   0.0, 3DDiff, 1852,      ,     14,  24.0,     22
2025-11-25, 22:12:03,  +00:00,   800€,   41.0631294,  -73.7086029,   398.1, 30.11,   403.5,   9.5,   0.00,   0.00,    1.54,  -0.27,   0.69,  -0.01,   0.00,  27.7, 282.5,  28.2,  28.2, 205.01, 201.40,   776.24,   762.70,    23.67,   62.79,  115.57,  431.50,    0.26,    0.54,    23.34,   97.10,     75.83,  446.00,    0.27,    0.54,   298.5,   0,  GPS,  163.0, 109.70, 109.70, 118.575, 121.825, 6887.837,       ,       ,      ,    1.1,       ,  -12.7,      0,  NONE,   NONE,      ,      ,   0.0, 3DDiff, 1852,      ,     13,  19.0,     20
2025-11-25, 22:12:04,  +00:00,   800€,   41.0631294,  -73.7086029,   398.1, 30.11,   404.2,   9.5,   0.00,   0.00,    1.07,  -0.27,   0.69,  -0.01,   0.00,  27.7, 282.5,  28.2,  28.2, 205.01, 201.40,   776.24,   762.70,    23.64,   63.09,  114.76,  432.00,    0.26,    0.54,    23.33,   97.21,     75.76,  445.50,    0.27,    0.54,   299.2,   0,  GPS,  163.0, 109.70, 109.70, 118.575, 121.825, 6887.837,       ,       ,      ,    1.1,       ,  -12.7,      0,  NONE,   NONE,      ,      ,   0.0, 3DDiff, 1852,      ,     12,  19.0,     19
2025-11-25, 22:12:05,  +00:00,   800€,   41.0631294,  -73.7086029,   398.1, 30.11,   404.0,   9.5,   0.00,   0.00,    0.70,  -0.27,   0.69,  -0.01,   0.00,  27.6, 282.5,  28.2,  28.2, 205.01, 201.40,   776.24,   762.70,    23.65,   63.40,  114.01,  432.50,    0.26,    0.54,    23.32,   97.31,     75.66,  446.00,    0.27,    0.54,   299.0,   0,  GPS,  163.0, 109.70, 109.70, 118.575, 121.825, 6887.837,       ,       ,      ,    1.1,       ,  -12.7,      0,  NONE,   NONE,      ,      ,   0.0, 3DDiff, 1852,      ,     12,  19.0,     19
2025-11-25, 22:12:06,  +00:00,   800€,   41.0631294,  -73.7086029,   398.1, 30.11,   404.0,   9.5,   0.00,   0.00,    0.44,  -0.27,   0.68,  -0.01,   0.00,  27.6, 282.5,  28.2,  28.2, 205.01, 201.40,   776.24,   762.70,    23.60,   63.71,  113.26,  432.50,    0.26,    0.54,    23.35,   97.44,     75.58,  446.00,    0.27,    0.54,   299.0,   0,  GPS,  163.0, 109.70, 109.70, 118.575, 121.825, 6887.837,       ,       ,      ,    1.1,       ,  -12.7,      0,  NONE,   NONE,      ,      ,   0.0, 3DDiff, 1852,      ,     12,  19.0,     19
2025-11-25, 22:12:07,  +00:00,   800€,   41.0631294,  -73.7086029,   398.1, 30.11,   404.0,   9.5,   0.00,   0.00,    0.27,  -0.27,   0.68,  -0.01,   0.00,  27.7, 282.5,  28.2,  28.2, 205.01, 201.40,   776.24,   762.70,    23.57,   64.02,  112.54,  432.50,    0.26,    0.54,    23.32,   97.55,     75.49,  445.50,    0.27,    0.54,   299.0,   0,  GPS,  163.0, 109.70, 109.70, 118.575, 121.825, 6887.837,       ,       ,      ,    1.1,       ,  -12.7,      0,  NONE,   NONE,      ,      ,   0.0, 3DDiff, 1852,      ,     12,  19.0,     19
2025-11-25, 22:12:08,  +00:00,   800€,   41.0631294,  -73.7086029,   398.1, 30.11,   404.1,   9.5,   0.00,   0.00,    0.16,  -0.27,   0.67,  -0.01,   0.00,  27.7, 282.5,  28.2,  28.2, 205.01, 201.40,   776.24,   762.70,    23.58,   64.34,  111.84,  432.50,    0.26,    0.54,    23.33,   97.68,     75.40,  446.00,    0.27,    0.54,   299.1,   0,  GPS,  163.0, 109.70, 109.70, 118.575, 121.825, 6887.837,       ,       ,      ,    1.1,       ,  -12.7,      0,  NONE,   NONE,      ,      ,   0.0, 3DDiff, 1852,      ,     12,  19.0,     19
2025-11-25, 22:12:09,  +00:00,   800€,   41.0631294,  -73.7086029,   398.1, 30.11,   404.1,   9.5,   0.00,   0.00,    0.10,  -0.27,   0.67,  -0.01,   0.00,  27.7, 282.5,  28.2,  28.2, 205.01, 201.40,   776.24,   762.70,    23.54,   64.66,  111.18,  432.50,    0.26,    0.54,    23.35,   97.78,     75.33,  445.50,    0.28,    0.54,   299.1,   0,  GPS,  163.0, 109.70, 109.70, 118.575, 121.825, 6887.837,       ,       ,      ,    1.1,       ,  -12.7,      0,  NONE,   NONE,      ,      ,   0.0, 3DDiff, 1852,      ,     13,  19.0,     19
2025-11-25, 22:12:10,  +00:00,   800€,   41.0631294,  -73.7086029,   398.1, 30.11,   405.3,   9.5,   0.00,   0.00,    0.06,  -0.29,   0.67,  -0.01,  -0.00,  27.7, 282.5,  28.2,  28.2, 205.01, 201.40,   776.24,   762.70,    23.57,   64.97,  110.50,  433.50,    0.26,    0.54,    23.34,   97.90,     75.24,  445.50,    0.27,    0.54,   300.3,   0,  GPS,  163.0, 109.70, 109.70, 118.575, 121.825, 6887.837,       ,       ,      ,    1.1,       ,  -12.7,      0,  NONE,   NONE,      ,      ,   0.0, 3DDiff, 1852,      ,     12,  19.0,     19
2025-11-25, 22:12:11,  +00:00,   800€,   41.0631294,  -73.7086029,   398.1, 30.11,   405.7,   9.5,   0.00,   0.00,    0.03,  -0.29,   0.67,  -0.01,   0.00,  27.7, 282.5,  28.2,  28.2, 205.01, 201.40,   776.24,   762.70,    23.66,   65.29,  109.76,  434.50,    0.26,    0.54,    23.35,   98.00,     75.13,  445.00,    0.27,    0.54,   300.7,   0,  GPS,  163.0, 109.70, 109.70, 118.575, 121.825, 6887.837,       ,       ,      ,    1.1,       ,  -12.7,      0,  NONE,   NONE,      ,      ,   0.0, 3DDiff, 1852,      ,     12,  19.0,     19
2025-11-25, 22:12:12,  +00:00,   800€,   41.0631294,  -73.7086029,   398.1, 30.11,   405.5,   9.5,   0.00,   0.00,    0.02,  -0.29,   0.67,  -0.01,   0.00,  27.7, 282.5,  28.2,  28.2, 205.01, 201.40,   776.24,   762.70,    23.77,   65.61,  109.11,  436.00,    0.26,    0.54,    23.32,   98.10,     75.03,  445.00,    0.27,    0.54,   300.5,   0,  GPS,  163.0, 109.70, 109.70, 118.575, 121.825, 6887.837,       ,       ,      ,    1.1,       ,  -12.7,      0,  NONE,   NONE,      ,      ,   0.0, 3DDiff, 1852,      ,     12,  18.5,     18
2025-11-25, 22:12:13,  +00:00,   800€,   41.0631294,  -73.7086029,   397.1, 30.11,   405.5,   9.5,   0.00,   0.00,    0.01,  -0.29,   0.67,  -0.01,  -0.00,  27.6, 282.5,  28.2,  28.2, 205.01, 201.40,   776.24,   762.70,    23.87,   65.92,  108.49,  437.50,    0.26,    0.54,    23.31,   98.21,     74.95,  445.00,    0.27,    0.54,   300.5,   0,  GPS,  163.0, 109.70, 109.70, 118.575, 121.825, 6887.837,       ,       ,      ,    1.1,       ,  -12.7,      0,  NONE,   NONE,      ,      ,   0.0, 3DDiff, 1852,      ,     12,  19.0,     19
2025-11-25, 22:12:14,  +00:00,   800€,   41.0631294,  -73.7086029,   397.1, 30.11,   405.5,   9.5,   0.00,   0.00,    0.01,  -0.29,   0.67,  -0.01,   0.00,  27.6, 282.5,  28.2,  28.2, 205.01, 201.40,   776.24,   762.70,    23.92,   66.25,  107.95,  439.00,    0.26,    0.54,    23.32,   98.33,     74.87,  445.00,    0.27,    0.54,   300.5,   0,  GPS,  163.0, 109.70, 109.70, 118.575, 121.825, 6887.837,       ,       ,      ,    1.1,       ,  -12.7,      0,  NONE,   NONE,      ,      ,   0.0, 3DDiff, 1852,      ,     12,  19.0,     19
2025-11-25, 22:12:15,  +00:00,   800€,   41.0631294,  -73.7086029,   397.1, 30.11,   405.7,   9.5,   0.00,   0.00,    0.00,  -0.30,   0.66,  -0.01,   0.00,  27.6, 282.5,  28.2,  28.2, 205.01, 201.40,   776.24,   762.70,    23.97,   66.57,  107.35,  439.50,    0.26,    0.54,    23.31,   98.42,     74.79,  445.00,    0.27,    0.54,   300.7,   0,  GPS,  163.0, 109.70, 109.70, 118.575, 121.825, 6887.837,       ,       ,      ,    1.1,       ,  -12.7,      0,  NONE,   NONE,      ,      ,   0.0, 3DDiff, 1852,      ,     13,  19.0,     19
2025-11-25, 22:12:16,  +00:00,   800€,   41.0631371,  -73.7086029,   397.1, 30.11,   404.1,   9.5,   0.00,   0.00,    0.00,  -0.30,   0.66,  -0.01,   0.00,  27.6, 282.5,  28.2,  28.2, 205.01, 201.40,   776.24,   762.70,    23.94,   66.89,  106.78,  441.00,    0.26,    0.54,    23.32,   98.53,     74.72,  445.00,    0.27,    0.54,   299.1,   0,  GPS,  163.0, 109.70, 109.70, 118.575, 121.825, 6887.837,       ,       ,      ,    1.1,       ,  -12.7,      0,  NONE,   NONE,      ,      ,   0.0, 3DDiff, 1852,      ,     12,  19.0,     19
2025-11-25, 22:12:17,  +00:00,   800€,   41.0631371,  -73.7086029,   397.1, 30.11,   403.7,   9.5,   0.00,   0.00,    0.00,  -0.30,   0.66,  -0.01,   0.00,  27.6, 282.5,  28.2,  28.2, 205.01, 201.40,   776.24,   762.70,    23.98,   67.21,  106.24,  442.00,    0.26,    0.54,    23.32,   98.65,     74.66,  444.50,    0.27,    0.54,   298.7,   0,  GPS,  163.0, 109.70, 109.70, 118.575, 121.825, 6887.837,       ,       ,      ,    1.1,       ,  -12.7,      0,  NONE,   NONE,      ,      ,   0.0, 3DDiff, 1852,      ,     12,  19.0,     19
2025-11-25, 22:12:18,  +00:00,   800€,   41.0631294,  -73.7086029,   397.1, 30.11,   403.8,   9.5,   0.00,   0.00,    0.00,  -0.31,   0.66,  -0.01,   0.00,  27.6, 282.5,  28.2,  28.2, 205.01, 201.40,   776.24,   762.70,    23.95,   67.53,  105.65,  443.00,    0.26,    0.54,    23.32,   98.76,     74.54,  445.00,    0.27,    0.54,   298.8,   0,  GPS,  163.0, 109.70, 109.70, 118.575, 121.825, 6887.837,       ,       ,      ,    1.1,       ,  -12.7,      0,  NONE,   NONE,      ,      ,   0.0, 3DDiff, 1852,      ,     12,  18.5,     18
2025-11-25, 22:12:19,  +00:00,   800€,   41.0631294,  -73.7086029,   397.1, 30.11,   403.7,   9.5,   0.00,   0.00,    0.00,  -0.32,   0.66,  -0.01,   0.00,  27.6, 282.5,  28.2,  28.2, 205.01, 201.40,   776.24,   762.70,    23.98,   67.85,  105.15,  443.50,    0.26,    0.54,    23.31,   98.89,     74.43,  445.00,    0.27,    0.54,   298.7,   0,  GPS,  163.0, 109.70, 109.70, 118.575, 121.825, 6887.837,       ,       ,      ,    1.1,       ,  -12.7,      0,  NONE,   NONE,      ,      ,   0.0, 3DDiff, 1852,      ,     12,  19.0,     19
2025-11-25, 22:12:20,  +00:00,   800€,   41.0631294,  -73.7086029,   397.1, 30.11,   403.6,   9.5,   0.00,   0.00,    0.00,  -0.32,   0.66,  -0.01,   0.00,  27.6, 282.5,  28.2,  28.2, 205.01, 201.40,   776.24,   762.70,    23.95,   68.17,  104.57,  444.00,    0.26,    0.54,    23.31,   99.00,     74.33,  444.50,    0.27,    0.54,   298.6,   0,  GPS,  163.0, 109.70, 109.70, 118.575, 121.825, 6887.837,       ,       ,      ,    1.1,       ,  -12.7,      0,  NONE,   NONE,      ,      ,   0.0, 3DDiff, 1852,      ,     12,  19.0,     19
2025-11-25, 22:12:21,  +00:00,   800€,   41.0631294,  -73.7086029,   397.1, 30.11,   403.5,   9.5,   0.00,   0.00,    0.00,  -0.33,   0.66,  -0.01,   0.00,  27.6, 282.5,  28.2,  28.2, 205.01, 201.40,   776.24,   762.70,    23.93,   68.49,  103.97,  444.50,    0.26,    0.54,    23.30,   99.10,     74.28,  444.00,    0.27,    0.54,   298.5,   0,  GPS,  163.0, 109.70, 109.70, 118.575, 121.825, 6887.837,       ,       ,      ,    1.1,       ,  -12.7,      0,  NONE,   NONE,      ,      ,   0.0, 3DDiff, 1852,      ,     12,  19.0,     19
2025-11-25, 22:12:22,  +00:00,   800€,   41.0631371,  -73.7086029,   397.1, 30.11,   402.1,   9.5,   0.00,   0.00,    0.00,  -0.32,   0.66,  -0.01,  -0.00,  27.6, 282.5,  28.2,  28.2, 205.01, 201.40,   776.24,   762.70,    23.91,   68.80,  103.49,  444.00,    0.26,    0.54,    23.30,   99.18,     74.19,  444.50,    0.27,    0.54,   297.1,   0,  GPS,  163.0, 109.70, 109.70, 118.575, 121.825, 6887.837,       ,       ,      ,    1.1,       ,  -12.7,      0,  NONE,   NONE,      ,      ,   0.0, 3DDiff, 1852,      ,     13,  19.5,     20
2025-11-25, 22:12:23,  +00:00,   800€,   41.0631371,  -73.7086029,   397.1, 30.11,   402.6,   9.5,   0.00,   0.00,    0.00,  -0.33,   0.66,  -0.01,   0.00,  27.6, 282.5,  28.2,  28.2, 205.01, 201.40,   776.24,   762.70,    23.93,   69.10,  103.04,  444.50,    0.26,    0.54,    23.33,   99.28,     74.12,  444.50,    0.27,    0.54,   297.6,   0,  GPS,  163.0, 109.70, 109.70, 118.575, 121.825, 6887.837,       ,       ,      ,    1.1,       ,  -12.7,      0,  NONE,   NONE,      ,      ,   0.0, 3DDiff, 1852,      ,     13,  19.5,     20
2025-11-25, 22:12:24,  +00:00,   800€,   41.0631371,  -73.7086029,   396.1, 30.11,   402.0,   9.5,   0.00,   0.00,    0.00,  -0.33,   0.65,  -0.01,   0.00,  27.6, 282.5,  28.2,  28.2, 205.01, 201.40,   776.24,   762.70,    23.89,   69.41,  102.66,  444.50,    0.26,    0.54,    23.30,   99.38,     74.03,  444.50,    0.27,    0.54,   297.0,   0,  GPS,  163.0, 109.70, 109.70, 118.575, 121.825, 6887.837,       ,       ,      ,    1.1,       ,  -12.7,      0,  NONE,   NONE,      ,      ,   0.0, 3DDiff, 1852,      ,     13,  19.0,     19
2025-11-25, 22:12:25,  +00:00,   800€,   41.0631371,  -73.7086029,   396.1, 30.11,   402.0,   9.5,   0.00,   0.00,    0.00,  -0.33,   0.65,  -0.01,   0.00,  27.6, 282.5,  28.2,  28.2, 205.01, 201.40,   776.24,   762.70,    23.89,   69.71,  102.28,  444.50,    0.26,    0.54,    23.30,   99.50,     73.96,  444.00,    0.27,    0.54,   297.0,   0,  GPS,  163.0, 109.70, 109.70, 118.575, 121.825, 6887.837,       ,       ,      ,    1.1,       ,  -12.7,      0,  NONE,   NONE,      ,      ,   0.0, 3DDiff, 1852,      ,     13,  19.5,     20
2025-11-25, 22:12:26,  +00:00,   800€,   41.0631371,  -73.7085953,   396.1, 30.11,   404.9,   9.5,   0.00,   0.00,    0.00,  -0.33,   0.64,  -0.01,  -0.00,  27.6, 282.5,  28.2,  28.2, 205.01, 201.40,   776.24,   762.70,    23.87,   70.01,  101.75,  445.00,    0.26,    0.54,    23.25,   99.61,     73.86,  445.00,    0.27,    0.54,   299.9,   0,  GPS,  163.0, 109.70, 109.70, 118.575, 121.825, 6887.837,       ,       ,      ,    1.1,       ,  -12.7,      0,  NONE,   NONE,      ,      ,   0.0, 3DDiff, 1852,      ,     12,  19.0,     19
2025-11-25, 22:12:27,  +00:00,   800€,   41.0631371,  -73.7085953,   396.1, 30.11,   404.9,   9.5,   0.00,   0.00,    0.00,  -0.32,   0.65,  -0.01,  -0.00,  27.6, 282.5,  28.2,  28.2, 205.01, 201.40,   776.24,   762.70,    23.87,   70.31,  101.22,  445.00,    0.26,    0.54,    23.30,   99.72,     73.82,  444.50,    0.27,    0.54,   299.9,   0,  GPS,  163.0, 109.70, 109.70, 118.575, 121.825, 6887.837,       ,       ,      ,    1.1,       ,  -12.7,      0,  NONE,   NONE,      ,      ,   0.0, 3DDiff, 1852,      ,     12,  19.0,     19
2025-11-25, 22:12:28,  +00:00,   800€,   41.0631371,  -73.7085953,   396.1, 30.11,   404.7,   9.5,   0.00,   0.00,    0.00,  -0.32,   0.65,  -0.01,   0.00,  27.6, 282.5,  28.2,  28.2, 205.01, 201.40,   776.24,   762.70,    23.85,   70.60,  100.73,  445.00,    0.26,    0.54,    23.27,   99.85,     73.74,  444.50,    0.28,    0.54,   299.7,   0,  GPS,  163.0, 109.70, 109.70, 118.575, 121.825, 6887.837,       ,       ,      ,    1.1,       ,  -12.7,      0,  NONE,   NONE,      ,      ,   0.0, 3DDiff, 1852,      ,     12,  19.0,     18
2025-11-25, 22:12:29,  +00:00,   800€,   41.0631371,  -73.7085953,   396.1, 30.11,   404.4,   9.5,   0.00,   0.00,    0.00,  -0.31,   0.65,  -0.01,   0.00,  27.6, 282.5,  28.2,  28.2, 205.01, 201.40,   776.24,   762.70,    23.87,   70.89,  100.34,  445.50,    0.26,    0.54,    23.29,   99.96,     73.68,  444.50,    0.28,    0.54,   299.4,   0,  GPS,  163.0, 109.70, 109.70, 118.575, 121.825, 6887.837,       ,       ,      ,    1.1,       ,  -12.7,      0,  NONE,   NONE,      ,      ,   0.0, 3DDiff, 1852,      ,     12,  19.0,     19
2025-11-25, 22:12:30,  +00:00,   800€,   41.0631371,  -73.7086029,   396.1, 30.11,   405.0,   9.5,   0.00,   0.00,    0.00,  -0.31,   0.66,  -0.01,   0.00,  27.6, 282.5,  28.2,  28.2, 205.01, 201.40,   776.24,   762.70,    23.86,   71.18,  100.00,  446.00,    0.26,    0.54,    23.30,  100.07,     73.60,  444.50,    0.28,    0.54,   300.0,   0,  GPS,  163.0, 109.70, 109.70, 118.575, 133.800, 6887.837,       ,       ,      ,    1.1,       ,  -12.7,      0,  NONE,   NONE,      ,      ,   0.0, 3DDiff, 1852,      ,     12,  19.0,     18
2025-11-25, 22:12:31,  +00:00,   800€,   41.0631371,  -73.7086029,   396.1, 30.11,   405.2,   9.5,   0.00,   0.00,    0.00,  -0.31,   0.66,  -0.01,  -0.00,  27.6, 282.5,  28.2,  28.2, 205.01, 201.40,   776.24,   762.70,    23.86,   71.48,   99.62,  446.50,    0.26,    0.54,    23.28,  100.18,     73.51,  445.00,    0.27,    0.54,   300.2,   0,  GPS,  163.0, 109.70, 109.70, 118.575, 133.800, 6887.837,       ,       ,      ,    1.1,       ,  -12.7,      0,  NONE,   NONE,      ,      ,   0.0, 3DDiff, 1852,      ,     12,  19.0,     18
2025-11-25, 22:12:32,  +00:00,   800€,   41.0631371,  -73.7086029,   396.1, 30.11,   405.5,   9.5,   0.00,   0.00,    0.00,  -0.31,   0.66,  -0.01,   0.00,  27.6, 282.5,  28.2,  28.2, 205.01, 201.40,   776.24,   762.70,    23.83,   71.78,   99.23,  446.50,    0.26,    0.54,    23.27,  100.28,     73.44,  444.50,    0.27,    0.54,   300.5,   0,  GPS,  163.0, 109.70, 109.70, 118.575, 133.800, 6887.837,       ,       ,      ,    1.1,       ,  -12.7,      0,  NONE,   NONE,      ,      ,   0.0, 3DDiff, 1852,      ,     12,  19.0,     19
2025-11-25, 22:12:33,  +00:00,   800€,   41.0631294,  -73.7086029,   396.1, 30.11,   405.7,   9.5,   0.00,   0.00,    0.00,  -0.31,   0.66,  -0.01,  -0.00,  27.6, 282.5,  28.2,  28.2, 205.01, 201.40,   776.24,   762.70,    23.85,   72.07,   98.81,  447.00,    0.26,    0.54,    23.27,  100.37,     73.34,  444.50,    0.27,    0.54,   300.7,   0,  GPS,  163.0, 109.70, 109.70, 118.575, 133.800, 6887.837,       ,       ,      ,    1.1,       ,  -12.7,      0,  NONE,   NONE,      ,      ,   0.0, 3DDiff, 1852,      ,     12,  19.0,     19
2025-11-25, 22:12:34,  +00:00,   800€,   41.0631371,  -73.7086029,   396.1, 30.11,   405.8,   9.5,   0.00,   0.00,    0.00,  -0.31,   0.66,  -0.01,   0.00,  27.6, 282.5,  28.2,  28.2, 205.01, 201.40,   776.24,   762.70,    23.84,   72.35,   98.35,  446.50,    0.26,    0.54,    23.26,  100.46,     73.29,  444.00,    0.27,    0.54,   300.8,   0,  GPS,  163.0, 109.70, 109.70, 118.575, 133.800, 6887.837,       ,       ,      ,    1.1,       ,  -12.7,      0,  NONE,   NONE,      ,      ,   3.9, 3DDiff, 1852,      ,     12,  19.0,     18
2025-11-25, 22:12:35,  +00:00,   800€,   41.0631371,  -73.7086029,   396.1, 30.11,   406.4,   9.5,   0.00,   0.00,    0.00,  -0.31,   0.66,  -0.01,  -0.00,  27.6, 282.5,  28.2,  28.2, 205.01, 201.40,   776.24,   762.70,    23.82,   72.63,   97.99,  446.50,    0.26,    0.54,    23.24,  100.57,     73.20,  444.00,    0.27,    0.54,   301.4,   0,  GPS,  163.0, 109.70, 109.70, 118.575, 133.800, 6887.837,       ,       ,      ,    1.1,       ,  -12.7,      0,  NONE,   NONE,      ,      ,   0.0, 3DDiff, 1852,      ,     12,  19.0,     19
2025-11-25, 22:12:36,  +00:00,   800€,   41.0631371,  -73.7086029,   396.1, 30.11,   405.5,   9.5,   0.00,   0.00,    0.00,  -0.31,   0.66,  -0.01,  -0.00,  27.6, 282.5,  28.2,  28.2, 205.01, 201.40,   776.24,   762.70,    23.79,   72.91,   97.61,  447.00,    0.26,    0.54,    23.25,  100.68,     73.14,  443.50,    0.27,    0.54,   300.5,   0,  GPS,  163.0, 109.70, 109.70, 118.575, 133.800, 6887.837,       ,       ,      ,    1.1,       ,  -12.7,      0,  NONE,   NONE,      ,      ,   0.0, 3DDiff, 1852,      ,     12,  18.5,     18
2025-11-25, 22:12:37,  +00:00,   800€,   41.0631371,  -73.7086029,   396.1, 30.11,   405.5,   9.5,   0.00,   0.00,    0.00,  -0.31,   0.66,  -0.01,   0.00,  27.6, 282.5,  28.2,  28.2, 205.01, 201.40,   776.24,   762.70,    23.78,   73.18,   97.25,  447.00,    0.26,    0.54,    23.27,  100.80,     73.08,  444.00,    0.27,    0.54,   300.5,   0,  GPS,  163.0, 109.70, 109.70, 118.575, 133.800, 6887.837,       ,       ,      ,    1.1,       ,  -12.7,      0,  NONE,   NONE,      ,      ,   0.0, 3DDiff, 1852,      ,     12,  19.0,     18
2025-11-25, 22:12:38,  +00:00,   800€,   41.0631371,  -73.7086029,   396.1, 30.11,   405.7,   9.5,   0.00,   0.00,    0.00,  -0.29,   0.65,  -0.01,   0.00,  27.6, 282.5,  28.2,  28.2, 205.01, 201.40,   776.24,   762.70,    23.80,   73.44,   96.96,  447.00,    0.26,    0.54,    23.27,  100.91,     73.03,  444.00,    0.27,    0.54,   300.7,   0,  GPS,  163.0, 109.70, 109.70, 118.575, 133.800, 6887.837,       ,       ,      ,    1.1,       ,  -12.7,      0,  NONE,   NONE,      ,      ,   0.0, 3DDiff, 1852,      ,     12,  19.0,     19
2025-11-25, 22:12:39,  +00:00,   800€,   41.0631371,  -73.7086029,   396.1, 30.11,   405.8,   9.5,   0.00,   0.00,    0.00,  -0.29,   0.65,  -0.01,  -0.00,  27.6, 282.5,  28.2,  28.2, 205.01, 201.40,   776.24,   762.70,    23.77,   73.69,   96.57,  446.50,    0.26,    0.54,    23.23,  101.01,     72.97,  444.00,    0.27,    0.54,   300.8,   0,  GPS,  163.0, 109.70, 109.70, 118.575, 133.800, 6887.837,       ,       ,      ,    1.1,       ,  -12.7,      0,  NONE,   NONE,      ,      ,   0.0, 3DDiff, 1852,      ,     12,  19.0,     19
2025-11-25, 22:12:40,  +00:00,   800€,   41.0631371,  -73.7086029,   396.1, 30.11,   406.3,   9.5,   0.00,   0.00,    0.00,  -0.30,   0.66,  -0.01,   0.00,  27.6, 282.5,  28.2,  28.2, 205.01, 201.40,   776.24,   762.70,    23.73,   73.93,   96.20,  445.00,    0.26,    0.54,    23.24,  101.10,     72.93,  444.00,    0.27,    0.54,   301.3,   0,  GPS,  163.0, 109.70, 109.70, 118.575, 133.800, 6887.837,       ,       ,      ,    1.1,       ,  -12.7,      0,  NONE,   NONE,      ,      ,   0.0, 3DDiff, 1852,      ,     12,  19.0,     18
2025-11-25, 22:12:41,  +00:00,   800€,   41.0631371,  -73.7086029,   396.1, 30.11,   406.2,   9.5,   0.00,   0.00,    0.00,  -0.29,   0.66,  -0.01,   0.00,  27.6, 282.5,  28.2,  28.2, 205.01, 201.40,   776.24,   762.70,    23.61,   74.17,   95.86,  445.00,    0.26,    0.54,    23.22,  101.20,     72.83,  444.00,    0.27,    0.54,   301.2,   0,  GPS,  163.0, 109.70, 109.70, 118.575, 133.800, 6887.837,       ,       ,      ,    1.1,       ,  -12.7,      0,  NONE,   NONE,      ,      ,   0.0, 3DDiff, 1852,      ,     12,  19.0,     18
2025-11-25, 22:12:42,  +00:00,   800€,   41.0631371,  -73.7086029,   396.1, 30.11,   407.1,   9.5,   0.00,   0.00,    0.00,  -0.29,   0.66,  -0.01,   0.00,  27.6, 282.5,  28.2,  28.2, 205.01, 201.40,   776.24,   762.70,    23.59,   74.41,   95.53,  444.50,    0.26,    0.54,    23.25,  101.30,     72.76,  444.00,    0.27,    0.54,   302.1,   0,  GPS,  163.0, 109.70, 109.70, 118.575, 133.800, 6887.837,       ,       ,      ,    1.1,       ,  -12.7,      0,  NONE,   NONE,      ,      ,   0.0, 3DDiff, 1852,      ,     12,  18.5,     18
2025-11-25, 22:12:43,  +00:00,   800€,   41.0631371,  -73.7086029,   396.1, 30.11,   407.3,   9.5,   0.00,   0.00,    0.00,  -0.29,   0.66,  -0.01,  -0.00,  27.6, 282.5,  28.2,  28.2, 205.01, 201.40,   776.24,   762.70,    23.46,   74.67,   95.19,  443.00,    0.26,    0.54,    23.26,  101.40,     72.70,  443.50,    0.27,    0.54,   302.3,   0,  GPS,  163.0, 109.70, 109.70, 118.575, 133.800, 6887.837,       ,       ,      ,    1.1,       ,  -12.7,      0,  NONE,   NONE,      ,      ,   0.0, 3DDiff, 1852,      ,     12,  18.5,     18
2025-11-25, 22:12:44,  +00:00,   800€,   41.0631371,  -73.7086029,   395.1, 30.11,   407.6,   9.5,   0.00,   0.00,    0.00,  -0.29,   0.65,  -0.01,   0.00,  27.6, 282.5,  28.2,  28.2, 205.01, 201.40,   776.24,   762.70,    23.36,   74.91,   94.85,  441.50,    0.26,    0.54,    23.23,  101.48,     72.62,  444.00,    0.27,    0.54,   302.6,   0,  GPS,  163.0, 109.70, 109.70, 118.575, 133.800, 6887.837,       ,       ,      ,    1.1,       ,  -12.7,      0,  NONE,   NONE,      ,      ,   0.0, 3DDiff, 1852,      ,     12,  19.0,     19
2025-11-25, 22:12:45,  +00:00,   800€,   41.0631371,  -73.7086029,   395.1, 30.11,   407.8,   9.5,   0.00,   0.00,    0.00,  -0.30,   0.66,  -0.01,  -0.00,  27.6, 282.5,  28.2,  28.2, 205.01, 201.40,   776.24,   762.70,    23.25,   75.16,   94.51,  440.50,    0.26,    0.54,    23.30,  101.56,     72.55,  444.50,    0.27,    0.54,   302.8,   0,  GPS,  163.0, 109.70, 109.70, 118.575, 133.800, 6887.837,       ,       ,      ,    1.1,       ,  -12.7,      0,  NONE,   NONE,      ,      ,   0.0, 3DDiff, 1852,      ,     12,  19.0,     19
2025-11-25, 22:12:46,  +00:00,   800€,   41.0631371,  -73.7086029,   396.1, 30.11,   407.9,   9.5,   0.00,   0.00,    0.00,  -0.35,   0.66,  -0.01,  -0.02,  27.6, 282.5,  28.2,  28.2, 205.01, 201.40,   776.24,   762.70,    23.24,   75.41,   94.26,  439.50,    0.26,    0.54,    23.28,  101.66,     72.51,  444.50,    0.27,    0.54,   302.9,   0,  GPS,  163.0, 109.70, 109.70, 118.575, 133.800, 6887.837,       ,       ,      ,    1.1,       ,  -12.7,      0,  NONE,   NONE,      ,      ,   0.0, 3DDiff, 1852,      ,     12,  19.0,     18
2025-11-25, 22:12:47,  +00:00,   800€,   41.0631371,  -73.7086029,   396.1, 30.11,   408.5,   9.5,   0.00,   0.00,    0.00,  -0.53,   0.66,  -0.01,   0.01,  27.7, 282.5,  28.2,  28.2, 205.01, 201.40,   776.24,   762.70,    23.22,   75.65,   93.95,  439.00,    0.26,    0.54,    23.26,  101.78,     72.48,  443.50,    0.27,    0.54,   303.5,   0,  GPS,  163.0, 109.70, 109.70, 118.575, 133.800, 6887.837,       ,       ,      ,    1.1,       ,  -12.7,      0,  NONE,   NONE,      ,      , -31.5, 3DDiff, 1852,      ,     12,  19.0,     18
2025-11-25, 22:12:48,  +00:00,   800€,   41.0631371,  -73.7086029,   396.1, 30.11,   408.8,   9.5,   0.00,   0.00,    0.00,  -0.48,   0.66,  -0.02,  -0.00,  27.6, 282.5,  28.2,  28.2, 205.01, 201.40,   776.24,   762.70,    23.21,   75.89,   93.64,  438.50,    0.26,    0.54,    23.20,  101.88,     72.38,  443.50,    0.27,    0.54,   303.8,   0,  GPS,  163.0, 109.70, 109.70, 118.575, 133.800, 6887.837,       ,       ,      ,    1.1,       ,  -12.7,      0,  NONE,   NONE,      ,      ,   0.0, 3DDiff, 1852,      ,     12,  18.5,     18
2025-11-25, 22:12:49,  +00:00,   800€,   41.0631371,  -73.7086029,   396.1, 30.11,   409.1,   9.5,   0.00,   0.00,    0.00,  -0.47,   0.66,  -0.01,   0.00,  27.6, 282.5,  28.2,  28.2, 205.01, 201.40,   776.24,   762.70,    23.22,   76.13,   93.32,  438.00,    0.26,    0.54,    23.21,  101.97,     72.32,  443.50,    0.27,    0.54,   304.1,   0,  GPS,  163.0, 109.70, 109.70, 118.575, 133.800, 6887.837,       ,       ,      ,    1.1,       ,  -12.7,      0,  NONE,   NONE,      ,      ,   0.0, 3DDiff, 1852,      ,     12,  18.5,     18
2025-11-25, 22:12:50,  +00:00,   800€,   41.0631371,  -73.7086029,   396.1, 30.11,   409.5,   9.5,   0.00,   0.00,    0.00,  -0.47,   0.66,  -0.01,   0.00,  27.6, 282.5,  28.2,  28.2, 205.01, 201.40,   776.24,   762.70,    23.20,   76.36,   93.08,  437.50,    0.26,    0.54,    23.21,  102.05,     72.26,  443.50,    0.27,    0.54,   304.5,   0,  GPS,  163.0, 109.70, 109.70, 118.575, 133.800, 6887.837,       ,       ,      ,    1.1,       ,  -12.7,      0,  NONE,   NONE,      ,      ,   0.0, 3DDiff, 1852,      ,     12,  18.5,     18
2025-11-25, 22:12:51,  +00:00,   800€,   41.0631371,  -73.7086029,   396.1, 30.11,   409.9,   9.5,   0.00,   0.00,    0.00,  -0.47,   0.66,  -0.01,   0.00,  27.6, 282.5,  28.2,  28.2, 205.01, 201.40,   776.24,   762.70,    23.21,   76.57,   92.75,  437.50,    0.26,    0.54,    23.19,  102.14,     72.21,  443.00,    0.27,    0.54,   304.9,   0,  GPS,  163.0, 109.70, 109.70, 118.575, 133.800, 6887.837,       ,       ,      ,    1.1,       ,  -12.7,      0,  NONE,   NONE,      ,      ,   0.0, 3DDiff, 1852,      ,     12,  19.0,     19
2025-11-25, 22:12:52,  +00:00,   800€,   41.0631371,  -73.7086029,   396.1, 30.11,   408.4,   9.5,   0.00,   0.00,    0.00,  -0.47,   0.67,  -0.01,   0.00,  27.6, 282.5,  28.2,  28.2, 205.01, 201.40,   776.24,   762.70,    23.19,   76.79,   92.43,  437.00,    0.26,    0.54,    23.19,  102.22,     72.14,  443.50,    0.27,    0.54,   303.4,   0,  GPS,  163.0, 109.70, 109.70, 118.575, 133.800, 6887.837,       ,       ,      ,    1.1,       ,  -12.7,      0,  NONE,   NONE,      ,      ,   0.0, 3DDiff, 1852,      ,     12,  18.5,     18
2025-11-25, 22:12:53,  +00:00,   800€,   41.0631371,  -73.7086029,   396.1, 30.11,   408.1,   9.5,   0.00,   0.00,    0.05,  -0.46,   0.67,  -0.01,  -0.00,  27.6, 282.5,  28.2,  28.2, 205.01, 201.40,   776.24,   762.70,    23.19,   77.02,   92.12,  437.00,    0.26,    0.54,    23.20,  102.32,     72.09,  443.50,    0.27,    0.54,   303.1,   0,  GPS,  163.0, 109.70, 109.70, 118.575, 133.800, 6887.837,       ,       ,      ,    1.1,       ,  -12.7,      0,  NONE,   NONE,      ,      ,   0.0, 3DDiff, 1852,      ,     12,  19.0,     18
2025-11-25, 22:12:54,  +00:00,   800€,   41.0631371,  -73.7086029,   397.1, 30.11,   407.8,   9.5,   0.00,   0.00,    2.60,  -0.47,   0.67,  -0.03,   0.00,  27.6, 282.5,  28.2,  28.2, 205.01, 201.40,   776.24,   762.70,    23.18,   77.24,   91.89,  437.00,    0.26,    0.54,    23.21,  102.41,     72.06,  443.50,    0.27,    0.54,   302.8,   0,  GPS,  163.0, 109.70, 109.70, 118.575, 133.800, 6887.837,       ,       ,      ,    1.1,       ,  -12.7,      0,  NONE,   NONE,      ,      ,   0.0, 3DDiff, 1852,      ,     12,  18.5,     18
2025-11-25, 22:12:55,  +00:00,   800€,   41.0631371,  -73.7086029,   397.1, 30.11,   407.9,   9.5,   0.00,   0.00,    6.31,  -0.47,   0.66,  -0.00,   0.00,  27.5, 282.5,  28.2,  28.2, 205.01, 201.40,   776.24,   762.70,    23.20,   77.46,   91.59,  437.00,    0.26,    0.54,    23.20,  102.50,     71.99,  443.00,    0.27,    0.54,   302.9,   0,  GPS,  163.0, 109.70, 109.70, 118.575, 133.800, 6887.837,       ,       ,      ,    1.1,       ,  -12.7,      0,  NONE,   NONE,      ,      ,   3.9, 3DDiff, 1852,      ,     12,  18.5,     18
2025-11-25, 22:12:56,  +00:00,   800€,   41.0631371,  -73.7086029,   397.1, 30.11,   407.9,   9.5,   0.00,   0.00,    9.35,  -0.47,   0.66,  -0.01,   0.00,  27.5, 282.5,  28.2,  28.2, 205.01, 201.40,   776.24,   762.70,    23.22,   77.67,   91.29,  437.50,    0.26,    0.54,    23.21,  102.58,     71.91,  442.50,    0.27,    0.54,   302.9,   0,  GPS,  163.0, 109.70, 109.70, 118.575, 133.800, 6887.837,       ,       ,      ,    1.1,       ,  -12.7,      0,  NONE,   NONE,      ,      ,   0.0, 3DDiff, 1852,      ,     12,  18.5,     18
2025-11-25, 22:12:57,  +00:00,   800€,   41.0631371,  -73.7086029,   396.1, 30.11,   404.8,   9.5,   0.00,   0.00,    8.88,  -0.47,   0.66,  -0.01,   0.00,  27.5, 282.5,  28.2,  28.3, 205.01, 201.40,   776.24,   762.70,    23.19,   77.88,   91.04,  437.00,    0.26,    0.54,    23.20,  102.68,     71.87,  442.00,    0.27,    0.54,   299.8,   0,  GPS,  163.0, 109.70, 109.70, 118.575, 133.800, 6887.837,       ,       ,      ,    1.1,       ,  -12.7,      0,  NONE,   NONE,      ,      ,   0.0, 3DDiff, 1852,      ,     13,  19.5,     20
2025-11-25, 22:12:58,  +00:00,   800€,   41.0631371,  -73.7086029,   396.1, 30.11,   409.8,   9.5,   0.00,   0.00,    6.76,  -0.47,   0.66,  -0.01,   0.00,  27.5, 282.5,  28.2,  28.2, 205.01, 201.40,   776.24,   762.70,    23.18,   78.08,   90.79,  437.50,    0.26,    0.54,    23.21,  102.77,     71.82,  442.00,    0.27,    0.54,   304.8,   0,  GPS,  163.0, 109.70, 109.70, 118.575, 133.800, 6887.837,       ,       ,      ,    1.1,       ,  -12.7,      0,  NONE,   NONE,      ,      ,   0.0, 3DDiff, 1852,      ,     12,  18.5,     18
2025-11-25, 22:12:59,  +00:00,   800€,   41.0631371,  -73.7086029,   396.1, 30.11,   410.4,   9.5,   0.00,   0.00,    4.66,  -0.47,   0.66,  -0.01,   0.00,  27.5, 282.5,  28.2,  28.3, 205.01, 201.40,   776.24,   762.70,    23.18,   78.29,   90.51,  437.00,    0.26,    0.54,    23.19,  102.87,     71.75,  442.50,    0.27,    0.54,   305.4,   0,  GPS,  163.0, 109.70, 109.70, 118.575, 133.800, 6887.837,       ,       ,      ,    1.1,       ,  -12.7,      0,  NONE,   NONE,      ,      ,   0.0, 3DDiff, 1852,      ,     12,  18.5,     18
2025-11-25, 22:13:00,  +00:00,   800€,   41.0631371,  -73.7086029,   397.1, 30.11,   410.6,   9.5,   0.00,   0.00,    3.04,  -0.47,   0.66,  -0.01,   0.00,  27.5, 282.5,  28.2,  28.3, 205.01, 201.40,   776.24,   762.70,    23.18,   78.49,   90.21,  437.50,    0.26,    0.54,    23.20,  102.96,     71.69,  442.50,    0.27,    0.54,   305.6,   0,  GPS,  163.0, 109.70, 109.70, 118.575, 133.800, 6887.837,       ,       ,      ,    1.1,       ,  -12.7,      0,  NONE,   NONE,      ,      ,   0.0, 3DDiff, 1852,      ,     12,  18.5,     18
2025-11-25, 22:13:01,  +00:00,   800€,   41.0631371,  -73.7086029,   397.1, 30.11,   407.7,   9.5,   0.00,   0.00,    1.91,  -0.47,   0.66,  -0.01,  -0.00,  27.5, 282.5,  28.2,  28.3, 205.01, 201.40,   776.24,   762.70,    23.16,   78.70,   89.93,  437.50,    0.26,    0.54,    23.18,  103.03,     71.60,  443.00,    0.27,    0.54,   302.7,   0,  GPS,  163.0, 109.70, 109.70, 118.575, 133.800, 6887.837,       ,       ,      ,    1.1,       ,  -12.7,      0,  NONE,   NONE,      ,      ,   0.0, 3DDiff, 1852,      ,     12,  19.0,     19
2025-11-25, 22:13:02,  +00:00,   800€,   41.0631371,  -73.7086029,   396.1, 30.11,   408.0,   9.5,   0.00,   0.00,    1.17,  -0.47,   0.66,  -0.01,   0.00,  27.5, 282.5,  28.2,  28.3, 205.01, 201.40,   776.24,   762.70,    23.16,   78.91,   89.62,  437.50,    0.26,    0.54,    23.17,  103.10,     71.54,  443.00,    0.27,    0.54,   303.0,   0,  GPS,  163.0, 109.70, 109.70, 118.575, 133.800, 6887.837,       ,       ,      ,    1.1,       ,  -12.7,      0,  NONE,   NONE,      ,      ,   0.0, 3DDiff, 1852,      ,     12,  19.0,     19
2025-11-25, 22:13:03,  +00:00,   800€,   41.0631371,  -73.7086029,   397.1, 30.11,   408.2,   9.5,   0.00,   0.00,    0.70,  -0.47,   0.66,  -0.01,   0.00,  27.5, 282.5,  28.2,  28.3, 205.01, 201.40,   776.24,   762.70,    23.17,   79.11,   89.35,  437.00,    0.26,    0.54,    23.19,  103.19,     71.50,  443.00,    0.27,    0.54,   303.2,   0,  GPS,  163.0, 109.70, 109.70, 118.575, 133.800, 6887.837,       ,       ,      ,    1.1,       ,  -12.7,      0,  NONE,   NONE,      ,      ,   0.0, 3DDiff, 1852,      ,     13,  19.5,     20
2025-11-25, 22:13:04,  +00:00,   800€,   41.0631371,  -73.7086029,   397.1, 30.11,   406.7,   9.2,   0.00,   0.00,    0.41,  -0.47,   0.65,  -0.01,   0.00,  27.5, 282.5,  28.2,  28.3, 205.01, 201.40,   776.24,   762.70,    23.17,   79.32,   89.15,  437.50,    0.26,    0.54,    23.20,  103.28,     71.49,  442.50,    0.27,    0.54,   301.7,   0,  GPS,  163.0, 109.70, 109.70, 118.575, 133.800, 6887.837,       ,       ,      ,    1.1,       ,  -12.7,      0,  NONE,   NONE,      ,      ,   0.0, 3DDiff, 1852,      ,     12,  19.0,     19
2025-11-25, 22:13:05,  +00:00,   800€,   41.0631371,  -73.7086029,   397.1, 30.11,   406.4,   9.2,   0.00,   0.00,    0.24,  -0.48,   0.66,  -0.01,  -0.00,  27.6, 282.5,  28.2,  28.3, 205.01, 201.40,   776.24,   762.70,    23.14,   79.52,   88.94,  437.00,    0.26,    0.54,    23.20,  103.36,     71.44,  441.50,    0.28,    0.54,   301.4,   0,  GPS,  163.0, 109.70, 109.70, 118.575, 133.800, 6887.837,       ,       ,      ,    1.1,       ,  -12.7,      0,  NONE,   NONE,      ,      ,   0.0, 3DDiff, 1852,      ,     12,  19.0,     19
2025-11-25, 22:13:06,  +00:00,   800€,   41.0631371,  -73.7086029,   397.1, 30.11,   405.9,   9.2,   0.00,   0.00,    0.14,  -0.47,   0.66,  -0.01,   0.00,  27.5, 282.5,  28.2,  28.3, 205.01, 201.40,   776.24,   762.70,    23.15,   79.72,   88.78,  437.50,    0.26,    0.54,    23.20,  103.45,     71.40,  442.00,    0.28,    0.54,   300.9,   0,  GPS,  163.0, 109.70, 109.70, 118.575, 133.800, 6887.837,       ,       ,      ,    1.1,       ,  -12.7,      0,  NONE,   NONE,      ,      ,   0.0, 3DDiff, 1852,      ,     12,  19.0,     19
2025-11-25, 22:13:07,  +00:00,   800€,   41.0631371,  -73.7086029,   397.1, 30.11,   405.9,   9.5,   0.00,   0.00,    0.08,  -0.47,   0.66,  -0.01,   0.00,  27.5, 282.5,  28.2,  28.3, 205.01, 201.40,   776.24,   762.70,    23.16,   79.93,   88.58,  437.00,    0.26,    0.54,    23.20,  103.54,     71.32,  442.50,    0.27,    0.54,   300.9,   0,  GPS,  163.0, 109.70, 109.70, 118.575, 133.800, 6887.837,       ,       ,      ,    1.1,       ,  -12.7,      0,  NONE,   NONE,      ,      ,   0.0, 3DDiff, 1852,      ,     12,  19.0,     19
2025-11-25, 22:13:08,  +00:00,   800€,   41.0631371,  -73.7086029,   397.1, 30.11,   405.7,   9.5,   0.00,   0.00,    0.05,  -0.47,   0.67,  -0.01,   0.00,  27.6, 282.5,  28.2,  28.3, 205.01, 201.40,   776.24,   762.70,    23.13,   80.14,   88.28,  437.00,    0.26,    0.54,    23.19,  103.62,     71.26,  442.50,    0.27,    0.54,   300.7,   0,  GPS,  163.0, 109.70, 109.70, 118.575, 133.800, 6887.837,       ,       ,      ,    1.1,       ,  -12.7,      0,  NONE,   NONE,      ,      ,   0.0, 3DDiff, 1852,      ,     13,  19.5,     19
2025-11-25, 22:13:09,  +00:00,   800€,   41.0631371,  -73.7086029,   397.1, 30.11,   405.6,   9.5,   0.00,   0.00,    0.03,  -0.46,   0.67,  -0.01,   0.00,  27.6, 282.5,  28.2,  28.3, 205.01, 201.40,   776.24,   762.70,    23.15,   80.34,   87.94,  437.50,    0.26,    0.54,    23.23,  103.70,     71.21,  441.50,    0.27,    0.54,   300.6,   0,  GPS,  163.0, 109.70, 109.70, 118.575, 133.800, 6887.837,       ,       ,      ,    1.1,       ,  -12.7,      0,  NONE,   NONE,      ,      ,   0.0, 3DDiff, 1852,      ,     13,  19.5,     20
2025-11-25, 22:13:10,  +00:00,   800€,   41.0631371,  -73.7086029,   396.1, 30.11,   407.0,   9.5,   0.00,   0.00,    0.01,  -0.46,   0.68,  -0.01,  -0.00,  27.5, 282.5,  28.2,  28.3, 205.01, 201.40,   776.24,   762.70,    23.15,   80.53,   87.64,  438.00,    0.26,    0.54,    23.17,  103.78,     71.15,  442.00,    0.27,    0.54,   302.0,   0,  GPS,  163.0, 109.70, 109.70, 118.575, 133.800, 6887.837,       ,       ,      ,    1.1,       ,  -12.7,      0,  NONE,   NONE,      ,      ,   0.0, 3DDiff, 1852,      ,     12,  19.0,     19
2025-11-25, 22:13:11,  +00:00,   800€,   41.0631371,  -73.7086029,   396.1, 30.11,   407.7,   9.5,   0.00,   0.00,    0.01,  -0.46,   0.68,  -0.01,   0.00,  27.5, 282.5,  28.2,  28.3, 205.01, 201.40,   776.24,   762.70,    23.27,   80.73,   87.37,  439.00,    0.26,    0.54,    23.17,  103.86,     71.08,  442.50,    0.27,    0.54,   302.7,   0,  GPS,  163.0, 109.70, 109.70, 118.575, 133.800, 6887.837,       ,       ,      ,    1.1,       ,  -12.7,      0,  NONE,   NONE,      ,      ,   0.0, 3DDiff, 1852,      ,     12,  19.5,     19
2025-11-25, 22:13:12,  +00:00,   800€,   41.0631371,  -73.7086029,   396.1, 30.11,   408.3,   9.5,   0.00,   0.00,    0.00,  -0.46,   0.68,  -0.01,   0.00,  27.5, 282.5,  28.2,  28.3, 205.01, 201.40,   776.24,   762.70,    23.39,   80.92,   87.14,  440.50,    0.26,    0.54,    23.16,  103.95,     71.05,  442.00,    0.27,    0.54,   303.3,   0,  GPS,  163.0, 109.70, 109.70, 118.575, 133.800, 6887.837,       ,       ,      ,    1.1,       ,  -12.7,      0,  NONE,   NONE,      ,      ,   0.0, 3DDiff, 1852,      ,     12,  19.0,     19
2025-11-25, 22:13:13,  +00:00,   800€,   41.0631371,  -73.7086029,   397.1, 30.11,   408.7,   9.5,   0.00,   0.00,    0.00,  -0.45,   0.68,  -0.01,   0.00,  27.5, 282.5,  28.2,  28.3, 205.01, 201.40,   776.24,   762.14,    23.46,   81.10,   86.91,  442.00,    0.26,    0.54,    23.17,  104.03,     70.98,  442.00,    0.27,    0.54,   303.7,   0,  GPS,  163.0, 109.70, 109.70, 118.575, 133.800, 6887.837,       ,       ,      ,    1.1,       ,  -12.7,      0,  NONE,   NONE,      ,      ,   0.0, 3DDiff, 1852,      ,     12,  19.0,     19
2025-11-25, 22:13:14,  +00:00,   800€,   41.0631371,  -73.7086029,   397.1, 30.11,   408.9,   9.5,   0.00,   0.00,    0.00,  -0.45,   0.68,  -0.01,  -0.00,  27.5, 282.5,  28.2,  28.3, 205.01, 201.40,   776.24,   762.14,    23.55,   81.27,   86.68,  443.00,    0.26,    0.54,    23.14,  104.10,     70.89,  443.00,    0.27,    0.54,   303.9,   0,  GPS,  163.0, 109.70, 109.70, 118.575, 133.800, 6887.837,       ,       ,      ,    1.1,       ,  -12.7,      0,  NONE,   NONE,      ,      ,   0.0, 3DDiff, 1852,      ,     13,  19.0,     19
2025-11-25, 22:13:15,  +00:00,   800€,   41.0631371,  -73.7086029,   397.1, 30.11,   409.2,   9.5,   0.00,   0.00,    0.00,  -0.45,   0.68,  -0.01,   0.00,  27.5, 282.5,  28.2,  28.3, 205.01, 201.40,   776.24,   762.14,    23.58,   81.46,   86.49,  444.50,    0.26,    0.54,    23.18,  104.18,     70.84,  443.00,    0.27,    0.54,   304.2,   0,  GPS,  163.0, 109.70, 109.70, 118.575, 133.800, 6887.837,       ,       ,      ,    1.1,       ,  -12.7,      0,  NONE,   NONE,      ,      ,   0.0, 3DDiff, 1852,      ,     13,  19.5,     20
2025-11-25, 22:13:16,  +00:00,   800€,   41.0631371,  -73.7086029,   398.1, 30.11,   407.4,   9.5,   0.00,   0.00,    0.39,  -0.44,   0.68,  -0.01,   0.00,  27.5, 282.5,  28.2,  28.3, 205.01, 201.40,   776.24,   762.14,    23.62,   81.64,   86.24,  445.50,    0.26,    0.54,    23.15,  104.26,     70.80,  443.00,    0.27,    0.54,   302.4,   0,  GPS,  163.0, 109.70, 109.70, 118.575, 133.800, 6887.837,       ,       ,      ,    1.1,       ,  -12.7,      0,  NONE,   NONE,      ,      ,   0.0, 3DDiff, 1852,      ,     12,  19.0,     19
2025-11-25, 22:13:17,  +00:00,   800€,   41.0631371,  -73.7086029,   398.1, 30.11,   407.0,   9.5,   0.00,   0.00,    4.51,  -0.44,   0.68,  -0.01,   0.00,  27.5, 282.5,  28.2,  28.3, 205.01, 201.40,   776.24,   762.14,    23.61,   81.82,   86.00,  446.00,    0.26,    0.54,    23.18,  104.35,     70.73,  443.00,    0.27,    0.54,   302.0,   0,  GPS,  163.0, 109.70, 109.70, 118.575, 133.800, 6887.837,       ,       ,      ,    1.1,       ,  -12.7,      0,  NONE,   NONE,      ,      ,   0.0, 3DDiff, 1852,      ,     12,  19.5,     19
2025-11-25, 22:13:18,  +00:00,   800€,   41.0631371,  -73.7086029,   397.1, 30.11,   405.8,   9.5,   0.00,   0.00,   10.52,  -0.44,   0.68,  -0.01,   0.00,  27.5, 282.5,  28.2,  28.3, 205.01, 201.40,   776.24,   762.14,    23.60,   82.00,   85.79,  446.50,    0.26,    0.54,    23.16,  104.44,     70.70,  443.00,    0.27,    0.54,   300.8,   0,  GPS,  163.0, 109.70, 109.70, 118.575, 133.800, 6887.837,       ,       ,      ,    1.1,       ,  -12.7,      0,  NONE,   NONE,      ,      ,   0.0, 3DDiff, 1852,      ,     12,  19.0,     19
2025-11-25, 22:13:19,  +00:00,   800€,   41.0631371,  -73.7086029,   397.1, 30.11,   405.6,   9.5,   0.00,   0.00,   12.10,  -0.44,   0.69,  -0.01,   0.00,  27.5, 282.5,  28.2,  28.3, 205.01, 201.40,   776.80,   762.14,    23.60,   82.19,   85.56,  446.50,    0.26,    0.54,    23.16,  104.52,     70.65,  443.00,    0.27,    0.54,   300.6,   0,  GPS,  163.0, 109.70, 109.70, 118.575, 133.800, 6887.837,       ,       ,      ,    1.1,       ,  -12.7,      0,  NONE,   NONE,      ,      ,   0.0, 3DDiff, 1852,      ,     12,  19.0,     19
2025-11-25, 22:13:20,  +00:00,   800€,   41.0631371,  -73.7086029,   397.1, 30.11,   405.3,   9.5,   0.00,   0.00,    8.90,  -0.44,   0.69,  -0.01,   0.00,  27.5, 282.5,  28.2,  28.3, 205.01, 201.40,   776.80,   762.14,    23.59,   82.37,   85.33,  447.00,    0.26,    0.54,    23.15,  104.58,     70.60,  443.00,    0.27,    0.54,   300.3,   0,  GPS,  163.0, 109.70, 109.70, 118.575, 133.800, 6887.837,       ,       ,      ,    1.1,       ,  -12.7,      0,  NONE,   NONE,      ,      ,   0.0, 3DDiff, 1852,      ,     13,  19.0,     19
2025-11-25, 22:13:21,  +00:00,   800€,   41.0631294,  -73.7086029,   397.1, 30.11,   405.1,   9.5,   0.00,   0.00,    2.60,  -0.44,   0.68,  -0.01,   0.00,  27.5, 282.5,  28.2,  28.3, 205.01, 201.40,   776.80,   762.14,    23.59,   82.56,   85.15,  447.50,    0.26,    0.54,    23.15,  104.66,     70.53,  442.50,    0.27,    0.54,   300.1,   0,  GPS,  163.0, 109.70, 109.70, 118.575, 133.800, 6887.837,       ,       ,      ,    1.1,       ,  -12.7,      0,  NONE,   NONE,      ,      ,   0.0, 3DDiff, 1852,      ,     13,  19.0,     20
2025-11-25, 22:13:22,  +00:00,   800€,   41.0631371,  -73.7086029,   396.1, 30.11,   406.6,   9.5,   0.00,   0.00,   -3.31,  -0.44,   0.68,  -0.01,   0.00,  27.5, 282.5,  28.2,  28.3, 205.01, 201.40,   776.80,   762.14,    23.56,   82.75,   84.94,  447.50,    0.26,    0.54,    23.14,  104.73,     70.49,  442.00,    0.27,    0.54,   301.6,   0,  GPS,  163.0, 109.70, 109.70, 118.575, 133.800, 6887.837,       ,       ,      ,    1.1,       ,  -12.7,      0,  NONE,   NONE,      ,      ,   0.0, 3DDiff, 1852,      ,     12,  19.0,     19
2025-11-25, 22:13:23,  +00:00,   800€,   41.0631371,  -73.7086029,   396.1, 30.11,   407.1,   9.5,   0.00,   0.00,   -7.79,  -0.44,   0.67,  -0.01,  -0.00,  27.5, 282.5,  28.2,  28.3, 205.01, 201.40,   776.80,   762.14,    23.58,   82.95,   84.74,  447.50,    0.26,    0.54,    23.16,  104.79,     70.45,  442.50,    0.27,    0.54,   302.1,   0,  GPS,  163.0, 109.70, 109.70, 118.575, 133.800, 6887.837,       ,       ,      ,    1.1,       ,  -12.7,      0,  NONE,   NONE,      ,      ,   0.0, 3DDiff, 1852,      ,     12,  19.0,     19
2025-11-25, 22:13:24,  +00:00,   800€,   41.0631371,  -73.7086029,   396.1, 30.11,   408.4,   9.5,   0.00,   0.00,  -10.87,  -0.44,   0.67,  -0.01,   0.00,  27.5, 282.5,  28.2,  28.3, 205.01, 201.40,   776.80,   762.14,    23.54,   83.14,   84.52,  447.50,    0.26,    0.54,    23.16,  104.87,     70.39,  443.00,    0.27,    0.54,   303.4,   0,  GPS,  163.0, 109.70, 109.70, 118.575, 133.800, 6887.837,       ,       ,      ,    1.1,       ,  -12.7,      0,  NONE,   NONE,      ,      ,   0.0, 3DDiff, 1852,      ,     12,  18.5,     19
2025-11-25, 22:13:25,  +00:00,   800€,   41.0631371,  -73.7086029,   396.1, 30.11,   408.6,   9.5,   0.00,   0.00,  -12.87,  -0.44,   0.67,  -0.01,   0.00,  27.5, 282.5,  28.2,  28.3, 205.01, 201.40,   776.80,   762.14,    23.54,   83.33,   84.25,  447.50,    0.26,    0.54,    23.12,  104.95,     70.35,  442.50,    0.27,    0.54,   303.6,   0,  GPS,  163.0, 109.70, 109.70, 118.575, 133.800, 6887.837,       ,       ,      ,    1.1,       ,  -12.7,      0,  NONE,   NONE,      ,      ,   0.0, 3DDiff, 1852,      ,     13,  19.0,     19
2025-11-25, 22:13:26,  +00:00,   800€,   41.0631294,  -73.7086029,   396.1, 30.11,   411.7,   9.5,   0.00,   0.00,  -14.13,  -0.44,   0.67,  -0.01,   0.00,  27.5, 282.5,  28.2,  28.3, 205.01, 201.40,   776.80,   762.14,    23.53,   83.51,   84.04,  447.50,    0.26,    0.54,    23.13,  105.03,     70.29,  442.00,    0.27,    0.54,   306.7,   0,  GPS,  163.0, 109.70, 109.70, 118.575, 133.800, 6887.837,       ,       ,      ,    1.1,       ,  -12.7,      0,  NONE,   NONE,      ,      ,   0.0, 3DDiff, 1852,      ,     12,  18.5,     18
2025-11-25, 22:13:27,  +00:00,   800€,   41.0631294,  -73.7086029,   396.1, 30.11,   412.0,   9.5,   0.00,   0.00,  -14.90,  -0.44,   0.68,  -0.01,   0.00,  27.5, 282.5,  28.2,  28.3, 205.01, 201.40,   776.80,   762.14,    23.52,   83.68,   83.84,  447.50,    0.26,    0.54,    23.13,  105.11,     70.23,  442.50,    0.27,    0.54,   307.0,   0,  GPS,  163.0, 109.70, 109.70, 118.575, 133.800, 6887.837,       ,       ,      ,    1.1,       ,  -12.7,      0,  NONE,   NONE,      ,      ,   0.0, 3DDiff, 1852,      ,     12,  18.5,     18
2025-11-25, 22:13:28,  +00:00,   800€,   41.0631294,  -73.7086029,   396.1, 30.11,   409.9,   9.5,   0.00,   0.00,  -15.05,  -0.44,   0.68,  -0.01,   0.00,  27.5, 282.5,  28.2,  28.3, 205.01, 201.40,   776.80,   762.14,    23.57,   83.85,   83.66,  448.50,    0.27,    0.54,    23.15,  105.20,     70.21,  442.00,    0.27,    0.54,   304.9,   0,  GPS,  163.0, 109.70, 109.70, 118.575, 133.800, 6887.837,       ,       ,      ,    1.1,       ,  -12.7,      0,  NONE,   NONE,      ,      ,   0.0, 3DDiff, 1852,      ,     12,  18.5,     18
2025-11-25, 22:13:29,  +00:00,   800€,   41.0631294,  -73.7086029,   396.1, 30.11,   409.7,   9.5,   0.00,   0.00,  -12.29,  -0.44,   0.68,  -0.01,  -0.00,  27.5, 282.5,  28.2,  28.3, 205.01, 201.40,   776.80,   762.14,    23.58,   84.03,   83.45,  449.50,    0.27,    0.54,    23.15,  105.28,     70.16,  442.50,    0.27,    0.54,   304.7,   0,  GPS,  163.0, 109.70, 109.70, 118.575, 133.800, 6887.837,       ,       ,      ,    1.1,       ,  -12.7,      0,  NONE,   NONE,      ,      ,   0.0, 3DDiff, 1852,      ,     12,  18.5,     18
2025-11-25, 22:13:30,  +00:00,   800€,   41.0631294,  -73.7086029,   396.1, 30.11,   408.7,   9.5,   0.00,   0.00,   -8.78,  -0.44,   0.68,  -0.01,   0.00,  27.5, 282.5,  28.2,  28.3, 205.01, 201.40,   776.80,   762.14,    23.56,   84.22,   83.26,  450.00,    0.27,    0.54,    23.13,  105.35,     70.12,  442.00,    0.27,    0.54,   303.7,   0,  GPS,  163.0, 109.70, 109.70, 118.575, 133.800, 6887.837,       ,       ,      ,    1.1,       ,  -12.7,      0,  NONE,   NONE,      ,      ,   0.0, 3DDiff, 1852,      ,     12,  18.0,     18
2025-11-25, 22:13:31,  +00:00,   800€,   41.0631294,  -73.7086029,   396.1, 30.11,   408.7,   9.5,   0.00,   0.00,   -5.84,  -0.45,   0.68,  -0.01,   0.00,  27.5, 282.5,  28.2,  28.3, 205.01, 201.40,   776.80,   762.14,    23.54,   84.41,   83.04,  450.00,    0.26,    0.54,    23.12,  105.41,     70.06,  443.00,    0.27,    0.54,   303.7,   0,  GPS,  163.0, 109.70, 109.70, 118.575, 133.800, 6887.837,       ,       ,      ,    1.1,       ,  -12.7,      0,  NONE,   NONE,      ,      ,   0.0, 3DDiff, 1852,      ,     12,  18.0,     18
2025-11-25, 22:13:32,  +00:00,   800€,   41.0631294,  -73.7086029,   395.1, 30.11,   408.5,   9.8,   0.00,   0.00,   -3.72,  -0.46,   0.68,  -0.01,   0.00,  27.5, 282.5,  28.2,  28.3, 205.01, 201.40,   776.80,   762.14,    23.49,   84.59,   82.85,  449.50,    0.26,    0.54,    23.09,  105.48,     69.98,  443.50,    0.27,    0.54,   303.5,   0,  GPS,  163.0, 109.70, 109.70, 118.575, 133.800, 6887.837,       ,       ,      ,    1.2,       ,  -12.7,      0,  NONE,   NONE,      ,      ,   0.0, 3DDiff, 1852,      ,     12,  18.5,     18
2025-11-25, 22:13:33,  +00:00,   800€,   41.0631256,  -73.7086029,   395.1, 30.11,   408.3,   9.8,   0.00,   0.00,   -2.30,  -0.45,   0.68,  -0.01,   0.00,  27.5, 282.5,  28.2,  28.3, 205.01, 201.40,   776.80,   762.14,    23.48,   84.76,   82.66,  449.50,    0.26,    0.54,    23.08,  105.55,     69.95,  443.50,    0.27,    0.54,   303.3,   0,  GPS,  163.0, 109.70, 109.70, 118.575, 133.800, 6887.837,       ,       ,      ,    1.2,       ,  -12.7,      0,  NONE,   NONE,      ,      ,   0.0, 3DDiff, 1852,      ,     12,  18.5,     18
2025-11-25, 22:13:34,  +00:00,   800€,   41.0631294,  -73.7086029,   395.1, 30.11,   410.2,   9.8,   0.00,   0.00,   -1.39,  -0.45,   0.68,  -0.01,   0.00,  27.5, 282.5,  28.2,  28.3, 205.01, 201.40,   776.80,   762.14,    23.49,   84.93,   82.45,  449.50,    0.26,    0.54,    23.06,  105.63,     69.89,  444.00,    0.27,    0.54,   305.2,   0,  GPS,  163.0, 109.70, 109.70, 118.575, 133.800, 6887.837,       ,       ,      ,    1.2,       ,  -12.7,      0,  NONE,   NONE,      ,      ,   0.0, 3DDiff, 1852,      ,     12,  18.5,     18
2025-11-25, 22:13:35,  +00:00,   800€,   41.0631294,  -73.7086029,   395.1, 30.11,   410.7,   9.8,   0.00,   0.00,   -0.83,  -0.45,   0.68,  -0.01,  -0.00,  27.5, 282.5,  28.2,  28.3, 205.01, 201.40,   776.80,   762.14,    23.48,   85.11,   82.24,  449.50,    0.26,    0.54,    23.08,  105.71,     69.85,  444.50,    0.26,    0.54,   305.7,   0,  GPS,  163.0, 109.70, 109.70, 118.575, 133.800, 6887.837,       ,       ,      ,    1.2,       ,  -12.7,      0,  NONE,   NONE,      ,      ,   0.0, 3DDiff, 1852,      ,     12,  18.5,     18
2025-11-25, 22:13:36,  +00:00,   800€,   41.0631371,  -73.7086029,   395.1, 30.11,   409.1,   9.8,   0.00,   0.00,   -0.48,  -0.45,   0.68,  -0.01,   0.00,  27.5, 282.5,  28.2,  28.3, 205.01, 201.40,   776.80,   762.14,    23.48,   85.29,   82.08,  449.00,    0.26,    0.54,    23.06,  105.80,     69.78,  444.00,    0.27,    0.54,   304.1,   0,  GPS,  163.0, 109.70, 109.70, 118.575, 133.800, 6887.837,       ,       ,      ,    1.2,       ,  -12.7,      0,  NONE,   NONE,      ,      ,   0.0, 3DDiff, 1852,      ,     12,  18.5,     19
2025-11-25, 22:13:37,  +00:00,   800€,   41.0631371,  -73.7086029,   395.1, 30.11,   409.4,   9.8,   0.00,   0.00,   -0.28,  -0.45,   0.68,  -0.01,   0.00,  27.5, 282.5,  28.2,  28.3, 205.01, 201.40,   776.80,   762.14,    23.49,   85.46,   81.88,  449.50,    0.26,    0.54,    23.08,  105.87,     69.75,  444.00,    0.27,    0.54,   304.4,   0,  GPS,  163.0, 109.70, 109.70, 118.575, 133.800, 6887.837,       ,       ,      ,    1.2,       ,  -12.7,      0,  NONE,   NONE,      ,      ,   0.0, 3DDiff, 1852,      ,     12,  18.5,     19
2025-11-25, 22:13:38,  +00:00,   800€,   41.0631371,  -73.7086029,   395.1, 30.11,   409.7,   9.8,   0.00,   0.00,   -0.16,  -0.44,   0.68,  -0.01,   0.00,  27.5, 282.5,  28.2,  28.3, 205.01, 201.40,   776.80,   762.14,    23.52,   85.63,   81.71,  448.00,    0.26,    0.54,    23.07,  105.95,     69.72,  443.50,    0.27,    0.54,   304.7,   0,  GPS,  163.0, 109.70, 109.70, 118.575, 133.800, 6887.837,       ,       ,      ,    1.2,       ,  -12.7,      0,  NONE,   NONE,      ,      ,   0.0, 3DDiff, 1852,      ,     13,  19.0,     19
2025-11-25, 22:13:39,  +00:00,   800€,   41.0631294,  -73.7086029,   395.1, 30.11,   413.0,  10.0,   0.00,   0.00,   -0.09,  -0.44,   0.67,  -0.01,   0.00,  27.5, 282.5,  28.2,  28.3, 205.01, 201.40,   776.80,   762.14,    23.44,   85.80,   81.51,  448.00,    0.26,    0.54,    23.05,  106.02,     69.70,  443.00,    0.27,    0.54,   308.0,   0,  GPS,  163.0, 109.70, 109.70, 118.575, 133.800, 6887.837,       ,       ,      ,    1.2,       ,  -12.7,      0,  NONE,   NONE,      ,      ,   0.0, 3DDiff, 1852,      ,     12,  18.5,     18
2025-11-25, 22:13:40,  +00:00,   800€,   41.0631294,  -73.7086029,   395.1, 30.11,   410.9,  10.0,   0.00,   0.00,   -0.05,  -0.44,   0.68,  -0.01,   0.00,  27.5, 282.5,  28.2,  28.3, 205.01, 201.40,   776.80,   762.14,    23.48,   85.98,   81.32,  448.50,    0.26,    0.54,    23.08,  106.09,     69.64,  443.50,    0.27,    0.54,   305.9,   0,  GPS,  163.0, 109.70, 109.70, 118.575, 133.800, 6887.837,       ,       ,      ,    1.2,       ,  -12.7,      0,  NONE,   NONE,      ,      ,   0.0, 3DDiff, 1852,      ,     12,  18.5,     18
2025-11-25, 22:13:41,  +00:00,   800€,   41.0631294,  -73.7086029,   395.1, 30.11,   410.5,   9.8,   0.00,   0.00,   -0.03,  -0.44,   0.68,  -0.01,   0.00,  27.5, 282.5,  28.2,  28.3, 205.01, 201.40,   776.80,   762.14,    23.50,   86.17,   81.15,  449.00,    0.26,    0.54,    23.08,  106.17,     69.63,  443.00,    0.27,    0.54,   305.5,   0,  GPS,  163.0, 109.70, 109.70, 118.575, 133.800, 6887.837,       ,       ,      ,    1.2,       ,  -12.7,      0,  NONE,   NONE,      ,      ,   0.0, 3DDiff, 1852,      ,     12,  18.5,     18
2025-11-25, 22:13:42,  +00:00,   800€,   41.0631256,  -73.7086029,   395.1, 30.11,   408.8,   9.8,   0.00,   0.00,   -0.02,  -0.44,   0.68,  -0.01,  -0.00,  27.5, 282.5,  28.2,  28.3, 205.01, 201.40,   776.80,   762.14,    23.48,   86.33,   80.94,  449.00,    0.26,    0.54,    23.07,  106.24,     69.56,  442.50,    0.27,    0.54,   303.8,   0,  GPS,  163.0, 109.70, 109.70, 118.575, 133.800, 6887.837,       ,       ,      ,    1.2,       ,  -12.7,      0,  NONE,   NONE,      ,      ,   0.0, 3DDiff, 1852,      ,     12,  18.0,     18
2025-11-25, 22:13:43,  +00:00,   800€,   41.0631294,  -73.7086029,   395.1, 30.11,   405.6,   9.8,   0.00,   0.00,   -0.01,  -0.44,   0.69,  -0.01,  -0.00,  27.5, 282.5,  28.2,  28.3, 205.01, 201.40,   776.80,   762.14,    23.46,   86.49,   80.79,  449.00,    0.26,    0.54,    23.08,  106.32,     69.51,  442.50,    0.27,    0.54,   300.6,   0,  GPS,  163.0, 109.70, 109.70, 118.575, 133.800, 6887.837,       ,       ,      ,    1.2,       ,  -12.7,      0,  NONE,   NONE,      ,      ,   0.0, 3DDiff, 1852,      ,     12,  18.5,     19
2025-11-25, 22:13:44,  +00:00,   800€,   41.0631294,  -73.7086029,   395.1, 30.11,   405.2,   9.8,   0.00,   0.00,   -0.01,  -0.44,   0.69,  -0.01,  -0.00,  27.5, 282.5,  28.2,  28.3, 205.01, 201.40,   776.80,   762.14,    23.48,   86.66,   80.62,  449.00,    0.26,    0.54,    23.11,  106.39,     69.46,  443.00,    0.27,    0.54,   300.2,   0,  GPS,  163.0, 109.70, 109.70, 118.575, 133.800, 6887.837,       ,       ,      ,    1.2,       ,  -12.7,      0,  NONE,   NONE,      ,      ,   0.0, 3DDiff, 1852,      ,     13,  19.0,     19
2025-11-25, 22:13:45,  +00:00,   800€,   41.0631256,  -73.7086029,   395.1, 30.11,   407.9,   9.8,   0.00,   0.00,   -0.00,  -0.45,   0.69,  -0.01,   0.00,  27.5, 282.5,  28.2,  28.3, 205.01, 201.40,   776.80,   762.14,    23.43,   86.82,   80.41,  448.50,    0.26,    0.54,    23.10,  106.46,     69.41,  443.00,    0.27,    0.54,   302.9,   0,  GPS,  163.0, 109.70, 109.70, 118.575, 133.800, 6887.837,       ,       ,      ,    1.2,       ,  -12.7,      0,  NONE,   NONE,      ,      ,   0.0, 3DDiff, 1852,      ,     12,  18.5,     18
2025-11-25, 22:13:46,  +00:00,   800€,   41.0631294,  -73.7086029,   395.1, 30.11,   409.6,   9.8,   0.00,   0.00,   -0.00,  -0.45,   0.69,  -0.01,   0.00,  27.5, 282.5,  28.2,  28.3, 205.01, 201.40,   776.80,   762.14,    23.46,   86.99,   80.22,  448.50,    0.26,    0.54,    23.08,  106.53,     69.40,  443.00,    0.27,    0.54,   304.6,   0,  GPS,  163.0, 109.70, 109.70, 118.575, 133.800, 6887.837,       ,       ,      ,    1.2,       ,  -12.7,      0,  NONE,   NONE,      ,      ,   0.0, 3DDiff, 1852,      ,     12,  18.5,     18
2025-11-25, 22:13:47,  +00:00,   800€,   41.0631294,  -73.7086029,   395.1, 30.11,   410.0,   9.8,   0.00,   0.00,   -0.00,  -0.45,   0.69,  -0.01,   0.00,  27.5, 282.5,  28.2,  27.9, 205.01, 201.40,   776.80,   762.14,    23.46,   87.15,   80.08,  449.00,    0.26,    0.54,    23.00,  106.60,     69.35,  442.00,    0.27,    0.54,   305.0,   0,  GPS,  163.0, 109.70, 109.70, 118.575, 133.800, 6887.837,       ,       ,      ,    1.2,       ,  -12.7,      0,  NONE,   NONE,      ,      ,   0.0, 3DDiff, 1852,      ,     12,  18.5,     18
2025-11-25, 22:13:48,  +00:00,   800€,   41.0631294,  -73.7086029,   395.1, 30.11,   411.4,   9.8,   0.00,   0.00,   -0.00,  -0.45,   0.69,  -0.01,   0.00,  27.6, 282.5,  27.8,  27.6, 205.01, 201.40,   776.80,   762.14,    23.40,   87.31,   79.94,  448.50,    0.26,    0.54,    22.92,  106.68,     69.28,  441.00,    0.27,    0.54,   306.4,   0,  GPS,  163.0, 109.70, 109.70, 118.575, 133.800, 6887.837,       ,       ,      ,    1.2,       ,  -12.7,      0,  NONE,   NONE,      ,      ,   0.0, 3DDiff, 1852,      ,     12,  18.0,     18
2025-11-25, 22:13:49,  +00:00,   800€,   41.0631294,  -73.7086029,   395.1, 30.11,   411.6,   9.5,   0.00,   0.00,   -0.00,  -0.45,   0.69,  -0.01,   0.00,  27.6, 282.5,  27.5,  27.4, 205.34, 201.40,   776.80,   762.14,    23.29,   87.47,   79.75,  447.00,    0.26,    0.54,    22.89,  106.74,     69.24,  440.00,    0.27,    0.54,   306.6,   0,  GPS,  163.0, 109.70, 109.70, 118.575, 133.800, 6887.837,       ,       ,      ,    1.2,       ,  -12.7,      0,  NONE,   NONE,      ,      ,   0.0, 3DDiff, 1852,      ,     12,  18.5,     18
2025-11-25, 22:13:50,  +00:00,   800€,   41.0631371,  -73.7086029,   395.1, 30.11,   408.5,   9.5,   0.00,   0.00,   -0.00,  -0.45,   0.69,  -0.01,   0.00,  27.6, 282.5,  27.3,  27.3, 205.34, 201.40,   776.80,   762.14,    23.29,   87.64,   79.59,  446.00,    0.26,    0.54,    22.88,  106.82,     69.20,  439.50,    0.27,    0.54,   303.5,   0,  GPS,  163.0, 109.70, 109.70, 118.575, 133.800, 6887.837,       ,       ,      ,    1.2,       ,  -12.7,      0,  NONE,   NONE,      ,      ,   0.0, 3DDiff, 1852,      ,     13,  19.0,     20
2025-11-25, 22:13:51,  +00:00,   800€,   41.0631371,  -73.7086029,   395.1, 30.11,   408.7,   9.5,   0.00,   0.00,   -0.00,  -0.45,   0.70,  -0.01,   0.00,  27.6, 282.5,  27.6,  27.5, 205.34, 201.40,   776.80,   762.14,    23.31,   87.80,   79.40,  446.00,    0.26,    0.54,    22.90,  106.89,     69.15,  439.00,    0.27,    0.54,   303.7,   0,  GPS,  163.0, 109.70, 109.70, 118.575, 133.800, 6887.837,       ,       ,      ,    1.2,       ,  -12.7,      0,  NONE,   NONE,      ,      ,   0.0, 3DDiff, 1852,      ,     13,  19.5,     20
2025-11-25, 22:13:52,  +00:00,   800€,   41.0631371,  -73.7086029,   395.1, 30.11,   406.7,   9.5,   0.00,   0.00,   -0.00,  -0.45,   0.70,  -0.01,   0.00,  27.6, 282.5,  28.0,  28.0, 205.34, 201.40,   776.80,   762.14,    23.41,   87.97,   79.24,  447.00,    0.26,    0.54,    23.12,  106.96,     69.11,  441.50,    0.27,    0.54,   301.7,   0,  GPS,  163.0, 109.70, 109.70, 118.575, 133.800, 6887.837,       ,       ,      ,    1.2,       ,  -12.7,      0,  NONE,   NONE,      ,      ,   0.0, 3DDiff, 1852,      ,     12,  19.0,     19
2025-11-25, 22:13:53,  +00:00,   800€,   41.0631294,  -73.7086029,   395.1, 30.11,   406.5,   9.5,   0.00,   0.00,   -0.00,  -0.45,   0.71,  -0.01,   0.00,  27.6, 282.5,  28.1,  28.1, 205.34, 201.40,   776.80,   762.14,    23.44,   88.13,   79.13,  446.50,    0.26,    0.54,    23.13,  107.04,     69.09,  441.50,    0.27,    0.54,   301.5,   0,  GPS,  163.0, 109.70, 109.70, 118.575, 133.800, 6887.837,       ,       ,      ,    1.2,       ,  -12.7,      0,  NONE,   NONE,      ,      ,   0.0, 3DDiff, 1852,      ,     12,  19.0,     19
2025-11-25, 22:13:54,  +00:00,   800€,   41.0631294,  -73.7086029,   395.1, 30.11,   405.2,   9.5,   0.00,   0.00,   -0.00,  -0.44,   0.73,  -0.01,   0.00,  27.6, 282.5,  28.2,  28.2, 205.34, 201.40,   776.80,   762.14,    23.41,   88.30,   78.97,  447.00,    0.26,    0.54,    23.12,  107.10,     69.03,  442.00,    0.27,    0.54,   300.2,   0,  GPS,  163.0, 109.70, 109.70, 118.575, 133.800, 6887.837,       ,       ,      ,    1.2,       ,  -12.7,      0,  NONE,   NONE,      ,      ,   0.0, 3DDiff, 1852,      ,     12,  18.5,     19
2025-11-25, 22:13:55,  +00:00,   800€,   41.0631294,  -73.7086029,   395.1, 30.11,   405.0,   9.5,   0.00,   0.00,   -0.00,  -0.44,   0.74,  -0.01,   0.00,  27.6, 282.5,  28.2,  28.2, 205.34, 201.40,   776.80,   762.14,    23.46,   88.47,   78.82,  448.00,    0.26,    0.54,    23.12,  107.16,     68.97,  442.50,    0.27,    0.54,   300.0,   0,  GPS,  163.0, 109.70, 109.70, 118.575, 133.800, 6887.837,       ,       ,      ,    1.2,       ,  -12.7,      0,  NONE,   NONE,      ,      ,   0.0, 3DDiff, 1852,      ,     12,  19.0,     19
2025-11-25, 22:13:56,  +00:00,   800€,   41.0631294,  -73.7086029,   395.1, 30.11,   404.8,   9.5,   0.00,   0.00,   -0.00,  -0.45,   0.73,  -0.01,  -0.00,  27.6, 282.5,  28.2,  28.2, 205.34, 201.40,   776.80,   762.14,    23.43,   88.63,   78.64,  448.00,    0.26,    0.54,    23.08,  107.21,     68.93,  442.50,    0.27,    0.54,   299.8,   0,  GPS,  163.0, 109.70, 109.70, 118.575, 133.800, 6887.837,       ,       ,      ,    1.2,       ,  -12.7,      0,  NONE,   NONE,      ,      ,   0.0, 3DDiff, 1852,      ,     13,  19.0,     19
2025-11-25, 22:13:57,  +00:00,   800€,   41.0631294,  -73.7086029,   395.1, 30.11,   404.6,   9.5,   0.00,   0.00,   -0.00,  -0.45,   0.71,  -0.01,   0.00,  27.6, 282.5,  28.2,  28.2, 205.34, 201.40,   776.80,   762.14,    23.43,   88.80,   78.46,  448.50,    0.26,    0.54,    23.09,  107.26,     68.90,  442.50,    0.27,    0.54,   299.6,   0,  GPS,  163.0, 109.70, 109.70, 118.575, 133.800, 6887.837,       ,       ,      ,    1.2,       ,  -12.7,      0,  NONE,   NONE,      ,      ,   0.0, 3DDiff, 1852,      ,     13,  19.5,     20
2025-11-25, 22:13:58,  +00:00,   800€,   41.0631371,  -73.7086029,   395.1, 30.11,   406.3,   9.5,   0.00,   0.00,   -0.00,  -0.46,   0.73,  -0.01,  -0.00,  27.6, 282.5,  28.2,  28.2, 205.34, 201.40,   776.80,   762.14,    23.45,   88.96,   78.34,  449.00,    0.26,    0.54,    23.09,  107.31,     68.89,  442.00,    0.27,    0.54,   301.3,   0,  GPS,  163.0, 109.70, 109.70, 118.575, 133.800, 6887.837,       ,       ,      ,    1.2,       ,  -12.7,      0,  NONE,   NONE,      ,      ,   3.9, 3DDiff, 1852,      ,     12,  19.0,     19
2025-11-25, 22:13:59,  +00:00,   800€,   41.0631294,  -73.7086029,   395.1, 30.11,   410.1,   9.5,   0.00,   0.00,   -0.00,  -0.46,   0.73,  -0.01,  -0.00,  27.5, 282.5,  28.2,  28.2, 205.34, 201.40,   776.80,   762.14,    23.46,   89.11,   78.24,  448.00,    0.26,    0.54,    23.08,  107.36,     68.85,  442.50,    0.27,    0.54,   305.1,   0,  GPS,  163.0, 109.70, 109.70, 118.575, 133.800, 6887.837,       ,       ,      ,    1.2,       ,  -12.7,      0,  NONE,   NONE,      ,      ,   0.0, 3DDiff, 1852,      ,     12,  18.5,     18
2025-11-25, 22:14:00,  +00:00,   800€,   41.0631294,  -73.7086029,   395.1, 30.11,   411.4,   9.5,   0.00,   0.00,   -0.00,  -0.45,   0.73,  -0.01,   0.00,  27.5, 282.5,  28.2,  28.3, 205.34, 201.40,   776.80,   762.14,    23.38,   89.27,   78.08,  448.00,    0.26,    0.54,    23.07,  107.42,     68.82,  442.50,    0.27,    0.54,   306.4,   0,  GPS,  163.0, 109.70, 109.70, 118.575, 133.800, 6887.837,       ,       ,      ,    1.2,       ,  -12.7,      0,  NONE,   NONE,      ,      ,   0.0, 3DDiff, 1852,      ,     12,  18.0,     18
2025-11-25, 22:14:01,  +00:00,   800€,   41.0631294,  -73.7086029,   395.1, 30.11,   411.6,   9.5,   0.00,   0.00,   -0.00,  -0.46,   0.74,  -0.01,   0.00,  27.5, 282.5,  28.2,  28.3, 205.34, 201.40,   776.80,   762.14,    23.44,   89.43,   77.94,  448.50,    0.26,    0.54,    23.08,  107.47,     68.77,  442.50,    0.27,    0.54,   306.6,   0,  GPS,  163.0, 109.70, 109.70, 118.575, 133.800, 6887.837,       ,       ,      ,    1.2,       ,  -12.7,      0,  NONE,   NONE,      ,      ,   0.0, 3DDiff, 1852,      ,     12,  18.5,     18
2025-11-25, 22:14:02,  +00:00,   800€,   41.0631294,  -73.7086029,   395.1, 30.11,   411.7,   9.5,   0.00,   0.00,   -0.00,  -0.46,   0.73,  -0.01,   0.00,  27.5, 282.5,  28.2,  28.3, 205.34, 201.40,   776.80,   762.14,    23.43,   89.60,   77.76,  449.00,    0.26,    0.54,    23.08,  107.53,     68.70,  442.50,    0.27,    0.54,   306.7,   0,  GPS,  163.0, 109.70, 109.70, 118.575, 133.800, 6887.837,       ,       ,      ,    1.2,       ,  -12.7,      0,  NONE,   NONE,      ,      ,   0.0, 3DDiff, 1852,      ,     12,  18.5,     18
2025-11-25, 22:14:03,  +00:00,   800€,   41.0631294,  -73.7086029,   395.1, 30.11,   411.9,   9.5,   0.00,   0.00,   -0.00,  -0.45,   0.74,  -0.01,   0.00,  27.5, 282.5,  28.2,  28.3, 205.34, 201.40,   776.80,   762.14,    23.43,   89.76,   77.57,  448.50,    0.26,    0.54,    23.10,  107.58,     68.68,  442.50,    0.27,    0.54,   306.9,   0,  GPS,  163.0, 109.70, 109.70, 118.575, 133.800, 6887.837,       ,       ,      ,    1.2,       ,  -12.7,      0,  NONE,   NONE,      ,      ,   0.0, 3DDiff, 1852,      ,     12,  18.5,     18
2025-11-25, 22:14:04,  +00:00,   800€,   41.0631294,  -73.7086029,   395.1, 30.11,   409.9,   9.5,   0.00,   0.00,   -0.00,  -0.45,   0.73,  -0.01,   0.00,  27.5, 282.5,  28.2,  28.3, 205.34, 201.40,   776.80,   762.14,    23.43,   89.91,   77.41,  449.00,    0.26,    0.54,    23.08,  107.65,     68.68,  441.50,    0.27,    0.54,   304.9,   0,  GPS,  163.0, 109.70, 109.70, 118.575, 133.800, 6887.837,       ,       ,      ,    1.2,       ,  -12.7,      0,  NONE,   NONE,      ,      ,   0.0, 3DDiff, 1852,      ,     12,  18.5,     18
2025-11-25, 22:14:05,  +00:00,   800€,   41.0631371,  -73.7086029,   395.1, 30.11,   406.1,   9.5,   0.00,   0.00,   -0.00,  -0.44,   0.74,  -0.01,   0.00,  27.5, 282.5,  28.2,  28.3, 205.34, 201.40,   776.80,   762.14,    23.41,   90.05,   77.26,  449.00,    0.26,    0.54,    23.09,  107.71,     68.65,  441.00,    0.27,    0.54,   301.0,   0,  GPS,  163.0, 109.70, 109.70, 118.575, 133.800, 6887.837,       ,       ,      ,    1.2,       ,  -12.7,      0,  NONE,   NONE,      ,      ,   0.0, 3DDiff, 1852,      ,     12,  19.0,     19
2025-11-25, 22:14:06,  +00:00,   800€,   41.0631256,  -73.7086029,   395.1, 30.11,   408.1,   9.5,   0.00,   0.00,   -0.00,  -0.45,   0.73,  -0.01,   0.00,  27.5, 282.5,  28.2,  28.3, 205.34, 201.40,   776.80,   762.14,    23.41,   90.19,   77.15,  449.00,    0.26,    0.54,    23.05,  107.77,     68.63,  441.00,    0.27,    0.54,   303.1,   0,  GPS,  163.0, 109.70, 109.70, 118.575, 133.800, 6887.837,       ,       ,      ,    1.2,       ,  -12.7,      0,  NONE,   NONE,      ,      ,  -3.9, 3DDiff, 1852,      ,     12,  18.0,     18
2025-11-25, 22:14:07,  +00:00,   800€,   41.0631256,  -73.7086029,   395.1, 30.11,   407.9,   9.5,   0.00,   0.00,   -0.00,  -0.44,   0.74,  -0.01,   0.00,  27.5, 282.5,  28.2,  28.3, 205.34, 201.40,   776.80,   762.14,    23.43,   90.34,   77.01,  449.00,    0.26,    0.54,    23.07,  107.84,     68.59,  440.50,    0.27,    0.54,   302.9,   0,  GPS,  163.0, 109.70, 109.70, 118.575, 133.800, 6887.837,       ,       ,      ,    1.2,       ,  -12.7,      0,  NONE,   NONE,      ,      ,   0.0, 3DDiff, 1852,      ,     12,  18.5,     18
2025-11-25, 22:14:08,  +00:00,   800€,   41.0631256,  -73.7086029,   395.1, 30.11,   407.7,   9.5,   0.00,   0.00,   -0.00,  -0.44,   0.74,  -0.00,   0.01,  27.5, 282.5,  28.2,  28.3, 205.34, 201.40,   776.80,   762.14,    23.43,   90.49,   76.86,  449.00,    0.26,    0.54,    23.07,  107.92,     68.54,  440.00,    0.28,    0.54,   302.7,   0,  GPS,  163.0, 109.70, 109.70, 118.575, 133.800, 6887.837,       ,       ,      ,    1.2,       ,  -12.7,      0,  NONE,   NONE,      ,      ,   0.0, 3DDiff, 1852,      ,     12,  18.5,     18
2025-11-25, 22:14:09,  +00:00,   800€,   41.0631256,  -73.7086029,   395.1, 30.11,   407.4,   9.5,   0.00,   0.00,   -0.00,  -0.54,   0.76,  -0.02,   0.00,  27.5, 282.5,  28.2,  28.3, 205.34, 201.40,   776.80,   762.14,    23.37,   90.63,   76.74,  448.50,    0.26,    0.54,    23.07,  107.98,     68.48,  440.50,    0.27,    0.54,   302.4,   0,  GPS,  163.0, 109.70, 109.70, 118.575, 133.800, 6887.837,       ,       ,      ,    1.2,       ,  -12.7,      0,  NONE,   NONE,      ,      ,   0.0, 3DDiff, 1852,      ,     12,  18.5,     18
2025-11-25, 22:14:10,  +00:00,   800€,   41.0631294,  -73.7086029,   395.1, 30.11,   409.0,   9.5,   0.00,   0.00,    0.61,  -0.44,   0.75,  -0.01,   0.00,  27.5, 282.5,  28.2,  28.1, 205.34, 201.40,   776.80,   762.14,    23.38,   90.77,   76.58,  448.50,    0.26,    0.54,    23.30,  108.05,     68.42,  444.50,    0.27,    0.54,   304.0,   0,  GPS,  163.0, 109.70, 109.70, 118.575, 133.800, 6887.837,       ,       ,      ,    1.2,       ,  -12.7,      0,  NONE,   NONE,      ,      ,   0.0, 3DDiff, 1852,      ,     12,  18.5,     18
2025-11-25, 22:14:11,  +00:00,   800€,   41.0631294,  -73.7086029,   395.1, 30.11,   409.4,   9.5,   0.00,   0.00,    3.17,  -0.44,   0.76,  -0.01,   0.00,  27.5, 282.5,  28.2,  28.2, 205.34, 201.40,   776.80,   762.14,    23.36,   90.91,   76.42,  448.50,    0.26,    0.54,    23.37,  108.10,     68.47,  444.00,    0.28,    0.54,   304.4,   0,  GPS,  163.0, 109.70, 109.70, 118.575, 133.800, 6887.837,       ,       ,      ,    1.2,       ,  -12.7,      0,  NONE,   NONE,      ,      ,   0.0, 3DDiff, 1852,      ,     12,  18.5,     18
2025-11-25, 22:14:12,  +00:00,   800€,   41.0631294,  -73.7086029,   394.1, 30.11,   410.6,   9.5,   0.00,   0.00,    2.58,  -0.45,   0.76,  -0.01,   0.00,  27.5, 282.5,  28.2,  28.2, 205.34, 201.40,   776.80,   762.14,    23.38,   91.05,   76.30,  449.00,    0.26,    0.54,    23.09,  108.15,     68.40,  442.00,    0.27,    0.54,   305.6,   0,  GPS,  163.0, 109.70, 109.70, 118.575, 133.800, 6887.837,       ,       ,      ,    1.2,       ,  -12.7,      0,  NONE,   NONE,      ,      ,   0.0, 3DDiff, 1852,      ,     12,  18.0,     18
2025-11-25, 22:14:13,  +00:00,   800€,   41.0631294,  -73.7086029,   394.1, 30.11,   410.7,   9.5,   0.00,   0.00,   -1.54,  -0.45,   0.75,  -0.01,   0.00,  27.5, 282.5,  28.2,  28.3, 205.34, 201.40,   776.80,   762.14,    23.41,   91.18,   76.20,  449.50,    0.26,    0.54,    23.06,  108.20,     68.35,  441.50,    0.27,    0.54,   305.7,   0,  GPS,  163.0, 109.70, 109.70, 118.575, 133.800, 6887.837,       ,       ,      ,    1.2,       ,  -12.7,      0,  NONE,   NONE,      ,      ,   0.0, 3DDiff, 1852,      ,     12,  18.5,     18
2025-11-25, 22:14:14,  +00:00,   800€,   41.0631294,  -73.7086029,   394.1, 30.11,   410.9,   9.5,   0.00,   0.00,   -5.91,  -0.45,   0.75,  -0.01,   0.00,  27.5, 282.5,  28.2,  28.3, 205.34, 201.40,   776.80,   762.14,    23.41,   91.32,   76.10,  449.50,    0.26,    0.54,    23.05,  108.26,     68.31,  441.00,    0.28,    0.54,   305.9,   0,  GPS,  163.0, 109.70, 109.70, 118.575, 133.800, 6887.837,       ,       ,      ,    1.2,       ,  -12.7,      0,  NONE,   NONE,      ,      ,   0.0, 3DDiff, 1852,      ,     12,  18.5,     18
2025-11-25, 22:14:15,  +00:00,   800€,   41.0631294,  -73.7086029,   394.1, 30.11,   411.1,   9.5,   0.00,   0.00,   -9.39,  -0.44,   0.75,  -0.01,   0.00,  27.5, 282.5,  28.2,  28.3, 205.34, 201.40,   776.80,   762.14,    23.39,   91.46,   75.98,  449.50,    0.26,    0.54,    23.03,  108.32,     68.27,  440.50,    0.27,    0.54,   306.1,   0,  GPS,  163.0, 109.70, 109.70, 118.575, 133.800, 6887.837,       ,       ,      ,    1.2,       ,  -12.7,      0,  NONE,   NONE,      ,      ,   0.0, 3DDiff, 1852,      ,     12,  18.5,     18
2025-11-25, 22:14:16,  +00:00,   800€,   41.0631294,  -73.7086029,   394.1, 30.11,   409.3,   9.5,   0.00,   0.00,  -11.68,  -0.44,   0.74,  -0.01,   0.00,  27.5, 282.5,  28.2,  28.3, 205.34, 201.40,   776.80,   762.14,    23.38,   91.60,   75.85,  449.50,    0.26,    0.54,    23.04,  108.38,     68.24,  440.50,    0.27,    0.54,   304.3,   0,  GPS,  163.0, 109.70, 109.70, 118.575, 133.800, 6887.837,       ,       ,      ,    1.2,       ,  -12.7,      0,  NONE,   NONE,      ,      ,   0.0, 3DDiff, 1852,      ,     12,  18.5,     18
2025-11-25, 22:14:17,  +00:00,   800€,   41.0631294,  -73.7086029,   394.1, 30.11,   409.0,   9.5,   0.00,   0.00,  -10.47,  -0.44,   0.74,  -0.01,  -0.00,  27.5, 282.5,  28.2,  28.3, 205.34, 201.40,   776.80,   762.14,    23.37,   91.75,   75.76,  448.00,    0.27,    0.54,    23.05,  108.44,     68.21,  440.50,    0.27,    0.54,   304.0,   0,  GPS,  163.0, 109.70, 109.70, 118.575, 133.800, 6887.837,       ,       ,      ,    1.2,       ,  -12.7,      0,  NONE,   NONE,      ,      ,   0.0, 3DDiff, 1852,      ,     12,  18.5,     18
2025-11-25, 22:14:18,  +00:00,   800€,   41.0631294,  -73.7086029,   394.1, 30.11,   407.8,   9.5,   0.00,   0.00,   -7.80,  -0.44,   0.73,  -0.01,   0.00,  27.5, 282.5,  28.2,  28.3, 205.34, 201.40,   776.80,   762.14,    23.32,   91.88,   75.65,  447.00,    0.26,    0.54,    23.04,  108.49,     68.18,  440.50,    0.27,    0.54,   302.8,   0,  GPS,  163.0, 109.70, 109.70, 118.575, 133.800, 6887.837,       ,       ,      ,    1.2,       ,  -12.7,      0,  NONE,   NONE,      ,      ,   0.0, 3DDiff, 1852,      ,     12,  18.0,     18
2025-11-25, 22:14:19,  +00:00,   800€,   41.0631294,  -73.7086029,   394.1, 30.11,   407.6,   9.5,   0.00,   0.00,   -5.31,  -0.44,   0.73,  -0.01,   0.00,  27.5, 282.5,  28.2,  28.3, 205.34, 201.40,   776.80,   762.14,    23.34,   92.01,   75.47,  447.50,    0.26,    0.54,    23.04,  108.55,     68.14,  440.50,    0.27,    0.54,   302.6,   0,  GPS,  163.0, 109.70, 109.70, 118.575, 133.800, 6887.837,       ,       ,      ,    1.2,       ,  -12.7,      0,  NONE,   NONE,      ,      ,   0.0, 3DDiff, 1852,      ,     12,  18.5,     18
2025-11-25, 22:14:20,  +00:00,   800€,   41.0631294,  -73.7086029,   394.1, 30.11,   407.2,   9.5,   0.00,   0.00,   -3.43,  -0.45,   0.71,  -0.01,  -0.00,  27.5, 282.5,  28.2,  28.3, 205.34, 201.40,   776.80,   762.14,    23.36,   92.14,   75.34,  447.50,    0.26,    0.54,    23.04,  108.62,     68.11,  441.50,    0.27,    0.54,   302.2,   0,  GPS,  163.0, 109.70, 109.70, 118.575, 133.800, 6887.837,       ,       ,      ,    1.2,       ,  -12.7,      0,  NONE,   NONE,      ,      ,   0.0, 3DDiff, 1852,      ,     12,  18.5,     18
2025-11-25, 22:14:21,  +00:00,   800€,   41.0631294,  -73.7086029,   394.1, 30.11,   406.9,   9.5,   0.00,   0.00,   -2.14,  -0.45,   0.71,  -0.01,   0.00,  27.5, 282.5,  28.2,  28.3, 205.34, 201.40,   776.80,   762.14,    23.35,   92.28,   75.23,  447.50,    0.26,    0.54,    23.04,  108.70,     68.08,  441.50,    0.27,    0.54,   301.9,   0,  GPS,  163.0, 109.70, 109.70, 118.575, 133.800, 6887.837,       ,       ,      ,    1.2,       ,  -12.7,      0,  NONE,   NONE,      ,      ,   0.0, 3DDiff, 1852,      ,     12,  19.0,     18
2025-11-25, 22:14:22,  +00:00,   800€,   41.0631294,  -73.7086029,   394.1, 30.11,   408.4,   9.5,   0.00,   0.00,   -1.31,  -0.45,   0.70,  -0.01,   0.00,  27.5, 282.5,  28.2,  28.3, 205.34, 201.40,   776.80,   762.14,    23.34,   92.42,   75.10,  448.00,    0.26,    0.54,    23.03,  108.78,     68.07,  441.00,    0.27,    0.54,   303.4,   0,  GPS,  163.0, 109.70, 109.70, 118.575, 133.800, 6887.837,       ,       ,      ,    1.2,       ,  -12.7,      0,  NONE,   NONE,      ,      ,   0.0, 3DDiff, 1852,      ,     12,  18.5,     18
2025-11-25, 22:14:23,  +00:00,   800€,   41.0631294,  -73.7086029,   394.1, 30.11,   408.9,   9.5,   0.00,   0.00,   -0.78,  -0.46,   0.70,  -0.01,   0.00,  27.5, 282.5,  28.2,  28.3, 205.34, 201.40,   776.80,   762.14,    23.34,   92.55,   74.96,  448.50,    0.26,    0.54,    23.02,  108.85,     68.03,  440.50,    0.27,    0.54,   303.9,   0,  GPS,  163.0, 109.70, 109.70, 118.575, 133.800, 6887.837,       ,       ,      ,    1.2,       ,  -12.7,      0,  NONE,   NONE,      ,      ,   0.0, 3DDiff, 1852,      ,     12,  18.5,     18
2025-11-25, 22:14:24,  +00:00,   800€,   41.0631294,  -73.7086029,   394.1, 30.11,   409.3,   9.5,   0.00,   0.00,   -0.46,  -0.46,   0.70,  -0.01,  -0.00,  27.5, 282.5,  28.2,  28.3, 205.34, 201.40,   776.80,   762.14,    23.35,   92.67,   74.83,  448.50,    0.26,    0.54,    23.07,  108.91,     68.00,  440.50,    0.27,    0.54,   304.3,   0,  GPS,  163.0, 109.70, 109.70, 118.575, 133.800, 6887.837,       ,       ,      ,    1.2,       ,  -12.7,      0,  NONE,   NONE,      ,      ,   0.0, 3DDiff, 1852,      ,     12,  18.5,     18
2025-11-25, 22:14:25,  +00:00,   800€,   41.0631371,  -73.7086029,   394.1, 30.11,   409.4,   9.5,   0.00,   0.00,   -0.27,  -0.46,   0.69,  -0.01,   0.00,  27.5, 282.5,  28.2,  28.3, 205.34, 201.40,   776.80,   762.14,    23.38,   92.81,   74.73,  449.00,    0.26,    0.54,    23.03,  108.96,     67.94,  441.00,    0.27,    0.54,   304.4,   0,  GPS,  163.0, 109.70, 109.70, 118.575, 133.800, 6887.837,       ,       ,      ,    1.2,       ,  -12.7,      0,  NONE,   NONE,      ,      ,   0.0, 3DDiff, 1852,      ,     12,  18.5,     18
2025-11-25, 22:14:26,  +00:00,   800€,   41.0631371,  -73.7086029,   394.1, 30.11,   409.4,   9.5,   0.00,   0.00,   -0.16,  -0.46,   0.69,  -0.01,   0.00,  27.5, 282.5,  28.2,  28.3, 205.34, 201.40,   776.80,   762.14,    23.36,   92.95,   74.67,  448.50,    0.26,    0.54,    23.05,  109.00,     67.93,  441.00,    0.27,    0.54,   304.4,   0,  GPS,  163.0, 109.70, 109.70, 118.575, 133.800, 6887.837,       ,       ,      ,    1.2,       ,  -12.7,      0,  NONE,   NONE,      ,      ,   0.0, 3DDiff, 1852,      ,     12,  18.5,     18
2025-11-25, 22:14:27,  +00:00,   800€,   41.0631371,  -73.7086029,   394.1, 30.11,   409.4,   9.5,   0.00,   0.00,   -0.09,  -0.46,   0.68,  -0.01,  -0.00,  27.5, 282.5,  28.2,  28.3, 205.34, 201.40,   776.80,   762.14,    23.33,   93.09,   74.59,  448.00,    0.26,    0.54,    23.01,  109.04,     67.88,  440.50,    0.27,    0.54,   304.4,   0,  GPS,  163.0, 109.70, 109.70, 118.575, 133.800, 6887.837,       ,       ,      ,    1.2,       ,  -12.7,      0,  NONE,   NONE,      ,      ,   0.0, 3DDiff, 1852,      ,     12,  19.0,     18
2025-11-25, 22:14:28,  +00:00,   800€,   41.0631294,  -73.7086029,   394.1, 30.11,   407.6,   9.5,   0.00,   0.00,   -0.05,  -0.46,   0.68,  -0.01,   0.00,  27.5, 282.5,  28.2,  28.3, 205.34, 201.40,   776.80,   762.14,    23.31,   93.22,   74.45,  448.00,    0.26,    0.54,    23.01,  109.08,     67.84,  440.50,    0.27,    0.54,   302.6,   0,  GPS,  163.0, 109.70, 109.70, 118.575, 133.800, 6887.837,       ,       ,      ,    1.2,       ,  -12.7,      0,  NONE,   NONE,      ,      ,   0.0, 3DDiff, 1852,      ,     12,  18.5,     18
2025-11-25, 22:14:29,  +00:00,   800€,   41.0631294,  -73.7086029,   394.1, 30.11,   407.1,   9.5,   0.00,   0.00,   -0.03,  -0.46,   0.68,  -0.01,   0.00,  27.5, 282.5,  28.2,  28.3, 205.34, 201.40,   776.80,   762.14,    23.34,   93.35,   74.34,  448.50,    0.26,    0.54,    23.01,  109.14,     67.80,  441.00,    0.27,    0.54,   302.1,   0,  GPS,  163.0, 109.70, 109.70, 118.575, 133.800, 6887.837,       ,       ,      ,    1.2,       ,  -12.7,      0,  NONE,   NONE,      ,      ,   0.0, 3DDiff, 1852,      ,     12,  18.5,     18
2025-11-25, 22:14:30,  +00:00,   800€,   41.0631294,  -73.7086029,   394.1, 30.11,   406.2,   9.5,   0.00,   0.00,   -0.02,  -0.46,   0.68,  -0.01,   0.00,  27.5, 282.5,  28.2,  28.3, 205.34, 201.40,   776.80,   762.14,    23.32,   93.48,   74.26,  448.50,    0.26,    0.54,    23.02,  109.19,     67.80,  440.00,    0.27,    0.54,   301.2,   0,  GPS,  163.0, 109.70, 109.70, 118.575, 133.800, 6887.837,       ,       ,      ,    1.2,       ,  -12.7,      0,  NONE,   NONE,      ,      ,   0.0, 3DDiff, 1852,      ,     12,  18.5,     18
2025-11-25, 22:14:31,  +00:00,   800€,   41.0631294,  -73.7086029,   394.1, 30.11,   405.9,   9.5,   0.00,   0.00,   -0.01,  -0.46,   0.68,  -0.01,   0.00,  27.5, 282.5,  28.2,  28.3, 205.34, 201.40,   776.80,   762.14,    23.30,   93.61,   74.14,  448.50,    0.26,    0.54,    23.02,  109.24,     67.74,  440.00,    0.27,    0.54,   300.9,   0,  GPS,  163.0, 109.70, 109.70, 118.575, 133.800, 6887.837,       ,       ,      ,    1.2,       ,  -12.7,      0,  NONE,   NONE,      ,      ,   0.0, 3DDiff, 1852,      ,     12,  18.5,     18
2025-11-25, 22:14:32,  +00:00,   800€,   41.0631294,  -73.7086029,   394.1, 30.11,   405.5,   9.5,   0.00,   0.00,   -0.01,  -0.46,   0.68,  -0.01,   0.00,  27.5, 282.5,  28.2,  28.3, 205.34, 201.40,   776.80,   762.14,    23.31,   93.73,   74.02,  448.00,    0.26,    0.54,    23.03,  109.30,     67.72,  439.50,    0.27,    0.54,   300.5,   0,  GPS,  163.0, 109.70, 109.70, 118.575, 133.800, 6887.837,       ,       ,      ,    1.2,       ,  -12.7,      0,  NONE,   NONE,      ,      ,   0.0, 3DDiff, 1852,      ,     12,  18.5,     18
2025-11-25, 22:14:33,  +00:00,   800€,   41.0631294,  -73.7086029,   394.1, 30.11,   405.1,   9.5,   0.00,   0.00,   -0.00,  -0.46,   0.68,  -0.01,   0.00,  27.5, 282.5,  28.2,  28.3, 205.34, 201.40,   776.80,   762.14,    23.28,   93.86,   73.90,  448.00,    0.26,    0.54,    23.01,  109.35,     67.67,  440.00,    0.27,    0.54,   300.1,   0,  GPS,  163.0, 109.70, 109.70, 118.575, 133.800, 6887.837,       ,       ,      ,    1.2,       ,  -12.7,      0,  NONE,   NONE,      ,      ,   3.9, 3DDiff, 1852,      ,     12,  19.0,     18
2025-11-25, 22:14:34,  +00:00,   800€,   41.0631371,  -73.7086029,   394.1, 30.11,   405.5,   9.5,   0.00,   0.00,   -0.00,  -0.46,   0.68,  -0.01,   0.00,  27.5, 282.5,  28.2,  28.3, 205.34, 201.40,   776.80,   762.14,    23.33,   93.98,   73.77,  448.00,    0.26,    0.54,    23.00,  109.40,     67.64,  440.50,    0.27,    0.54,   300.5,   0,  GPS,  163.0, 109.70, 109.70, 118.575, 133.800, 6887.837,       ,       ,      ,    1.2,       ,  -12.7,      0,  NONE,   NONE,      ,      ,   3.9, 3DDiff, 1852,      ,     12,  18.5,     18
2025-11-25, 22:14:35,  +00:00,   800€,   41.0631371,  -73.7086029,   394.1, 30.11,   405.7,   9.5,   0.00,   0.00,   -0.00,  -0.45,   0.68,  -0.01,   0.00,  27.5, 282.5,  28.2,  28.3, 205.34, 201.40,   776.80,   762.14,    23.29,   94.10,   73.69,  448.00,    0.26,    0.54,    23.04,  109.45,     67.61,  441.00,    0.27,    0.54,   300.7,   0,  GPS,  163.0, 109.70, 109.70, 118.575, 133.800, 6887.837,       ,       ,      ,    1.2,       ,  -12.7,      0,  NONE,   NONE,      ,      ,   0.0, 3DDiff, 1852,      ,     12,  19.0,     18
2025-11-25, 22:14:36,  +00:00,   800€,   41.0631371,  -73.7086029,   394.1, 30.11,   406.4,   9.5,   0.00,   0.00,   -0.00,  -0.45,   0.68,  -0.01,   0.00,  27.5, 282.5,  28.2,  28.3, 205.34, 201.40,   776.80,   762.14,    23.29,   94.23,   73.57,  448.00,    0.26,    0.54,    23.02,  109.51,     67.57,  441.00,    0.27,    0.54,   301.4,   0,  GPS,  163.0, 109.70, 109.70, 118.575, 133.800, 6887.837,       ,       ,      ,    1.2,       ,  -12.7,      0,  NONE,   NONE,      ,      ,   0.0, 3DDiff, 1852,      ,     12,  18.5,     18
2025-11-25, 22:14:37,  +00:00,   800€,   41.0631371,  -73.7086029,   394.1, 30.11,   406.3,   9.5,   0.00,   0.00,   -0.00,  -0.44,   0.68,  -0.01,   0.00,  27.5, 282.5,  28.2,  28.3, 205.34, 201.40,   776.80,   762.14,    23.30,   94.36,   73.46,  448.50,    0.26,    0.54,    23.04,  109.57,     67.53,  441.00,    0.28,    0.54,   301.3,   0,  GPS,  163.0, 109.70, 109.70, 118.575, 133.800, 6887.837,       ,       ,      ,    1.2,       ,  -12.7,      0,  NONE,   NONE,      ,      ,   0.0, 3DDiff, 1852,      ,     12,  18.5,     18
2025-11-25, 22:14:38,  +00:00,   800€,   41.0631371,  -73.7086029,   394.1, 30.11,   406.3,   9.5,   0.00,   0.00,   -0.00,  -0.44,   0.67,  -0.01,   0.00,  27.5, 282.5,  28.2,  28.3, 205.34, 201.40,   776.80,   762.14,    23.28,   94.49,   73.36,  448.50,    0.26,    0.54,    23.04,  109.63,     67.53,  440.50,    0.27,    0.54,   301.3,   0,  GPS,  163.0, 109.70, 109.70, 118.575, 133.800, 6887.837,       ,       ,      ,    1.2,       ,  -12.7,      0,  NONE,   NONE,      ,      ,   0.0, 3DDiff, 1852,      ,     12,  18.5,     18
2025-11-25, 22:14:39,  +00:00,   800€,   41.0631371,  -73.7086029,   394.1, 30.11,   406.3,   9.5,   0.00,   0.00,   -0.00,  -0.44,   0.67,  -0.01,   0.00,  27.5, 282.5,  28.2,  28.3, 205.34, 201.40,   777.37,   762.14,    23.28,   94.62,   73.28,  448.50,    0.26,    0.54,    23.01,  109.69,     67.51,  440.50,    0.27,    0.54,   301.3,   0,  GPS,  163.0, 109.70, 109.70, 118.575, 133.800, 6887.837,       ,       ,      ,    1.2,       ,  -12.7,      0,  NONE,   NONE,      ,      ,   0.0, 3DDiff, 1852,      ,     12,  19.0,     18
2025-11-25, 22:14:40,  +00:00,   800€,   41.0631371,  -73.7086029,   394.1, 30.11,   406.3,   9.5,   0.00,   0.00,   -0.00,  -0.44,   0.67,  -0.01,   0.00,  27.5, 282.5,  28.2,  28.3, 205.34, 201.40,   777.37,   762.14,    23.31,   94.73,   73.20,  449.00,    0.26,    0.54,    22.99,  109.74,     67.45,  440.50,    0.27,    0.54,   301.3,   0,  GPS,  163.0, 109.70, 109.70, 118.575, 133.800, 6887.837,       ,       ,      ,    1.2,       ,  -12.7,      0,  NONE,   NONE,      ,      ,   0.0, 3DDiff, 1852,      ,     12,  18.5,     18
2025-11-25, 22:14:41,  +00:00,   800€,   41.0631371,  -73.7086029,   394.1, 30.11,   402.8,   9.5,   0.00,   0.00,   -0.00,  -0.44,   0.67,  -0.01,   0.00,  27.5, 282.5,  28.2,  28.3, 205.34, 201.40,   777.37,   762.14,    23.29,   94.85,   73.09,  449.00,    0.26,    0.54,    23.01,  109.79,     67.42,  440.50,    0.27,    0.54,   297.8,   0,  GPS,  163.0, 109.70, 109.70, 118.575, 133.800, 6887.837,       ,       ,      ,    1.2,       ,  -12.7,      0,  NONE,   NONE,      ,      ,   0.0, 3DDiff, 1852,      ,     12,  19.5,     19
2025-11-25, 22:14:42,  +00:00,   800€,   41.0631371,  -73.7086029,   394.1, 30.11,   401.9,   9.5,   0.00,   0.00,   -0.00,  -0.44,   0.67,  -0.01,   0.00,  27.5, 282.5,  28.2,  28.3, 205.34, 201.40,   777.37,   762.14,    23.30,   94.97,   72.99,  449.00,    0.26,    0.54,    23.00,  109.84,     67.39,  440.50,    0.27,    0.54,   296.9,   0,  GPS,  163.0, 109.70, 109.70, 118.575, 133.800, 6887.837,       ,       ,      ,    1.2,       ,  -12.7,      0,  NONE,   NONE,      ,      ,   0.0, 3DDiff, 1852,      ,     12,  19.0,     18
2025-11-25, 22:14:43,  +00:00,   800€,   41.0631371,  -73.7086029,   394.1, 30.11,   401.9,   9.5,   0.00,   0.00,   -0.00,  -0.43,   0.67,  -0.01,   0.00,  27.5, 282.5,  28.2,  28.3, 205.34, 201.40,   777.37,   762.14,    23.32,   95.08,   72.91,  449.00,    0.26,    0.54,    23.02,  109.89,     67.38,  440.00,    0.27,    0.54,   296.9,   0,  GPS,  163.0, 109.70, 109.70, 118.575, 133.800, 6887.837,       ,       ,      ,    1.2,       ,  -12.7,      0,  NONE,   NONE,      ,      ,   3.9, 3DDiff, 1852,      ,     12,  19.0,     19
2025-11-25, 22:14:44,  +00:00,   800€,   41.0631371,  -73.7086029,   394.1, 30.11,   401.7,   9.5,   0.00,   0.00,   -0.00,  -0.43,   0.67,  -0.01,   0.00,  27.5, 282.5,  28.2,  28.3, 205.34, 201.40,   777.37,   762.14,    23.28,   95.19,   72.83,  449.00,    0.27,    0.54,    22.99,  109.93,     67.34,  440.00,    0.27,    0.54,   296.7,   0,  GPS,  163.0, 109.70, 109.70, 118.575, 133.800, 6887.837,       ,       ,      ,    1.2,       ,  -12.7,      0,  NONE,   NONE,      ,      ,   0.0, 3DDiff, 1852,      ,     12,  19.5,     19
2025-11-25, 22:14:45,  +00:00,   800€,   41.0631371,  -73.7086029,   394.1, 30.11,   401.6,   9.5,   0.00,   0.00,   -0.00,  -0.43,   0.67,  -0.01,   0.00,  27.5, 282.5,  28.2,  28.3, 205.34, 201.40,   777.37,   762.14,    23.29,   95.30,   72.72,  449.00,    0.27,    0.54,    23.00,  109.98,     67.31,  440.50,    0.27,    0.54,   296.6,   0,  GPS,  163.0, 109.70, 109.70, 118.575, 133.800, 6887.837,       ,       ,      ,    1.2,       ,  -12.7,      0,  NONE,   NONE,      ,      ,   0.0, 3DDiff, 1852,      ,     13,  19.5,     20
2025-11-25, 22:14:46,  +00:00,   800€,   41.0631371,  -73.7086029,   393.1, 30.11,   401.6,   9.5,   0.00,   0.00,   -0.00,  -0.44,   0.67,  -0.01,   0.00,  27.5, 282.5,  28.2,  28.3, 205.34, 201.40,   777.37,   762.14,    23.28,   95.42,   72.62,  449.00,    0.27,    0.54,    23.01,  110.04,     67.27,  440.50,    0.27,    0.54,   296.6,   0,  GPS,  163.0, 109.70, 109.70, 118.575, 133.800, 6887.837,       ,       ,      ,    1.2,       ,  -12.7,      0,  NONE,   NONE,      ,      ,   0.0, 3DDiff, 1852,      ,     12,  19.5,     19
2025-11-25, 22:14:47,  +00:00,   800€,   41.0631371,  -73.7086029,   393.1, 30.11,   402.1,   9.5,   0.00,   0.00,   -0.00,  -0.44,   0.66,  -0.01,   0.00,  27.5, 282.5,  28.2,  28.3, 205.34, 201.40,   777.37,   762.14,    23.26,   95.53,   72.49,  449.00,    0.27,    0.54,    23.00,  110.11,     67.24,  440.50,    0.27,    0.54,   297.1,   0,  GPS,  163.0, 109.70, 109.70, 118.575, 133.800, 6887.837,       ,       ,      ,    1.2,       ,  -12.7,      0,  NONE,   NONE,      ,      ,   0.0, 3DDiff, 1852,      ,     12,  19.5,     19
2025-11-25, 22:14:48,  +00:00,   800€,   41.0631371,  -73.7086029,   393.1, 30.11,   403.0,   9.5,   0.00,   0.00,   -0.00,  -0.45,   0.66,  -0.01,   0.00,  27.5, 282.5,  28.2,  28.3, 205.34, 201.40,   777.37,   762.14,    23.29,   95.64,   72.39,  449.50,    0.27,    0.54,    22.98,  110.17,     67.22,  440.50,    0.27,    0.54,   298.0,   0,  GPS,  163.0, 109.70, 109.70, 118.575, 133.800, 6887.837,       ,       ,      ,    1.2,       ,  -12.7,      0,  NONE,   NONE,      ,      ,   0.0, 3DDiff, 1852,      ,     12,  19.0,     18
2025-11-25, 22:14:49,  +00:00,   800€,   41.0631371,  -73.7086029,   393.1, 30.11,   403.0,   9.5,   0.00,   0.00,   -0.00,  -0.44,   0.66,  -0.01,   0.00,  27.5, 282.5,  28.2,  28.3, 205.34, 201.40,   777.37,   762.14,    23.28,   95.76,   72.29,  449.50,    0.27,    0.54,    22.99,  110.22,     67.20,  440.50,    0.27,    0.54,   298.0,   0,  GPS,  163.0, 109.70, 109.70, 118.575, 133.800, 6887.837,       ,       ,      ,    1.2,       ,  -12.7,      0,  NONE,   NONE,      ,      ,   0.0, 3DDiff, 1852,      ,     12,  19.0,     19
2025-11-25, 22:14:50,  +00:00,   800€,   41.0631371,  -73.7086029,   394.1, 30.11,   403.1,   9.5,   0.00,   0.00,   -0.00,  -0.44,   0.66,  -0.01,   0.00,  27.5, 282.5,  28.2,  28.3, 205.34, 201.40,   777.37,   762.14,    23.26,   95.87,   72.20,  449.50,    0.27,    0.54,    22.98,  110.27,     67.16,  441.00,    0.27,    0.54,   298.1,   0,  GPS,  163.0, 109.70, 109.70, 118.575, 133.800, 6887.837,       ,       ,      ,    1.2,       ,  -12.7,      0,  NONE,   NONE,      ,      ,   3.9, 3DDiff, 1852,      ,     12,  19.5,     19
2025-11-25, 22:14:51,  +00:00,   800€,   41.0631371,  -73.7086029,   394.1, 30.11,   403.2,   9.5,   0.00,   0.00,   -0.00,  -0.44,   0.65,  -0.01,   0.00,  27.5, 282.5,  28.2,  28.3, 205.34, 201.40,   777.37,   762.14,    23.24,   95.99,   72.13,  449.50,    0.27,    0.54,    22.98,  110.32,     67.13,  441.50,    0.27,    0.54,   298.2,   0,  GPS,  163.0, 109.70, 109.70, 118.575, 133.800, 6887.837,       ,       ,      ,    1.2,       ,  -12.7,      0,  NONE,   NONE,      ,      ,   0.0, 3DDiff, 1852,      ,     13,  19.5,     20
2025-11-25, 22:14:52,  +00:00,   800€,   41.0631371,  -73.7086029,   393.1, 30.11,   402.9,   9.5,   0.00,   0.00,   -0.00,  -0.44,   0.65,  -0.01,  -0.00,  27.5, 282.5,  28.2,  28.3, 205.34, 201.40,   777.37,   762.14,    23.28,   96.12,   72.02,  450.00,    0.27,    0.54,    23.00,  110.37,     67.08,  441.50,    0.27,    0.54,   297.9,   0,  GPS,  163.0, 109.70, 109.70, 118.575, 133.800, 6887.837,       ,       ,      ,    1.2,       ,  -12.7,      0,  NONE,   NONE,      ,      ,   0.0, 3DDiff, 1852,      ,     12,  19.5,     19
2025-11-25, 22:14:53,  +00:00,   800€,   41.0631371,  -73.7086029,   393.1, 30.11,   402.8,   9.5,   0.00,   0.00,   -0.00,  -0.45,   0.65,  -0.01,   0.00,  27.5, 282.5,  28.2,  28.3, 205.34, 201.40,   777.37,   762.14,    23.31,   96.24,   71.95,  450.50,    0.27,    0.54,    23.03,  110.42,     67.09,  440.50,    0.27,    0.54,   297.8,   0,  GPS,  163.0, 109.70, 109.70, 118.575, 133.800, 6887.837,       ,       ,      ,    1.2,       ,  -12.7,      0,  NONE,   NONE,      ,      ,   0.0, 3DDiff, 1852,      ,     12,  19.5,     19
2025-11-25, 22:14:54,  +00:00,   800€,   41.0631371,  -73.7086029,   394.1, 30.11,   402.1,   9.5,   0.00,   0.00,   -0.00,  -0.45,   0.65,  -0.01,   0.00,  27.5, 282.5,  28.2,  28.3, 205.34, 201.40,   777.37,   762.14,    23.34,   96.36,   71.84,  451.00,    0.27,    0.54,    23.00,  110.46,     67.04,  441.00,    0.27,    0.54,   297.1,   0,  GPS,  163.0, 109.70, 109.70, 118.575, 133.800, 6887.837,       ,       ,      ,    1.2,       ,  -12.7,      0,  NONE,   NONE,      ,      ,   0.0, 3DDiff, 1852,      ,     12,  19.0,     18
2025-11-25, 22:14:55,  +00:00,   800€,   41.0631371,  -73.7086029,   394.1, 30.11,   402.1,   9.8,   0.00,   0.00,   -0.00,  -0.45,   0.65,  -0.01,   0.00,  27.5, 282.5,  28.2,  28.3, 205.34, 201.40,   777.37,   762.14,    23.36,   96.46,   71.78,  451.00,    0.27,    0.54,    23.00,  110.52,     67.02,  441.50,    0.27,    0.54,   297.1,   0,  GPS,  163.0, 109.70, 109.70, 118.575, 133.800, 6887.837,       ,       ,      ,    1.2,       ,  -12.7,      0,  NONE,   NONE,      ,      ,   0.0, 3DDiff, 1852,      ,     12,  19.0,     19
2025-11-25, 22:14:56,  +00:00,   800€,   41.0631371,  -73.7086029,   393.1, 30.11,   402.0,   9.8,   0.00,   0.00,   -0.00,  -0.45,   0.65,  -0.01,   0.00,  27.5, 282.5,  28.2,  28.3, 205.34, 201.40,   777.37,   762.14,    23.33,   96.57,   71.70,  451.00,    0.27,    0.54,    23.02,  110.57,     66.99,  441.50,    0.28,    0.54,   297.0,   0,  GPS,  163.0, 109.70, 109.70, 118.575, 133.800, 6887.837,       ,       ,      ,    1.2,       ,  -12.7,      0,  NONE,   NONE,      ,      ,   0.0, 3DDiff, 1852,      ,     12,  19.5,     19
2025-11-25, 22:14:57,  +00:00,   800€,   41.0631371,  -73.7086029,   393.1, 30.11,   401.9,   9.8,   0.00,   0.00,   -0.00,  -0.44,   0.65,  -0.01,   0.00,  27.5, 282.5,  28.2,  28.3, 205.34, 201.40,   777.37,   762.14,    23.33,   96.68,   71.61,  451.50,    0.27,    0.54,    23.04,  110.63,     66.99,  441.00,    0.28,    0.54,   296.9,   0,  GPS,  163.0, 109.70, 109.70, 118.575, 133.800, 6887.837,       ,       ,      ,    1.2,       ,  -12.7,      0,  NONE,   NONE,      ,      ,   0.0, 3DDiff, 1852,      ,     13,  19.5,     20
2025-11-25, 22:14:58,  +00:00,   800€,   41.0631371,  -73.7086029,   393.1, 30.11,   401.1,   9.8,   0.00,   0.00,   -0.00,  -0.45,   0.64,  -0.01,   0.00,  27.5, 282.5,  28.2,  28.3, 205.34, 201.40,   777.37,   762.14,    23.30,   96.78,   71.58,  449.00,    0.27,    0.54,    23.00,  110.67,     66.95,  442.00,    0.27,    0.54,   296.1,   0,  GPS,  163.0, 109.70, 109.70, 118.575, 121.825, 6887.837,       ,       ,      ,    1.2,       ,  -12.7,      0,  NONE,   NONE,      ,      ,   0.0, 3DDiff, 1852,      ,     12,  19.5,     19
2025-11-25, 22:14:59,  +00:00,   800€,   41.0631371,  -73.7086029,   394.1, 30.11,   401.0,   9.8,   0.00,   0.00,   -0.00,  -0.45,   0.64,  -0.01,   0.00,  27.5, 282.5,  28.2,  28.3, 205.34, 201.40,   777.37,   761.57,    23.24,   96.89,   71.47,  449.00,    0.27,    0.54,    23.01,  110.71,     66.92,  442.50,    0.27,    0.54,   296.0,   0,  GPS,  163.0, 109.70, 109.70, 118.575, 121.825, 6887.837,       ,       ,      ,    1.2,       ,  -12.7,      0,  NONE,   NONE,      ,      ,   3.9, 3DDiff, 1852,      ,     12,  19.5,     19
2025-11-25, 22:15:00,  +00:00,   800€,   41.0631409,  -73.7086029,   393.1, 30.11,   401.2,   9.8,   0.00,   0.00,   -0.00,  -0.45,   0.63,  -0.01,  -0.00,  27.5, 282.5,  28.2,  28.3, 205.34, 201.40,   777.37,   761.57,    23.27,   96.99,   71.36,  450.00,    0.27,    0.54,    22.99,  110.75,     66.88,  442.50,    0.28,    0.54,   296.2,   0,  GPS,  163.0, 109.70, 109.70, 118.575, 121.825, 6887.837,       ,       ,      ,    1.2,       ,  -12.7,      0,  NONE,   NONE,      ,      ,   0.0, 3DDiff, 1852,      ,     12,  19.0,     19
2025-11-25, 22:15:01,  +00:00,   800€,   41.0631409,  -73.7086029,   393.1, 30.11,   401.1,  10.0,   0.00,   0.00,   -0.00,  -0.44,   0.63,  -0.01,   0.00,  27.5, 282.5,  28.2,  28.3, 205.34, 201.40,   777.37,   761.57,    23.27,   97.11,   71.25,  450.50,    0.26,    0.54,    22.99,  110.80,     66.88,  441.00,    0.28,    0.54,   296.1,   0,  GPS,  163.0, 109.70, 109.70, 118.575, 121.825, 6887.837,       ,       ,      ,    1.2,       ,  -12.7,      0,  NONE,   NONE,      ,      ,   0.0, 3DDiff, 1852,      ,     12,  19.0,     19
2025-11-25, 22:15:02,  +00:00,   800€,   41.0631409,  -73.7086029,   393.1, 30.11,   401.0,  10.0,   0.00,   0.00,   -0.00,  -0.44,   0.63,  -0.01,   0.00,  27.5, 282.5,  28.2,  28.3, 205.34, 201.40,   777.37,   761.57,    23.25,   97.22,   71.17,  450.50,    0.26,    0.54,    22.96,  110.85,     66.84,  441.50,    0.27,    0.54,   296.0,   0,  GPS,  163.0, 109.70, 109.70, 118.575, 121.825, 6887.837,       ,       ,      ,    1.2,       ,  -12.7,      0,  NONE,   NONE,      ,      ,   0.0, 3DDiff, 1852,      ,     13,  19.0,     19
2025-11-25, 22:15:03,  +00:00,   800€,   41.0631409,  -73.7086029,   393.1, 30.11,   400.9,  10.0,   0.00,   0.00,   -0.00,  -0.44,   0.63,  -0.01,  -0.00,  27.5, 282.5,  28.2,  28.3, 205.34, 201.40,   777.37,   761.57,    23.23,   97.34,   71.05,  450.50,    0.26,    0.54,    22.99,  110.89,     66.81,  442.00,    0.27,    0.54,   295.9,   0,  GPS,  163.0, 109.70, 109.70, 118.575, 121.825, 6887.837,       ,       ,      ,    1.2,       ,  -12.7,      0,  NONE,   NONE,      ,      ,   0.0, 3DDiff, 1852,      ,     13,  19.5,     20
2025-11-25, 22:15:04,  +00:00,   800€,   41.0631409,  -73.7086029,   393.1, 30.11,   401.4,  10.2,   0.00,   0.00,   -0.00,  -0.44,   0.64,  -0.01,   0.00,  27.5, 282.5,  28.2,  28.3, 205.34, 201.40,   777.37,   761.57,    23.20,   97.45,   70.95,  450.00,    0.26,    0.54,    23.01,  110.94,     66.76,  442.50,    0.27,    0.54,   296.4,   0,  GPS,  163.0, 109.70, 109.70, 118.575, 121.825, 6887.837,       ,       ,      ,    1.2,       ,  -12.7,      0,  NONE,   NONE,      ,      ,   0.0, 3DDiff, 1852,      ,     12,  19.0,     19
2025-11-25, 22:15:05,  +00:00,   800€,   41.0631371,  -73.7086029,   393.1, 30.11,   402.3,  10.2,   0.00,   0.00,   -0.00,  -0.44,   0.64,  -0.01,   0.00,  27.5, 282.5,  28.2,  28.3, 205.34, 201.40,   777.37,   761.57,    23.16,   97.54,   70.89,  450.00,    0.26,    0.54,    22.98,  110.98,     66.75,  442.00,    0.27,    0.54,   297.3,   0,  GPS,  163.0, 109.70, 109.70, 118.575, 121.825, 6887.837,       ,       ,      ,    1.2,       ,  -12.7,      0,  NONE,   NONE,      ,      ,   0.0, 3DDiff, 1852,      ,     12,  19.5,     19
2025-11-25, 22:15:06,  +00:00,   800€,   41.0631371,  -73.7086029,   393.1, 30.11,   402.5,  10.2,   0.00,   0.00,   -0.00,  -0.44,   0.64,  -0.01,   0.00,  27.6, 282.5,  28.2,  28.3, 205.34, 201.40,   777.37,   761.57,    23.19,   97.63,   70.83,  450.00,    0.26,    0.54,    22.98,  111.02,     66.72,  442.00,    0.27,    0.54,   297.5,   0,  GPS,  163.0, 109.70, 109.70, 118.575, 121.825, 6887.837,       ,       ,      ,    1.2,       ,  -12.7,      0,  NONE,   NONE,      ,      ,   0.0, 3DDiff, 1852,      ,     12,  19.0,     19
2025-11-25, 22:15:07,  +00:00,   800€,   41.0631371,  -73.7086029,   393.1, 30.11,   402.6,  10.2,   0.00,   0.00,   -0.00,  -0.44,   0.64,  -0.01,   0.00,  27.5, 282.5,  28.2,  28.3, 205.34, 201.40,   777.37,   761.57,    23.18,   97.72,   70.73,  450.00,    0.26,    0.54,    22.96,  111.05,     66.71,  442.00,    0.27,    0.54,   297.6,   0,  GPS,  163.0, 109.70, 109.70, 118.575, 121.825, 6887.837,       ,       ,      ,    1.2,       ,  -12.7,      0,  NONE,   NONE,      ,      ,   0.0, 3DDiff, 1852,      ,     12,  19.0,     19
2025-11-25, 22:15:08,  +00:00,   800€,   41.0631371,  -73.7086029,   393.1, 30.11,   402.6,  10.0,   0.00,   0.00,   -0.00,  -0.43,   0.64,  -0.01,   0.00,  27.6, 282.5,  28.2,  28.3, 205.34, 201.40,   777.37,   761.57,    23.21,   97.82,   70.65,  450.00,    0.26,    0.54,    22.95,  111.10,     66.69,  442.00,    0.27,    0.54,   297.6,   0,  GPS,  163.0, 109.70, 109.70, 118.575, 121.825, 6887.837,       ,       ,      ,    1.2,       ,  -12.7,      0,  NONE,   NONE,      ,      ,   0.0, 3DDiff, 1852,      ,     13,  19.0,     19
2025-11-25, 22:15:09,  +00:00,   800€,   41.0631371,  -73.7086029,   393.1, 30.11,   402.5,  10.0,   0.00,   0.00,   -0.00,  -0.43,   0.64,  -0.01,   0.00,  27.6, 282.5,  28.2,  28.3, 205.34, 201.40,   777.37,   761.57,    23.21,   97.92,   70.54,  450.50,    0.26,    0.54,    22.96,  111.16,     66.66,  441.50,    0.27,    0.54,   297.5,   0,  GPS,  163.0, 109.70, 109.70, 118.575, 121.825, 6887.837,       ,       ,      ,    1.2,       ,  -12.7,      0,  NONE,   NONE,      ,      ,   0.0, 3DDiff, 1852,      ,     13,  19.5,     20
2025-11-25, 22:15:10,  +00:00,   800€,   41.0631371,  -73.7086029,   393.1, 30.11,   401.8,  10.0,   0.00,   0.00,   -0.00,  -0.43,   0.64,  -0.01,   0.00,  27.6, 282.5,  28.2,  28.3, 205.34, 201.40,   777.37,   761.57,    23.21,   98.02,   70.48,  450.50,    0.26,    0.54,    22.97,  111.21,     66.64,  441.50,    0.27,    0.54,   296.8,   0,  GPS,  163.0, 109.70, 109.70, 118.575, 121.825, 6887.837,       ,       ,      ,    1.2,       ,  -12.7,      0,  NONE,   NONE,      ,      ,   0.0, 3DDiff, 1852,      ,     12,  19.0,     19
2025-11-25, 22:15:11,  +00:00,   800€,   41.0631409,  -73.7086029,   393.1, 30.11,   401.1,  10.0,   0.00,   0.00,   -0.00,  -0.44,   0.65,  -0.01,   0.00,  27.6, 282.5,  28.2,  28.3, 205.34, 201.40,   777.37,   761.57,    23.20,   98.12,   70.40,  450.50,    0.26,    0.54,    22.95,  111.26,     66.62,  442.00,    0.27,    0.54,   296.1,   0,  GPS,  163.0, 109.70, 109.70, 118.575, 121.825, 6887.837,       ,       ,      ,    1.2,       ,  -12.7,      0,  NONE,   NONE,      ,      ,   0.0, 3DDiff, 1852,      ,     12,  19.5,     19
2025-11-25, 22:15:12,  +00:00,   800€,   41.0631409,  -73.7086029,   393.1, 30.11,   401.2,  10.0,   0.00,   0.00,   -0.00,  -0.45,   0.66,  -0.01,   0.00,  27.6, 282.5,  28.2,  28.3, 205.34, 201.40,   777.37,   761.57,    23.22,   98.23,   70.31,  450.50,    0.26,    0.54,    22.99,  111.31,     66.62,  441.50,    0.27,    0.54,   296.2,   0,  GPS,  163.0, 109.70, 109.70, 118.575, 121.825, 6887.837,       ,       ,      ,    1.2,       ,  -12.7,      0,  NONE,   NONE,      ,      ,   0.0, 3DDiff, 1852,      ,     12,  19.0,     19
2025-11-25, 22:15:13,  +00:00,   800€,   41.0631409,  -73.7086029,   393.1, 30.11,   401.2,   9.8,   0.00,   0.00,   -0.00,  -0.45,   0.66,  -0.01,  -0.00,  27.6, 282.5,  28.2,  28.3, 205.34, 201.07,   777.37,   761.57,    23.48,   98.34,   70.68,  450.50,    0.27,    0.54,    22.86,  111.35,     66.76,  440.50,    0.27,    0.54,   296.2,   0,  GPS,  163.0, 109.70, 109.70, 118.575, 121.825, 6887.837,       ,       ,      ,    1.2,       ,  -12.7,      0,  NONE,   NONE,      ,      ,   0.0, 3DDiff, 1852,      ,     12,  19.0,     19
2025-11-25, 22:15:14,  +00:00,   800€,   41.0631409,  -73.7086029,   393.1, 30.11,   401.1,   9.8,   0.00,   0.00,   -0.00,  -0.45,   0.66,  -0.01,  -0.00,  27.6, 282.5,  28.2,  28.3, 205.34, 201.07,   777.37,   761.57,    23.36,   98.45,   70.25,  451.50,    0.27,    0.54,    23.01,  111.41,     66.60,  441.50,    0.27,    0.54,   296.1,   0,  GPS,  163.0, 109.70, 109.70, 118.575, 121.825, 6887.837,       ,       ,      ,    1.2,       ,  -12.7,      0,  NONE,   NONE,      ,      ,   0.0, 3DDiff, 1852,      ,     13,  19.0,     19
2025-11-25, 22:15:15,  +00:00,   800€,   41.0631409,  -73.7086029,   393.1, 30.11,   401.2,   9.8,   0.00,   0.00,   -0.00,  -0.45,   0.67,  -0.01,   0.00,  27.5, 282.5,  28.2,  28.3, 205.34, 201.07,   777.37,   761.57,    23.26,   98.56,   70.11,  451.00,    0.26,    0.54,    23.00,  111.45,     66.55,  441.50,    0.27,    0.54,   296.2,   0,  GPS,  163.0, 109.70, 109.70, 118.575, 121.825, 6887.837,       ,       ,      ,    1.2,       ,  -12.7,      0,  NONE,   NONE,      ,      ,   0.0, 3DDiff, 1852,      ,     13,  19.5,     20
2025-11-25, 22:15:16,  +00:00,   800€,   41.0631409,  -73.7086029,   393.1, 30.11,   401.6,   9.8,   0.00,   0.00,   -0.00,  -0.46,   0.66,  -0.01,   0.00,  27.6, 282.5,  28.2,  28.3, 205.34, 201.07,   777.37,   761.57,    23.26,   98.67,   70.03,  451.00,    0.26,    0.54,    23.01,  111.48,     66.54,  441.00,    0.27,    0.54,   296.6,   0,  GPS,  163.0, 109.70, 109.70, 118.575, 121.825, 6887.837,       ,       ,      ,    1.2,       ,  -12.7,      0,  NONE,   NONE,      ,      ,   0.0, 3DDiff, 1852,      ,     12,  19.0,     19
2025-11-25, 22:15:17,  +00:00,   800€,   41.0631371,  -73.7086029,   393.1, 30.11,   402.6,   9.8,   0.00,   0.00,   -0.00,  -0.45,   0.67,  -0.01,  -0.00,  27.5, 282.5,  28.2,  28.3, 205.34, 201.07,   777.37,   761.57,    23.23,   98.77,   69.97,  450.50,    0.26,    0.54,    22.99,  111.50,     66.51,  441.00,    0.27,    0.54,   297.6,   0,  GPS,  163.0, 109.70, 109.70, 118.575, 121.825, 6887.837,       ,       ,      ,    1.2,       ,  -12.7,      0,  NONE,   NONE,      ,      ,   0.0, 3DDiff, 1852,      ,     12,  19.5,     19
2025-11-25, 22:15:18,  +00:00,   800€,   41.0631371,  -73.7086029,   393.1, 30.11,   402.3,   9.8,   0.00,   0.00,   -0.00,  -0.45,   0.67,  -0.01,   0.00,  27.5, 282.5,  28.3,  28.3, 205.34, 201.07,   777.37,   761.57,    23.19,   98.88,   69.88,  450.00,    0.26,    0.54,    22.99,  111.52,     66.48,  440.50,    0.27,    0.54,   297.3,   0,  GPS,  163.0, 109.70, 109.70, 118.575, 121.825, 6887.837,       ,       ,      ,    1.2,       ,  -12.7,      0,  NONE,   NONE,      ,      ,   0.0, 3DDiff, 1852,      ,     12,  19.0,     19
2025-11-25, 22:15:19,  +00:00,   800€,   41.0631371,  -73.7086029,   393.1, 30.11,   402.5,   9.8,   0.00,   0.00,   -0.00,  -0.45,   0.68,  -0.01,  -0.00,  27.5, 282.5,  28.3,  28.3, 205.34, 201.07,   777.37,   761.57,    23.21,   98.98,   69.82,  450.00,    0.26,    0.54,    22.95,  111.55,     66.47,  440.50,    0.27,    0.54,   297.5,   0,  GPS,  163.0, 109.70, 109.70, 118.575, 121.825, 6887.837,       ,       ,      ,    1.2,       ,  -12.7,      0,  NONE,   NONE,      ,      ,   0.0, 3DDiff, 1852,      ,     12,  19.0,     19
2025-11-25, 22:15:20,  +00:00,   800€,   41.0631371,  -73.7086029,   393.1, 30.11,   402.7,   9.8,   0.00,   0.00,   -0.00,  -0.44,   0.68,  -0.01,   0.00,  27.5, 282.5,  28.3,  28.3, 205.34, 201.07,   777.37,   761.57,    23.20,   99.07,   69.73,  450.00,    0.26,    0.54,    22.95,  111.57,     66.44,  441.00,    0.27,    0.54,   297.7,   0,  GPS,  163.0, 109.70, 109.70, 118.575, 121.825, 6887.837,       ,       ,      ,    1.2,       ,  -12.7,      0,  NONE,   NONE,      ,      ,   0.0, 3DDiff, 1852,      ,     13,  19.0,     19
2025-11-25, 22:15:21,  +00:00,   800€,   41.0631371,  -73.7086029,   393.1, 30.11,   402.8,   9.8,   0.00,   0.00,   -0.00,  -0.44,   0.69,  -0.01,  -0.00,  27.5, 282.5,  28.3,  28.3, 205.34, 201.07,   777.37,   761.57,    23.21,   99.17,   69.65,  450.00,    0.26,    0.54,    22.93,  111.60,     66.42,  441.00,    0.27,    0.54,   297.8,   0,  GPS,  163.0, 109.70, 109.70, 118.575, 121.825, 6887.837,       ,       ,      ,    1.2,       ,  -12.7,      0,  NONE,   NONE,      ,      ,   0.0, 3DDiff, 1852,      ,     13,  19.5,     20
2025-11-25, 22:15:22,  +00:00,   800€,   41.0631371,  -73.7086029,   393.1, 30.11,   402.2,   9.8,   0.00,   0.00,   -0.00,  -0.45,   0.69,  -0.01,   0.00,  27.5, 282.5,  28.3,  28.3, 205.34, 201.07,   777.37,   761.57,    23.21,   99.25,   69.56,  450.00,    0.26,    0.54,    22.94,  111.63,     66.39,  440.50,    0.27,    0.54,   297.2,   0,  GPS,  163.0, 109.70, 109.70, 118.575, 121.825, 6887.837,       ,       ,      ,    1.2,       ,  -12.7,      0,  NONE,   NONE,      ,      ,   0.0, 3DDiff, 1852,      ,     12,  19.0,     19
2025-11-25, 22:15:23,  +00:00,   800€,   41.0631371,  -73.7086029,   393.1, 30.11,   401.8,   9.8,   0.00,   0.00,   -0.00,  -0.45,   0.69,  -0.01,   0.00,  27.5, 282.5,  28.2,  28.3, 205.34, 201.07,   777.37,   761.57,    23.20,   99.34,   69.49,  450.00,    0.26,    0.54,    22.97,  111.66,     66.36,  440.50,    0.27,    0.54,   296.8,   0,  GPS,  163.0, 109.70, 109.70, 118.575, 121.825, 6887.837,       ,       ,      ,    1.2,       ,  -12.7,      0,  NONE,   NONE,      ,      ,   0.0, 3DDiff, 1852,      ,     12,  19.5,     19
2025-11-25, 22:15:24,  +00:00,   800€,   41.0631371,  -73.7086029,   394.1, 30.11,   402.1,   9.8,   0.00,   0.00,   -0.00,  -0.45,   0.70,  -0.01,  -0.00,  27.5, 282.5,  28.2,  28.3, 205.34, 201.07,   777.37,   761.57,    23.17,   99.42,   69.43,  449.50,    0.26,    0.54,    22.95,  111.70,     66.34,  440.00,    0.27,    0.54,   297.1,   0,  GPS,  163.0, 109.70, 109.70, 118.575, 121.825, 6887.837,       ,       ,      ,    1.2,       ,  -12.7,      0,  NONE,   NONE,      ,      ,   0.0, 3DDiff, 1852,      ,     12,  19.0,     19
2025-11-25, 22:15:25,  +00:00,   800€,   41.0631371,  -73.7086029,   394.1, 30.11,   402.2,   9.8,   0.00,   0.00,   -0.00,  -0.45,   0.71,  -0.01,   0.00,  27.5, 282.5,  28.3,  28.3, 205.34, 201.07,   777.37,   761.57,    23.17,   99.51,   69.34,  449.50,    0.26,    0.54,    22.94,  111.74,     66.30,  440.50,    0.27,    0.54,   297.2,   0,  GPS,  163.0, 109.70, 109.70, 118.575, 121.825, 6887.837,       ,       ,      ,    1.2,       ,  -12.7,      0,  NONE,   NONE,      ,      ,   0.0, 3DDiff, 1852,      ,     12,  19.0,     19
2025-11-25, 22:15:26,  +00:00,   800€,   41.0631371,  -73.7086029,   394.1, 30.11,   402.1,   9.8,   0.00,   0.00,   -0.00,  -0.46,   0.71,  -0.01,   0.00,  27.5, 282.5,  28.3,  28.3, 205.34, 201.07,   777.37,   761.57,    23.19,   99.59,   69.24,  449.50,    0.26,    0.54,    22.95,  111.78,     66.29,  440.50,    0.27,    0.54,   297.1,   0,  GPS,  163.0, 109.70, 109.70, 118.575, 121.825, 6887.837,       ,       ,      ,    1.2,       ,  -12.7,      0,  NONE,   NONE,      ,      ,   0.0, 3DDiff, 1852,      ,     13,  19.0,     19
2025-11-25, 22:15:27,  +00:00,   800€,   41.0631371,  -73.7086029,   393.1, 30.11,   402.2,   9.5,   0.00,   0.00,   -0.00,  -0.46,   0.71,  -0.01,  -0.00,  27.5, 282.5,  28.3,  28.3, 205.34, 201.07,   777.37,   761.57,    23.18,   99.68,   69.19,  449.50,    0.26,    0.54,    22.98,  111.81,     66.28,  440.50,    0.27,    0.54,   297.2,   0,  GPS,  163.0, 109.70, 109.70, 118.575, 121.825, 6887.837,       ,       ,      ,    1.2,       ,  -12.7,      0,  NONE,   NONE,      ,      ,   0.0, 3DDiff, 1852,      ,     13,  19.5,     20
2025-11-25, 22:15:28,  +00:00,   800€,   41.0631371,  -73.7086029,   393.1, 30.11,   402.7,   9.5,   0.00,   0.00,   -0.00,  -0.46,   0.71,  -0.01,   0.00,  27.5, 282.5,  28.2,  28.3, 205.34, 201.07,   777.37,   761.57,    23.18,   99.77,   69.17,  449.00,    0.26,    0.54,    22.95,  111.86,     66.26,  439.50,    0.27,    0.54,   297.7,   0,  GPS,  163.0, 109.70, 109.70, 118.575, 121.825, 6887.837,       ,       ,      ,    1.2,       ,  -12.7,      0,  NONE,   NONE,      ,      ,   0.0, 3DDiff, 1852,      ,     12,  19.5,     19
2025-11-25, 22:15:29,  +00:00,   800€,   41.0631371,  -73.7086029,   394.1, 30.11,   403.6,   9.5,   0.00,   0.00,   -0.00,  -0.46,   0.73,  -0.01,   0.00,  27.5, 282.5,  28.3,  28.3, 205.34, 201.07,   777.37,   761.57,    23.18,   99.85,   69.11,  449.00,    0.26,    0.54,    22.97,  111.89,     66.23,  439.50,    0.27,    0.54,   298.6,   0,  GPS,  163.0, 109.70, 109.70, 118.575, 121.825, 6887.837,       ,       ,      ,    1.2,       ,  -12.7,      0,  NONE,   NONE,      ,      ,   0.0, 3DDiff, 1852,      ,     12,  19.5,     19
2025-11-25, 22:15:30,  +00:00,   800€,   41.0631371,  -73.7086029,   393.1, 30.11,   403.4,   9.5,   0.00,   0.00,   -0.00,  -0.46,   0.73,  -0.01,   0.00,  27.5, 282.5,  28.3,  28.3, 205.34, 201.07,   777.37,   761.57,    23.18,   99.92,   69.05,  448.50,    0.26,    0.54,    22.98,  111.93,     66.18,  440.50,    0.27,    0.54,   298.4,   0,  GPS,  163.0, 109.70, 109.70, 118.575, 121.825, 6887.837,       ,       ,      ,    1.2,       ,  -12.7,      0,  NONE,   NONE,      ,      ,   0.0, 3DDiff, 1852,      ,     12,  19.0,     19
2025-11-25, 22:15:31,  +00:00,   800€,   41.0631371,  -73.7086029,   394.1, 30.11,   403.4,   9.5,   0.00,   0.00,   -0.00,  -0.46,   0.73,  -0.01,   0.00,  27.5, 282.5,  28.3,  28.3, 205.34, 201.07,   777.37,   761.57,    23.15,   99.99,   68.98,  448.50,    0.26,    0.54,    22.99,  111.96,     66.16,  440.50,    0.27,    0.54,   298.4,   0,  GPS,  163.0, 109.70, 109.70, 118.575, 121.825, 6887.837,       ,       ,      ,    1.2,       ,  -12.7,      0,  NONE,   NONE,      ,      ,   0.0, 3DDiff, 1852,      ,     12,  19.0,     19
2025-11-25, 22:15:32,  +00:00,   800€,   41.0631371,  -73.7086029,   394.1, 30.11,   403.3,   9.5,   0.00,   0.00,   -0.00,  -0.45,   0.73,  -0.01,  -0.00,  27.5, 282.5,  28.3,  28.3, 205.34, 201.07,   777.37,   761.57,    23.17,  100.06,   68.92,  447.50,    0.26,    0.54,    22.98,  112.00,     66.16,  440.00,    0.27,    0.54,   298.3,   0,  GPS,  163.0, 109.70, 109.70, 118.575, 121.825, 6887.837,       ,       ,      ,    1.2,       ,  -12.7,      0,  NONE,   NONE,      ,      ,   0.0, 3DDiff, 1852,      ,     13,  19.5,     19
2025-11-25, 22:15:33,  +00:00,   800€,   41.0631294,  -73.7086029,   394.1, 30.11,   403.3,   9.5,   0.00,   0.00,   -0.00,  -0.45,   0.71,  -0.01,   0.00,  27.5, 282.5,  28.3,  28.3, 205.34, 201.07,   777.37,   761.57,    23.14,  100.15,   68.85,  446.50,    0.26,    0.54,    22.97,  112.04,     66.14,  440.50,    0.27,    0.54,   298.3,   0,  GPS,  163.0, 109.70, 109.70, 118.575, 121.825, 6887.837,       ,       ,      ,    1.2,       ,  -12.7,      0,  NONE,   NONE,      ,      ,   3.9, 3DDiff, 1852,      ,     13,  19.5,     20
2025-11-25, 22:15:34,  +00:00,   800€,   41.0631371,  -73.7086029,   394.1, 30.11,   402.7,   9.5,   0.00,   0.00,   -0.00,  -0.45,   0.71,  -0.01,   0.00,  27.5, 282.5,  28.3,  28.3, 205.34, 201.07,   777.37,   761.57,    23.18,  100.25,   68.75,  447.50,    0.26,    0.54,    22.97,  112.08,     66.14,  440.50,    0.27,    0.54,   297.7,   0,  GPS,  163.0, 109.70, 109.70, 118.575, 121.825, 6887.837,       ,       ,      ,    1.2,       ,  -12.7,      0,  NONE,   NONE,      ,      ,   0.0, 3DDiff, 1852,      ,     12,  19.5,     19
2025-11-25, 22:15:35,  +00:00,   800€,   41.0631371,  -73.7086029,   394.1, 30.11,   402.2,   9.5,   0.00,   0.00,   -0.00,  -0.45,   0.70,  -0.01,   0.00,  27.5, 282.5,  28.2,  28.3, 205.34, 201.07,   777.37,   761.57,    23.20,  100.35,   68.69,  448.00,    0.26,    0.54,    22.96,  112.12,     66.11,  440.50,    0.27,    0.54,   297.2,   0,  GPS,  163.0, 109.70, 109.70, 118.575, 121.825, 6887.837,       ,       ,      ,    1.2,       ,  -12.7,      0,  NONE,   NONE,      ,      ,   0.0, 3DDiff, 1852,      ,     12,  19.5,     19
2025-11-25, 22:15:36,  +00:00,   800€,   41.0631371,  -73.7086029,   394.1, 30.11,   402.5,   9.5,   0.00,   0.00,   -0.00,  -0.44,   0.70,  -0.01,   0.00,  27.5, 282.5,  28.3,  28.3, 205.34, 201.07,   777.37,   761.57,    23.19,  100.43,   68.62,  448.50,    0.26,    0.54,    22.97,  112.16,     66.10,  440.50,    0.27,    0.54,   297.5,   0,  GPS,  163.0, 109.70, 109.70, 118.575, 121.825, 6887.837,       ,       ,      ,    1.2,       ,  -12.7,      0,  NONE,   NONE,      ,      ,   0.0, 3DDiff, 1852,      ,     12,  19.0,     19
2025-11-25, 22:15:37,  +00:00,   800€,   41.0631371,  -73.7086029,   394.1, 30.11,   402.5,   9.5,   0.00,   0.00,   -0.00,  -0.44,   0.70,  -0.01,   0.00,  27.5, 282.5,  28.3,  28.3, 205.34, 201.07,   777.37,   761.57,    23.18,  100.50,   68.55,  448.50,    0.26,    0.54,    22.96,  112.20,     66.08,  440.50,    0.27,    0.54,   297.5,   0,  GPS,  163.0, 109.70, 109.70, 118.575, 121.825, 6887.837,       ,       ,      ,    1.2,       ,  -12.7,      0,  NONE,   NONE,      ,      ,   0.0, 3DDiff, 1852,      ,     12,  19.0,     19
2025-11-25, 22:15:38,  +00:00,   800€,   41.0631371,  -73.7086029,   394.1, 30.11,   402.5,   9.5,   0.00,   0.00,   -0.00,  -0.44,   0.69,  -0.01,  -0.00,  27.5, 282.5,  28.3,  28.3, 205.34, 201.07,   777.37,   761.57,    23.18,  100.57,   68.49,  449.00,    0.26,    0.54,    22.95,  112.25,     66.06,  440.00,    0.27,    0.54,   297.5,   0,  GPS,  163.0, 109.70, 109.70, 118.575, 121.825, 6887.837,       ,       ,      ,    1.2,       ,  -12.7,      0,  NONE,   NONE,      ,      ,   0.0, 3DDiff, 1852,      ,     12,  19.5,     19
2025-11-25, 22:15:39,  +00:00,   800€,   41.0631371,  -73.7086029,   394.1, 30.11,   402.4,   9.5,   0.00,   0.00,   -0.00,  -0.45,   0.68,  -0.01,   0.00,  27.5, 282.5,  28.3,  28.3, 205.34, 201.07,   777.37,   761.01,    23.17,  100.66,   68.42,  449.00,    0.26,    0.54,    22.93,  112.29,     66.02,  440.00,    0.27,    0.54,   297.4,   0,  GPS,  163.0, 109.70, 109.70, 118.575, 121.825, 6887.837,       ,       ,      ,    1.2,       ,  -12.7,      0,  NONE,   NONE,      ,      ,   0.0, 3DDiff, 1852,      ,     13,  19.5,     20
2025-11-25, 22:15:40,  +00:00,   800€,   41.0631371,  -73.7086029,   394.1, 30.11,   402.6,   9.5,   0.00,   0.00,   -0.00,  -0.46,   0.68,  -0.01,   0.00,  27.5, 282.5,  28.3,  28.3, 205.34, 201.07,   777.37,   761.01,    23.18,  100.74,   68.36,  448.50,    0.26,    0.54,    22.93,  112.34,     65.99,  440.50,    0.27,    0.54,   297.6,   0,  GPS,  163.0, 109.70, 109.70, 118.575, 121.825, 6887.837,       ,       ,      ,    1.2,       ,  -12.7,      0,  NONE,   NONE,      ,      ,   0.0, 3DDiff, 1852,      ,     12,  19.5,     19
2025-11-25, 22:15:41,  +00:00,   800€,   41.0631294,  -73.7086029,   394.1, 30.11,   403.3,   9.8,   0.00,   0.00,   -0.00,  -0.46,   0.68,  -0.01,   0.00,  27.5, 282.5,  28.3,  28.3, 205.34, 201.07,   777.37,   761.01,    23.16,  100.83,   68.29,  448.50,    0.26,    0.54,    22.95,  112.39,     65.97,  441.50,    0.27,    0.54,   298.3,   0,  GPS,  163.0, 109.70, 109.70, 118.575, 121.825, 6887.837,       ,       ,      ,    1.2,       ,  -12.7,      0,  NONE,   NONE,      ,      ,   0.0, 3DDiff, 1852,      ,     12,  19.5,     19
2025-11-25, 22:15:42,  +00:00,   800€,   41.0631294,  -73.7086029,   394.1, 30.11,   403.0,   9.5,   0.00,   0.00,   -0.00,  -0.46,   0.67,  -0.01,  -0.00,  27.5, 282.5,  28.3,  28.3, 205.34, 201.07,   777.37,   761.01,    23.17,  100.93,   68.22,  448.50,    0.26,    0.54,    22.95,  112.43,     65.94,  441.00,    0.27,    0.54,   298.0,   0,  GPS,  163.0, 109.70, 109.70, 118.575, 121.825, 6887.837,       ,       ,      ,    1.2,       ,  -12.7,      0,  NONE,   NONE,      ,      ,   0.0, 3DDiff, 1852,      ,     12,  19.0,     19
2025-11-25, 22:15:43,  +00:00,   800€,   41.0631294,  -73.7086029,   394.1, 30.11,   403.0,   9.5,   0.00,   0.00,   -0.00,  -0.47,   0.67,  -0.01,  -0.00,  27.5, 282.5,  28.3,  28.3, 205.34, 201.07,   777.37,   761.01,    23.17,  101.03,   68.19,  447.50,    0.26,    0.54,    22.94,  112.46,     65.93,  440.50,    0.27,    0.54,   298.0,   0,  GPS,  163.0, 109.70, 109.70, 118.575, 121.825, 6887.837,       ,       ,      ,    1.2,       ,  -12.7,      0,  NONE,   NONE,      ,      ,   0.0, 3DDiff, 1852,      ,     12,  19.0,     19
2025-11-25, 22:15:44,  +00:00,   800€,   41.0631294,  -73.7086029,   394.1, 30.11,   402.9,   9.5,   0.00,   0.00,   -0.00,  -0.47,   0.67,  -0.01,  -0.00,  27.5, 282.5,  28.3,  28.3, 205.34, 201.07,   777.37,   761.01,    23.15,  101.13,   68.11,  448.00,    0.26,    0.54,    22.95,  112.49,     65.91,  440.50,    0.27,    0.54,   297.9,   0,  GPS,  163.0, 109.70, 109.70, 118.575, 121.825, 6887.837,       ,       ,      ,    1.2,       ,  -12.7,      0,  NONE,   NONE,      ,      ,   0.0, 3DDiff, 1852,      ,     12,  19.5,     19
2025-11-25, 22:15:45,  +00:00,   800€,   41.0631294,  -73.7086029,   394.1, 30.11,   402.9,   9.5,   0.00,   0.00,   -0.00,  -0.47,   0.67,  -0.01,   0.00,  27.5, 282.5,  28.3,  28.3, 205.34, 201.07,   777.37,   761.01,    23.18,  101.22,   68.06,  448.50,    0.26,    0.54,    22.94,  112.52,     65.90,  439.50,    0.27,    0.54,   297.9,   0,  GPS,  163.0, 109.70, 109.70, 118.575, 121.825, 6887.837,       ,       ,      ,    1.2,       ,  -12.7,      0,  NONE,   NONE,      ,      ,   0.0, 3DDiff, 1852,      ,     13,  19.5,     20
2025-11-25, 22:15:46,  +00:00,   800€,   41.0631294,  -73.7086029,   394.1, 30.11,   403.6,   9.8,   0.00,   0.00,   -0.00,  -0.47,   0.67,  -0.01,   0.00,  27.5, 282.5,  28.3,  28.3, 205.34, 201.07,   777.37,   761.01,    23.19,  101.30,   68.00,  449.00,    0.26,    0.54,    22.93,  112.55,     65.90,  439.00,    0.27,    0.54,   298.6,   0,  GPS,  163.0, 109.70, 109.70, 118.575, 121.825, 6887.837,       ,       ,      ,    1.2,       ,  -12.7,      0,  NONE,   NONE,      ,      ,   0.0, 3DDiff, 1852,      ,     12,  19.5,     19
2025-11-25, 22:15:47,  +00:00,   800€,   41.0631371,  -73.7086029,   394.1, 30.11,   403.0,   9.8,   0.00,   0.00,   -0.00,  -0.47,   0.67,  -0.01,   0.00,  27.5, 282.5,  28.3,  28.3, 205.34, 201.07,   777.37,   761.01,    23.17,  101.37,   67.92,  449.00,    0.26,    0.54,    22.93,  112.58,     65.88,  439.50,    0.27,    0.54,   298.0,   0,  GPS,  163.0, 109.70, 109.70, 118.575, 121.825, 6887.837,       ,       ,      ,    1.2,       ,  -12.7,      0,  NONE,   NONE,      ,      ,   0.0, 3DDiff, 1852,      ,     12,  19.5,     19
2025-11-25, 22:15:48,  +00:00,   800€,   41.0631371,  -73.7086029,   394.1, 30.11,   403.2,  10.0,   0.00,   0.00,   -0.00,  -0.48,   0.67,  -0.01,  -0.00,  27.5, 282.5,  28.3,  28.3, 205.34, 201.07,   777.37,   761.01,    23.18,  101.46,   67.85,  449.00,    0.26,    0.54,    22.93,  112.62,     65.87,  439.00,    0.27,    0.54,   298.2,   0,  GPS,  163.0, 109.70, 109.70, 118.575, 121.825, 6887.837,       ,       ,      ,    1.2,       ,  -12.7,      0,  NONE,   NONE,      ,      ,   0.0, 3DDiff, 1852,      ,     12,  19.0,     19
2025-11-25, 22:15:49,  +00:00,   800€,   41.0631371,  -73.7086029,   394.1, 30.11,   403.2,  10.0,   0.00,   0.00,   -0.00,  -0.48,   0.67,  -0.01,   0.00,  27.5, 282.5,  28.3,  28.3, 205.34, 201.07,   777.37,   761.01,    23.16,  101.55,   67.78,  448.50,    0.26,    0.54,    22.91,  112.65,     65.83,  439.50,    0.27,    0.54,   298.2,   0,  GPS,  163.0, 109.70, 109.70, 118.575, 121.825, 6887.837,       ,       ,      ,    1.2,       ,  -12.7,      0,  NONE,   NONE,      ,      ,   0.0, 3DDiff, 1852,      ,     12,  19.0,     19
2025-11-25, 22:15:50,  +00:00,   800€,   41.0631371,  -73.7086029,   394.1, 30.11,   403.2,  10.0,   0.00,   0.00,   -0.00,  -0.48,   0.67,  -0.01,   0.00,  27.5, 282.5,  28.3,  28.3, 205.34, 201.07,   777.37,   761.01,    23.17,  101.64,   67.73,  449.00,    0.26,    0.54,    22.96,  112.69,     65.82,  439.50,    0.27,    0.54,   298.2,   0,  GPS,  163.0, 109.70, 109.70, 118.575, 121.825, 6887.837,       ,       ,      ,    1.2,       ,  -12.7,      0,  NONE,   NONE,      ,      ,   0.0, 3DDiff, 1852,      ,     13,  19.5,     20
2025-11-25, 22:15:51,  +00:00,   800€,   41.0631371,  -73.7086029,   394.1, 30.11,   403.2,   9.8,   0.00,   0.00,   -0.00,  -0.48,   0.67,  -0.01,   0.00,  27.5, 282.5,  28.3,  28.3, 205.34, 201.07,   777.37,   761.01,    23.14,  101.74,   67.70,  448.50,    0.26,    0.54,    22.94,  112.74,     65.80,  439.00,    0.27,    0.54,   298.2,   0,  GPS,  163.0, 109.70, 109.70, 118.575, 121.825, 6887.837,       ,       ,      ,    1.2,       ,  -12.7,      0,  NONE,   NONE,      ,      ,   0.0, 3DDiff, 1852,      ,     13,  20.0,     20
2025-11-25, 22:15:52,  +00:00,   800€,   41.0631294,  -73.7086029,   394.1, 30.11,   402.2,   9.8,   0.00,   0.00,   -0.00,  -0.49,   0.67,  -0.01,   0.00,  27.5, 282.5,  28.3,  28.3, 205.34, 201.07,   777.37,   761.01,    23.16,  101.82,   67.66,  448.50,    0.26,    0.54,    22.92,  112.78,     65.76,  439.00,    0.27,    0.54,   297.2,   0,  GPS,  163.0, 109.70, 109.70, 118.575, 121.825, 6887.837,       ,       ,      ,    1.2,       ,  -12.7,      0,  NONE,   NONE,      ,      ,   0.0, 3DDiff, 1852,      ,     12,  19.5,     19
2025-11-25, 22:15:53,  +00:00,   800€,   41.0631218,  -73.7085953,   394.1, 30.11,   408.9,   9.8,   0.00,   0.00,   -0.00,  -0.51,   0.67,  -0.01,   0.00,  27.5, 282.5,  28.3,  28.3, 205.34, 201.07,   777.37,   761.01,    23.15,  101.91,   67.58,  449.00,    0.26,    0.54,    22.93,  112.81,     65.76,  439.00,    0.27,    0.54,   303.9,   0,  GPS,  163.0, 109.70, 109.70, 118.575, 121.825, 6887.837,       ,       ,      ,    1.2,       ,  -12.7,      0,  NONE,   NONE,      ,      ,  -3.9, 3DDiff, 1852,      ,     12,  19.5,     18
2025-11-25, 22:15:54,  +00:00,   800€,   41.0631218,  -73.7085953,   394.1, 30.11,   408.0,   9.8,   0.00,   0.00,   -0.00,  -0.51,   0.67,  -0.01,   0.00,  27.5, 282.5,  28.3,  28.3, 205.34, 201.07,   777.37,   761.01,    23.17,  102.00,   67.53,  449.00,    0.26,    0.54,    22.93,  112.85,     65.74,  439.50,    0.27,    0.54,   303.0,   0,  GPS,  163.0, 109.70, 109.70, 118.575, 121.825, 6887.837,       ,       ,      ,    1.2,       ,  -12.7,      0,  NONE,   NONE,      ,      ,   0.0, 3DDiff, 1852,      ,     12,  19.0,     18
2025-11-25, 22:15:55,  +00:00,   800€,   41.0631218,  -73.7085953,   394.1, 30.11,   407.8,   9.8,   0.00,   0.00,   -0.00,  -0.49,   0.67,  -0.01,  -0.00,  27.5, 282.5,  28.3,  28.3, 205.34, 201.07,   777.37,   761.01,    23.13,  102.08,   67.46,  449.00,    0.26,    0.54,    22.94,  112.89,     65.71,  439.50,    0.27,    0.54,   302.8,   0,  GPS,  163.0, 109.70, 109.70, 118.575, 121.825, 6887.837,       ,       ,      ,    1.2,       ,  -12.7,      0,  NONE,   NONE,      ,      ,   0.0, 3DDiff, 1852,      ,     12,  19.0,     18
2025-11-25, 22:15:56,  +00:00,   800€,   41.0631218,  -73.7085953,   394.1, 30.11,   407.6,   9.8,   0.00,   0.00,   -0.00,  -0.51,   0.67,  -0.01,   0.00,  27.5, 282.5,  28.3,  28.3, 205.34, 201.07,   777.37,   761.01,    23.14,  102.16,   67.40,  449.00,    0.26,    0.54,    22.93,  112.92,     65.70,  440.00,    0.27,    0.54,   302.6,   0,  GPS,  163.0, 109.70, 109.70, 118.575, 121.825, 6887.837,       ,       ,      ,    1.2,       ,  -12.7,      0,  NONE,   NONE,      ,      ,   0.0, 3DDiff, 1852,      ,     12,  19.5,     19
2025-11-25, 22:15:57,  +00:00,   800€,   41.0631218,  -73.7085953,   394.1, 30.11,   407.4,   9.8,   0.00,   0.00,   -0.00,  -0.51,   0.67,  -0.01,   0.00,  27.5, 282.5,  28.3,  28.3, 205.34, 201.07,   777.37,   761.01,    23.14,  102.23,   67.33,  448.50,    0.26,    0.54,    22.94,  112.96,     65.68,  439.00,    0.27,    0.54,   302.4,   0,  GPS,  163.0, 109.70, 109.70, 118.575, 121.825, 6887.837,       ,       ,      ,    1.2,       ,  -12.7,      0,  NONE,   NONE,      ,      ,   0.0, 3DDiff, 1852,      ,     12,  19.5,     19
2025-11-25, 22:15:58,  +00:00,   800€,   41.0631218,  -73.7085953,   395.1, 30.11,   408.7,   9.5,   0.00,   0.00,   -0.00,  -0.51,   0.67,  -0.01,   0.00,  27.5, 282.5,  28.3,  28.3, 205.34, 201.07,   777.37,   761.01,    23.11,  102.31,   67.27,  448.00,    0.26,    0.54,    22.90,  112.99,     65.67,  439.00,    0.27,    0.54,   303.7,   0,  GPS,  163.0, 109.70, 109.70, 118.575, 121.825, 6887.837,       ,       ,      ,    1.2,       ,  -12.7,      0,  NONE,   NONE,      ,      ,   0.0, 3DDiff, 1852,      ,     12,  19.5,     19
2025-11-25, 22:15:59,  +00:00,   800€,   41.0631218,  -73.7085953,   395.1, 30.11,   408.0,   9.5,   0.00,   0.00,    1.58,  -0.51,   0.67,  -0.01,   0.00,  27.5, 282.5,  28.3,  28.3, 205.34, 201.07,   777.37,   761.01,    23.11,  102.38,   67.24,  448.50,    0.26,    0.54,    22.95,  113.02,     65.65,  439.00,    0.28,    0.54,   303.0,   0,  GPS,  163.0, 109.70, 109.70, 118.575, 121.825, 6887.837,       ,       ,      ,    1.2,       ,  -12.7,      0,  NONE,   NONE,      ,      ,   0.0, 3DDiff, 1852,      ,     12,  19.5,     19
2025-11-25, 22:16:00,  +00:00,   800€,   41.0631218,  -73.7085953,   395.1, 30.11,   408.2,   9.5,   0.00,   0.00,    5.21,  -0.49,   0.67,  -0.01,   0.00,  27.5, 282.5,  28.3,  28.3, 205.34, 201.07,   777.37,   761.01,    23.16,  102.44,   67.20,  448.50,    0.26,    0.54,    22.93,  113.06,     65.66,  438.50,    0.28,    0.54,   303.2,   0,  GPS,  163.0, 109.70, 109.70, 118.575, 121.825, 6887.837,       ,       ,      ,    1.2,       ,  -12.7,      0,  NONE,   NONE,      ,      ,   0.0, 3DDiff, 1852,      ,     12,  19.0,     18
2025-11-25, 22:16:01,  +00:00,   800€,   41.0631218,  -73.7085953,   395.1, 30.11,   408.1,   9.5,   0.00,   0.00,    8.14,  -0.51,   0.67,  -0.01,  -0.00,  27.5, 282.5,  28.3,  28.3, 205.34, 201.07,   777.37,   761.01,    23.12,  102.50,   67.15,  448.00,    0.26,    0.54,    22.92,  113.09,     65.67,  438.00,    0.27,    0.54,   303.1,   0,  GPS,  163.0, 109.70, 109.70, 118.575, 121.825, 6887.837,       ,       ,      ,    1.2,       ,  -12.7,      0,  NONE,   NONE,      ,      ,   0.0, 3DDiff, 1852,      ,     12,  19.0,     18
2025-11-25, 22:16:02,  +00:00,   800€,   41.0631256,  -73.7085953,   395.1, 30.11,   408.0,   9.5,   0.00,   0.00,    7.52,  -0.51,   0.66,  -0.01,   0.00,  27.5, 282.5,  28.3,  28.3, 205.34, 201.07,   777.37,   761.01,    23.09,  102.57,   67.08,  448.00,    0.26,    0.54,    22.94,  113.12,     65.64,  438.00,    0.27,    0.54,   303.0,   0,  GPS,  163.0, 109.70, 109.70, 118.575, 121.825, 6887.837,       ,       ,      ,    1.2,       ,  -12.7,      0,  NONE,   NONE,      ,      ,   0.0, 3DDiff, 1852,      ,     12,  19.5,     19
2025-11-25, 22:16:03,  +00:00,   800€,   41.0631256,  -73.7085953,   395.1, 30.11,   407.9,   9.5,   0.00,   0.00,    5.67,  -0.52,   0.66,  -0.01,  -0.00,  27.5, 282.5,  28.3,  28.3, 205.34, 201.07,   777.37,   760.44,    23.12,  102.64,   67.02,  448.00,    0.26,    0.54,    22.93,  113.15,     65.61,  438.50,    0.27,    0.54,   302.9,   0,  GPS,  163.0, 109.70, 109.70, 118.575, 121.825, 6887.837,       ,       ,      ,    1.2,       ,  -12.7,      0,  NONE,   NONE,      ,      ,   0.0, 3DDiff, 1852,      ,     12,  19.5,     19
2025-11-25, 22:16:04,  +00:00,   800€,   41.0631218,  -73.7085953,   395.1, 30.11,   405.8,   9.5,   0.00,   0.00,    3.89,  -0.51,   0.66,  -0.01,   0.00,  27.5, 282.5,  28.3,  28.3, 205.34, 201.07,   777.37,   760.44,    23.12,  102.73,   66.95,  448.00,    0.26,    0.54,    22.93,  113.18,     65.58,  439.00,    0.27,    0.54,   300.8,   0,  GPS,  163.0, 109.70, 109.70, 118.575, 121.825, 6887.837,       ,       ,      ,    1.2,       ,  -12.7,      0,  NONE,   NONE,      ,      ,   0.0, 3DDiff, 1852,      ,     12,  19.5,     19
2025-11-25, 22:16:05,  +00:00,   800€,   41.0631218,  -73.7085953,   395.1, 30.11,   405.7,   9.5,   0.00,   0.00,    2.52,  -0.53,   0.66,  -0.01,   0.00,  27.5, 282.5,  28.3,  28.3, 205.34, 201.07,   777.37,   760.44,    23.11,  102.81,   66.92,  448.00,    0.26,    0.54,    22.94,  113.21,     65.56,  439.00,    0.27,    0.54,   300.7,   0,  GPS,  163.0, 109.70, 109.70, 118.575, 121.825, 6887.837,       ,       ,      ,    1.2,       ,  -12.7,      0,  NONE,   NONE,      ,      ,   0.0, 3DDiff, 1852,      ,     12,  19.5,     19
2025-11-25, 22:16:06,  +00:00,   800€,   41.0631218,  -73.7085953,   395.1, 30.11,   405.2,   9.2,   0.00,   0.00,    1.58,  -0.53,   0.66,  -0.01,   0.00,  27.5, 282.5,  28.3,  28.3, 205.34, 201.07,   777.37,   760.44,    23.14,  102.90,   66.86,  448.00,    0.26,    0.54,    22.94,  113.24,     65.54,  439.50,    0.27,    0.54,   300.2,   0,  GPS,  163.0, 109.70, 109.70, 118.575, 121.825, 6887.837,       ,       ,      ,    1.2,       ,  -12.7,      0,  NONE,   NONE,      ,      ,   0.0, 3DDiff, 1852,      ,     12,  19.0,     18
2025-11-25, 22:16:07,  +00:00,   800€,   41.0631218,  -73.7085953,   395.1, 30.11,   404.8,   9.2,   0.00,   0.00,    0.96,  -0.54,   0.66,  -0.01,   0.00,  27.5, 282.5,  28.3,  28.3, 205.34, 201.07,   777.37,   760.44,    23.13,  102.99,   66.82,  448.00,    0.26,    0.54,    22.93,  113.27,     65.52,  439.00,    0.27,    0.54,   299.8,   0,  GPS,  163.0, 109.70, 109.70, 118.575, 121.825, 6887.837,       ,       ,      ,    1.2,       ,  -12.7,      0,  NONE,   NONE,      ,      ,   0.0, 3DDiff, 1852,      ,     12,  19.0,     18
2025-11-25, 22:16:08,  +00:00,   800€,   41.0631218,  -73.7085953,   394.1, 30.11,   404.4,   9.2,   0.00,   0.00,    0.58,  -0.53,   0.66,  -0.01,   0.00,  27.5, 282.5,  28.3,  28.3, 205.34, 201.07,   777.37,   760.44,    23.15,  103.07,   66.76,  448.00,    0.26,    0.54,    22.94,  113.29,     65.50,  438.50,    0.27,    0.54,   299.4,   0,  GPS,  163.0, 109.70, 109.70, 118.575, 121.825, 6887.837,       ,       ,      ,    1.2,       ,  -12.7,      0,  NONE,   NONE,      ,      ,   0.0, 3DDiff, 1852,      ,     12,  19.0,     19
2025-11-25, 22:16:09,  +00:00,   800€,   41.0631218,  -73.7085953,   395.1, 30.11,   404.0,   9.5,   0.00,   0.00,    0.34,  -0.54,   0.67,  -0.01,   0.00,  27.5, 282.5,  28.3,  28.3, 205.34, 201.07,   777.37,   760.44,    23.13,  103.14,   66.72,  448.00,    0.26,    0.54,    22.92,  113.33,     65.48,  438.50,    0.27,    0.54,   299.0,   0,  GPS,  163.0, 109.70, 109.70, 118.575, 121.825, 6887.837,       ,       ,      ,    1.2,       ,  -12.7,      0,  NONE,   NONE,      ,      ,   0.0, 3DDiff, 1852,      ,     12,  19.5,     19
2025-11-25, 22:16:10,  +00:00,   800€,   41.0631218,  -73.7085953,   395.1, 30.11,   406.0,   9.2,   0.00,   0.00,    0.20,  -0.54,   0.67,  -0.01,  -0.00,  27.5, 282.5,  28.3,  28.3, 205.34, 201.07,   777.37,   760.44,    23.09,  103.22,   66.67,  447.50,    0.26,    0.54,    22.92,  113.36,     65.48,  438.50,    0.27,    0.54,   301.0,   0,  GPS,  163.0, 109.70, 109.70, 118.575, 121.825, 6887.837,       ,       ,      ,    1.2,       ,  -12.7,      0,  NONE,   NONE,      ,      ,   0.0, 3DDiff, 1852,      ,     12,  19.0,     18
2025-11-25, 22:16:11,  +00:00,   800€,   41.0631218,  -73.7085953,   395.1, 30.11,   405.4,   9.2,   0.00,   0.00,    0.12,  -0.54,   0.66,  -0.01,   0.00,  27.5, 282.5,  28.3,  28.3, 205.34, 201.07,   777.37,   760.44,    23.04,  103.29,   66.64,  446.50,    0.26,    0.54,    22.91,  113.38,     65.46,  438.50,    0.27,    0.54,   300.4,   0,  GPS,  163.0, 109.70, 109.70, 118.575, 121.825, 6887.837,       ,       ,      ,    1.2,       ,  -12.7,      0,  NONE,   NONE,      ,      ,   0.0, 3DDiff, 1852,      ,     12,  19.5,     19
2025-11-25, 22:16:12,  +00:00,   800€,   41.0631256,  -73.7085953,   395.1, 30.11,   405.8,   9.2,   0.00,   0.00,    0.07,  -0.54,   0.67,  -0.01,  -0.00,  27.5, 282.5,  28.3,  28.3, 205.34, 200.74,   777.37,   760.44,    22.94,  103.36,   66.59,  445.50,    0.26,    0.54,    22.90,  113.41,     65.45,  438.50,    0.27,    0.54,   300.8,   0,  GPS,  163.0, 109.70, 109.70, 118.575, 121.825, 6887.837,       ,       ,      ,    1.2,       ,  -12.7,      0,  NONE,   NONE,      ,      ,   0.0, 3DDiff, 1852,      ,     12,  19.0,     18
2025-11-25, 22:16:13,  +00:00,   800€,   41.0631256,  -73.7085953,   395.1, 30.11,   405.6,   9.2,   0.00,   0.00,    0.04,  -0.54,   0.67,  -0.01,  -0.00,  27.5, 282.5,  28.3,  28.3, 205.34, 200.74,   777.37,   760.44,    22.84,  103.43,   66.53,  444.00,    0.26,    0.54,    22.95,  113.44,     65.43,  439.50,    0.27,    0.54,   300.6,   0,  GPS,  163.0, 109.70, 109.70, 118.575, 121.825, 6887.837,       ,       ,      ,    1.2,       ,  -12.7,      0,  NONE,   NONE,      ,      ,   0.0, 3DDiff, 1852,      ,     12,  19.0,     18
2025-11-25, 22:16:14,  +00:00,   800€,   41.0631256,  -73.7085953,   395.1, 30.11,   405.5,   9.2,   0.00,   0.00,    0.12,  -0.54,   0.66,  -0.01,   0.00,  27.5, 282.5,  28.3,  28.3, 205.34, 200.74,   777.37,   760.44,    22.73,  103.50,   66.48,  442.50,    0.26,    0.54,    22.91,  113.47,     65.42,  439.00,    0.27,    0.54,   300.5,   0,  GPS,  163.0, 109.70, 109.70, 118.575, 121.825, 6887.837,       ,       ,      ,    1.2,       ,  -12.7,      0,  NONE,   NONE,      ,      ,   0.0, 3DDiff, 1852,      ,     12,  19.0,     18
2025-11-25, 22:16:15,  +00:00,   800€,   41.0631256,  -73.7085953,   395.1, 30.11,   405.5,   9.2,   0.00,   0.00,    2.80,  -0.54,   0.66,  -0.01,   0.00,  27.5, 282.5,  28.3,  28.3, 205.34, 200.74,   777.37,   760.44,    22.62,  103.57,   66.42,  441.00,    0.26,    0.54,    22.90,  113.50,     65.40,  438.50,    0.27,    0.54,   300.5,   0,  GPS,  163.0, 109.70, 109.70, 118.575, 121.825, 6887.837,       ,       ,      ,    1.2,       ,  -12.7,      0,  NONE,   NONE,      ,      ,   0.0, 3DDiff, 1852,      ,     12,  19.0,     19
2025-11-25, 22:16:16,  +00:00,   800€,   41.0631256,  -73.7085953,   396.1, 30.11,   403.5,   9.2,   0.00,   0.00,    6.49,  -0.53,   0.66,  -0.01,   0.00,  27.5, 282.5,  28.3,  28.3, 205.34, 200.74,   777.37,   760.44,    22.63,  103.63,   66.38,  440.00,    0.26,    0.54,    22.93,  113.54,     65.37,  438.50,    0.27,    0.54,   298.5,   0,  GPS,  163.0, 109.70, 109.70, 118.575, 121.825, 6887.837,       ,       ,      ,    1.2,       ,  -12.7,      0,  NONE,   NONE,      ,      ,   0.0, 3DDiff, 1852,      ,     12,  19.0,     18
2025-11-25, 22:16:17,  +00:00,   800€,   41.0631256,  -73.7085953,   396.1, 30.11,   403.7,   9.5,   0.00,   0.00,    9.65,  -0.53,   0.66,  -0.01,   0.00,  27.5, 282.5,  28.3,  28.3, 205.34, 200.74,   777.37,   760.44,    22.62,  103.70,   66.32,  439.50,    0.26,    0.54,    22.91,  113.58,     65.36,  439.00,    0.27,    0.54,   298.7,   0,  GPS,  163.0, 109.70, 109.70, 118.575, 121.825, 6887.837,       ,       ,      ,    1.2,       ,  -12.7,      0,  NONE,   NONE,      ,      ,   0.0, 3DDiff, 1852,      ,     12,  19.0,     18
2025-11-25, 22:16:18,  +00:00,   800€,   41.0631294,  -73.7085953,   396.1, 30.11,   400.0,   9.5,   0.00,   0.00,   10.91,  -0.53,   0.66,  -0.01,   0.00,  27.5, 282.5,  28.3,  28.3, 205.34, 200.74,   777.37,   760.44,    22.62,  103.79,   66.27,  439.50,    0.26,    0.54,    22.90,  113.62,     65.34,  439.00,    0.27,    0.54,   295.0,   0,  GPS,  163.0, 109.70, 109.70, 118.575, 121.825, 6887.837,       ,       ,      ,    1.1,       ,  -12.7,      0,  NONE,   NONE,      ,      ,   0.0, 3DDiff, 1852,      ,     12,  19.0,     19
2025-11-25, 22:16:19,  +00:00,   800€,   41.0631256,  -73.7085953,   396.1, 30.11,   399.9,   9.5,   0.00,   0.00,   11.98,  -0.53,   0.66,  -0.01,   0.00,  27.5, 282.5,  28.3,  28.3, 205.34, 200.74,   777.37,   760.44,    22.61,  103.88,   66.20,  439.00,    0.26,    0.54,    22.90,  113.66,     65.32,  439.00,    0.27,    0.54,   294.9,   0,  GPS,  163.0, 109.70, 109.70, 118.575, 121.825, 6887.837,       ,       ,      ,    1.1,       ,  -12.7,      0,  NONE,   NONE,      ,      ,   0.0, 3DDiff, 1852,      ,     12,  19.0,     19
2025-11-25, 22:16:20,  +00:00,   800€,   41.0631256,  -73.7085953,   396.1, 30.11,   399.8,   9.5,   0.00,   0.00,   12.88,  -0.55,   0.66,  -0.01,   0.00,  27.5, 282.5,  28.3,  28.3, 205.34, 200.74,   777.37,   760.44,    22.62,  103.97,   66.17,  438.50,    0.27,    0.54,    22.91,  113.68,     65.30,  439.00,    0.27,    0.54,   294.8,   0,  GPS,  163.0, 109.70, 109.70, 118.575, 121.825, 6887.837,       ,       ,      ,    1.1,       ,  -12.7,      0,  NONE,   NONE,      ,      ,   0.0, 3DDiff, 1852,      ,     12,  19.5,     20
2025-11-25, 22:16:21,  +00:00,   800€,   41.0631256,  -73.7085953,   396.1, 30.11,   399.5,   9.5,   0.00,   0.00,   10.81,  -0.56,   0.66,  -0.01,  -0.00,  27.5, 282.5,  28.3,  28.3, 205.34, 200.74,   777.93,   760.44,    22.63,  104.05,   66.12,  438.50,    0.27,    0.54,    22.90,  113.72,     65.29,  439.00,    0.27,    0.54,   294.5,   0,  GPS,  163.0, 109.70, 109.70, 118.575, 121.825, 6887.837,       ,       ,      ,    1.1,       ,  -12.7,      0,  NONE,   NONE,      ,      ,   0.0, 3DDiff, 1852,      ,     13,  19.5,     20
2025-11-25, 22:16:22,  +00:00,   800€,   41.0631294,  -73.7085953,   396.1, 30.11,   401.4,   9.5,   0.00,   0.00,    9.51,  -0.56,   0.66,  -0.01,  -0.00,  27.5, 282.5,  28.3,  28.3, 205.34, 200.74,   777.93,   760.44,    26.37,  104.13,   67.39,  470.50,    0.28,    0.57,    26.61,  113.74,     66.54,  477.00,    0.28,    0.57,   296.4,   0,  GPS,  163.0, 109.70, 109.70, 118.575, 121.825, 6887.837,       ,       ,      ,    1.1,       ,  -12.7,      0,  NONE,   NONE,      ,      ,   0.0, 3DDiff, 1852,      ,     12,  19.5,     19
2025-11-25, 22:16:23,  +00:00,   800€,   41.0631294,  -73.7085953,   396.1, 30.11,   400.6,   9.5,   0.00,   0.00,    8.03,  -0.56,   0.66,  -0.01,  -0.00,  27.6, 282.5,  28.3,  28.3, 205.34, 200.74,   777.93,   760.44,    28.95,  104.21,   72.43,  471.50,    0.29,    0.57,    28.51,  113.76,     71.15,  474.00,    0.30,    0.57,   295.6,   0,  GPS,  163.0, 109.70, 109.70, 118.575, 121.825, 6887.837,       ,       ,      ,    1.1,       ,  -12.7,      0,  NONE,   NONE,      ,      ,   0.0, 3DDiff, 1852,      ,     12,  19.5,     19
2025-11-25, 22:16:24,  +00:00,   800€,   41.0631294,  -73.7085953,   396.1, 30.11,   400.7,   9.5,   0.00,   0.00,    5.83,  -0.55,   0.66,  -0.01,   0.00,  27.6, 282.5,  28.3,  28.3, 205.34, 200.74,   777.93,   760.44,    27.93,  104.29,   73.25,  475.50,    0.30,    0.60,    27.91,  113.80,     71.80,  482.00,    0.30,    0.59,   295.7,   0,  GPS,  163.0, 109.70, 109.70, 118.575, 121.825, 6887.837,       ,       ,      ,    1.1,       ,  -12.7,      0,  NONE,   NONE,      ,      ,   0.0, 3DDiff, 1852,      ,     12,  19.0,     19
2025-11-25, 22:16:25,  +00:00,   800€,   41.0631294,  -73.7085953,   396.1, 30.11,   400.5,   9.5,   0.00,   0.00,    3.91,  -0.55,   0.66,  -0.01,  -0.00,  27.5, 282.5,  28.3,  28.3, 205.34, 200.74,   777.93,   759.88,    35.84,  104.39,   80.00,  514.50,    0.34,    0.66,    35.78,  113.86,     78.28,  522.00,    0.35,    0.66,   295.5,   0,  GPS,  163.0, 109.70, 109.70, 118.575, 121.825, 6887.837,       ,       ,      ,    1.1,       ,  -12.7,      0,  NONE,   NONE,      ,      ,   0.0, 3DDiff, 1852,      ,     12,  19.0,     19
2025-11-25, 22:16:26,  +00:00,   800€,   41.0631256,  -73.7085953,   397.1, 30.11,   404.0,   9.5,   0.00,   0.00,    2.50,  -0.58,   0.65,  -0.01,   0.00,  27.5, 282.5,  28.3,  28.3, 205.34, 200.74,   777.93,   759.88,    47.68,  104.51,   95.30,  521.50,    0.45,    0.74,    47.43,  113.95,     92.52,  524.50,    0.45,    0.73,   299.0,   0,  GPS,  163.0, 109.70, 109.70, 118.575, 121.825, 6887.837,       ,       ,      ,    1.1,       ,  -12.7,      0,  NONE,   NONE,      ,      ,   0.0, 3DDiff, 1852,      ,     12,  19.0,     18
2025-11-25, 22:16:27,  +00:00,   800€,   41.0631294,  -73.7085953,   397.1, 30.11,   404.1,   9.5,   0.00,   0.00,    1.86,  -0.65,   0.67,  -0.00,  -0.01,  27.4, 282.5,  28.3,  28.3, 205.34, 200.74,   777.93,   759.88,    39.51,  104.64,  104.33,  453.00,    0.43,    0.69,    39.03,  114.10,     99.92,  455.00,    0.43,    0.69,   299.1,   0,  GPS,  163.0, 109.70, 109.70, 118.575, 121.825, 6887.837,       ,       ,      ,    1.1,       ,  -12.7,      0,  NONE,   NONE,      ,      ,   0.0, 3DDiff, 1852,      ,     12,  19.0,     19
2025-11-25, 22:16:28,  +00:00,   800€,   41.0631371,  -73.7085953,   397.1, 30.11,   402.1,   9.5,   0.00,   1.56,    2.37,  -0.82,   0.63,  -0.00,  -0.00,  27.8, 282.5,  28.3,  28.3, 205.34, 200.74,   777.93,   759.88,    32.58,  104.83,  100.92,  412.00,    0.40,    0.66,    32.38,  114.33,     96.65,  415.00,    0.40,    0.65,   297.1,   0,  GPS,  163.0, 109.70, 109.70, 118.575, 121.825, 6887.837,       ,       ,      ,    1.1,       ,  -12.7,      0,  NONE,   NONE,      ,      ,   0.0, 3DDiff, 1852,      ,     12,  19.0,     18
2025-11-25, 22:16:29,  +00:00,   800€,   41.0631409,  -73.7085876,   397.1, 30.11,   402.3,   9.5,   0.00,   2.18,    1.99,  -1.09,   0.63,   0.02,   0.04,  28.3,  29.9,  28.3,  28.3, 205.34, 200.74,   777.93,   759.88,    27.63,  105.06,   93.78,  388.50,    0.37,    0.62,    27.53,  114.60,     90.08,  393.00,    0.37,    0.62,   297.3,   0,  GPS,  163.0, 109.70, 109.70, 118.575, 121.825, 6887.837,       ,       ,      ,    1.1,       ,  -12.7,      0,  NONE,   NONE,      ,      ,   0.0, 3DDiff, 1852,      ,     12,  19.0,     18
2025-11-25, 22:16:30,  +00:00,   800€,   41.0631523,  -73.7085800,   397.1, 30.11,   402.1,   9.5,   0.00,   2.04,    1.44,  -1.35,   0.96,  -0.08,  -0.02,  28.4,  30.8,  28.3,  28.3, 205.34, 200.74,   777.93,   759.88,    23.88,  105.33,   85.96,  375.00,    0.33,    0.59,    23.97,  114.89,     82.83,  381.00,    0.34,    0.59,   297.1,   0,  GPS,  163.0, 109.70, 109.70, 118.575, 121.825, 6887.837,       ,       ,      ,    1.1,       ,  -12.7,      0,  NONE,   NONE,      ,      ,   0.0, 3DDiff, 1852,      ,     12,  18.5,     18
2025-11-25, 22:16:31,  +00:00,   800€,   41.0631638,  -73.7085800,   397.1, 30.11,   402.0,   9.5,   0.00,   2.29,    0.96,  -1.51,   0.66,  -0.05,  -0.03,  28.5,  29.2,  28.3,  28.3, 205.34, 200.74,   777.93,   759.88,    21.14,  105.61,   78.42,  367.50,    0.31,    0.56,    21.31,  115.16,     75.87,  374.50,    0.31,    0.56,   297.0,   0,  GPS,  163.0, 109.70, 109.70, 118.575, 121.825, 6887.837,       ,       ,      ,    1.1,       ,  -12.7,      0,  NONE,   NONE,      ,      ,  -3.9, 3DDiff, 1852,      ,     12,  19.0,     18
2025-11-25, 22:16:32,  +00:00,   800€,   41.0631714,  -73.7085724,   397.1, 30.11,   401.8,   9.5,   0.00,   1.92,    0.67,  -1.58,   0.49,  -0.02,  -0.02,  27.2,  28.0,  28.2,  28.3, 205.34, 200.74,   777.93,   759.88,    19.01,  105.88,   71.43,  363.50,    0.28,    0.53,    19.11,  115.38,     69.42,  374.50,    0.28,    0.53,   296.8,   0,  GPS,  163.0, 109.70, 109.70, 118.575, 121.825, 6887.837,       ,       ,      ,    1.1,       ,  -12.7,      0,  NONE,   NONE,      ,      ,  -3.9, 3DDiff, 1852,      ,     12,  19.0,     18
2025-11-25, 22:16:33,  +00:00,   800€,   41.0631714,  -73.7085724,   397.1, 30.11,   401.7,   9.2,   0.00,   1.13,    2.99,  -1.48,   0.67,  -0.01,   0.02,  24.9,  28.0,  28.2,  28.2, 205.34, 200.74,   777.93,   759.88,    21.06,  106.12,   66.93,  390.00,    0.27,    0.54,    22.32,  115.53,     66.11,  410.00,    0.28,    0.54,   296.7,   0,  GPS,  163.0, 109.70, 109.70, 118.575, 121.825, 6887.837,       ,       ,      ,    1.1,       ,  -12.7,      0,  NONE,   NONE,      ,      ,   0.0, 3DDiff, 1852,      ,     12,  19.0,     19
2025-11-25, 22:16:34,  +00:00,   800€,   41.0631828,  -73.7085724,   397.1, 30.11,   404.2,   9.2,   0.00,   0.97,    6.24,  -1.47,   0.66,  -0.02,  -0.00,  22.3,  28.0,  28.2,  28.2, 205.34, 200.74,   777.93,   759.88,    21.92,  106.32,   65.64,  406.50,    0.26,    0.54,    27.52,  115.59,     67.07,  470.00,    0.29,    0.58,   299.2,   0,  GPS,  163.0, 109.70, 109.70, 118.575, 121.825, 6887.837,       ,       ,      ,    1.1,       ,  -12.7,      0,  NONE,   NONE,      ,      ,  19.7, 3DDiff, 1852,      ,     12,  19.0,     18
2025-11-25, 22:16:35,  +00:00,   800€,   41.0631866,  -73.7085724,   397.1, 30.11,   403.9,   9.2,   0.00,   1.07,    6.31,  -1.29,   0.80,  -0.11,  -0.05,  19.1,  28.0,  28.3,  28.3, 205.34, 200.74,   777.37,   759.88,    22.18,  106.46,   65.20,  417.00,    0.26,    0.54,    33.93,  115.58,     73.87,  518.50,    0.32,    0.63,   298.9,   0,  GPS,  163.0, 109.70, 109.70, 118.575, 121.825, 6887.837,       ,       ,      ,    1.1,       ,  -12.7,      0,  NONE,   NONE,      ,      ,   7.9, 3DDiff, 1852,      ,     12,  19.0,     18
2025-11-25, 22:16:36,  +00:00,   800€,   41.0631981,  -73.7085724,   397.1, 30.11,   404.4,   9.2,   0.00,   1.28,    4.92,  -1.26,   0.85,  -0.01,   0.02,  14.9,  28.0,  28.3,  28.3, 205.34, 200.74,   777.37,   759.88,    22.25,  106.55,   64.99,  423.00,    0.26,    0.54,    44.14,  115.53,     86.81,  538.00,    0.42,    0.72,   299.4,   0,  GPS,  163.0, 109.70, 109.70, 118.575, 121.825, 6887.837,       ,       ,      ,    1.1,       ,  -12.7,      0,  NONE,   NONE,      ,      ,   3.9, 3DDiff, 1852,      ,     12,  18.5,     18
2025-11-25, 22:16:37,  +00:00,   800€,   41.0632019,  -73.7085800,   397.1, 30.11,   404.4,   9.5,   0.00,   1.36,    3.43,  -1.01,   1.00,  -0.02,  -0.01,   9.2,  28.0,  28.3,  28.3, 205.34, 200.74,   777.37,   759.32,    22.25,  106.59,   64.88,  427.50,    0.26,    0.54,    40.15,  115.50,     97.68,  471.00,    0.44,    0.69,   299.4,   0,  GPS,  163.0, 109.70, 109.70, 118.575, 121.825, 6887.837,       ,       ,      ,    1.1,       ,  -12.7,      0,  NONE,   NONE,      ,      ,   0.0, 3DDiff, 1852,      ,     12,  19.0,     18
2025-11-25, 22:16:38,  +00:00,   800€,   41.0632095,  -73.7085800,   397.1, 30.11,   404.7,   9.5,   0.00,   1.61,    2.25,  -0.77,   1.20,  -0.06,  -0.00,   1.9,  28.0,  28.3,  28.3, 205.34, 200.41,   777.37,   759.32,    22.27,  106.61,   64.81,  430.50,    0.26,    0.54,    32.77,  115.52,     95.92,  425.00,    0.40,    0.66,   299.7,   0,  GPS,  163.0, 109.70, 109.70, 118.575, 121.825, 6887.837,       ,       ,      ,    1.1,       ,  -12.7,      0,  NONE,   NONE,      ,      ,   3.9, 3DDiff, 1852,      ,     12,  19.0,     18
2025-11-25, 22:16:39,  +00:00,   800€,   41.0632172,  -73.7085876,   397.1, 30.11,   405.0,   9.5,   0.00,   1.92,    1.40,  -0.57,   1.25,  -0.03,  -0.01, 353.8,  28.0,  28.3,  28.2, 205.34, 200.41,   777.93,   759.32,    22.28,  106.59,   64.73,  432.00,    0.26,    0.54,    27.87,  115.62,     89.86,  401.50,    0.37,    0.62,   300.0,   0,  GPS,  163.0, 109.70, 109.70, 118.575, 121.825, 6887.837,       ,       ,      ,    1.2,       ,  -12.7,      0,  NONE,   NONE,      ,      ,   7.9, 3DDiff, 1852,      ,     12,  19.0,     19
2025-11-25, 22:16:40,  +00:00,   800€,   41.0632248,  -73.7085953,   397.1, 30.11,   403.4,   9.5,   0.00,   2.16,   -0.83,  -0.46,   1.12,  -0.02,  -0.00, 344.4, 335.8,  28.3,  28.2, 205.34, 200.41,   777.93,   759.32,    22.37,  106.58,   64.63,  434.50,    0.26,    0.54,    24.35,  115.76,     82.74,  388.00,    0.34,    0.59,   298.4,   0,  GPS,  163.0, 109.70, 109.70, 118.575, 121.825, 6887.837,       ,       ,      ,    1.2,       ,  -12.7,      0,  NONE,   NONE,      ,      ,  23.6, 3DDiff, 1852,      ,     12,  19.0,     18
2025-11-25, 22:16:41,  +00:00,   800€,   41.0632324,  -73.7086029,   396.1, 30.11,   403.7,   9.5,   0.00,   2.24,   -1.52,  -0.35,   0.96,  -0.03,  -0.02, 336.3, 330.8,  28.3,  28.3, 205.34, 200.41,   777.37,   759.32,    22.55,  106.55,   64.59,  437.00,    0.26,    0.54,    21.46,  115.90,     75.83,  379.00,    0.31,    0.56,   298.7,   0,  GPS,  163.0, 109.70, 109.70, 118.575, 121.825, 6887.837,       ,       ,      ,    1.2,       ,  -12.7,      0,  NONE,   NONE,      ,      ,   3.9, 3DDiff, 1852,      ,     12,  19.0,     18
2025-11-25, 22:16:42,  +00:00,   800€,   41.0632362,  -73.7086182,   396.1, 30.11,   403.3,   9.5,   0.00,   2.22,   -1.37,  -0.37,   0.80,  -0.01,   0.01, 328.8, 322.9,  28.3,  28.3, 205.34, 200.41,   777.37,   759.32,    22.68,  106.52,   64.63,  439.00,    0.26,    0.54,    19.09,  116.03,     69.33,  374.50,    0.28,    0.53,   298.3,   0,  GPS,  163.0, 109.70, 109.70, 118.575, 121.825, 6887.837,       ,       ,      ,    1.2,       ,  -12.7,      0,  NONE,   NONE,      ,      ,  15.7, 3DDiff, 1852,      ,     12,  18.5,     18
2025-11-25, 22:16:43,  +00:00,   800€,   41.0632401,  -73.7086258,   397.1, 30.11,   403.2,   9.5,   0.00,   2.14,   -1.02,  -0.31,   0.65,  -0.02,  -0.01, 322.4, 318.5,  28.3,  28.3, 205.34, 200.74,   777.37,   759.32,    22.80,  106.49,   64.58,  441.00,    0.27,    0.54,    21.57,  116.12,     65.69,  406.00,    0.28,    0.54,   298.2,   0,  GPS,  163.0, 109.70, 109.70, 118.575, 121.825, 6887.837,       ,       ,      ,    1.2,       ,  -12.7,      0,  NONE,   NONE,      ,      ,   3.9, 3DDiff, 1852,      ,     12,  19.0,     18
2025-11-25, 22:16:44,  +00:00,   800€,   41.0632439,  -73.7086334,   397.1, 30.11,   402.9,   9.5,   0.00,   2.06,   -0.70,  -0.27,   0.62,  -0.02,   0.02, 316.7, 313.5,  28.3,  28.3, 205.34, 200.74,   777.37,   759.32,    22.91,  106.48,   64.59,  443.00,    0.27,    0.54,    22.14,  116.15,     64.68,  420.00,    0.27,    0.54,   297.9,   0,  GPS,  163.0, 109.70, 109.70, 118.575, 121.825, 6887.837,       ,       ,      ,    1.2,       ,  -12.7,      0,  NONE,   NONE,      ,      ,   3.9, 3DDiff, 1852,      ,     12,  18.5,     19
2025-11-25, 22:16:45,  +00:00,   800€,   41.0632477,  -73.7086411,   397.1, 30.11,   402.8,   9.5,   0.00,   1.94,    0.67,  -0.21,   0.62,   0.00,   0.00, 311.0, 310.7,  28.3,  28.3, 205.34, 200.41,   777.37,   758.75,    22.97,  106.48,   64.53,  445.00,    0.27,    0.54,    22.33,  116.14,     64.30,  428.50,    0.27,    0.54,   297.8,   0,  GPS,  163.0, 109.70, 109.70, 118.575, 121.825, 6887.837,       ,       ,      ,    1.2,       ,  -12.7,      0,  NONE,   NONE,      ,      ,   3.9, 3DDiff, 1852,      ,     12,  19.0,     19
2025-11-25, 22:16:46,  +00:00,   800€,   41.0632553,  -73.7086563,   397.1, 30.11,   404.9,   9.5,   0.00,   1.56,    3.10,  -0.16,   0.55,   0.00,  -0.02, 306.9, 310.7,  28.3,  28.3, 205.34, 200.41,   777.37,   758.75,    22.99,  106.49,   64.49,  445.50,    0.27,    0.54,    22.43,  116.10,     64.19,  434.50,    0.27,    0.54,   299.9,   0,  GPS,  163.0, 109.70, 109.70, 118.575, 121.825, 6887.837,       ,       ,      ,    1.2,       ,  -12.7,      0,  NONE,   NONE,      ,      ,   3.9, 3DDiff, 1852,      ,     12,  19.0,     18
2025-11-25, 22:16:47,  +00:00,   800€,   41.0632591,  -73.7086639,   397.1, 30.11,   404.4,   9.5,   0.00,   1.22,    3.16,  -0.12,   0.46,  -0.02,   0.01, 303.6, 310.7,  28.3,  28.3, 205.34, 200.41,   777.37,   758.75,    23.01,  106.51,   64.47,  446.50,    0.27,    0.54,    22.47,  116.05,     64.14,  438.00,    0.27,    0.54,   299.4,   0,  GPS,  163.0, 109.70, 109.70, 118.575, 121.825, 6887.837,       ,       ,      ,    1.2,       ,  -12.7,      0,  NONE,   NONE,      ,      ,   0.0, 3DDiff, 1852,      ,     12,  19.0,     19
2025-11-25, 22:16:48,  +00:00,   800€,   41.0632591,  -73.7086716,   397.1, 30.11,   404.6,   9.5,   0.00,   1.09,    2.47,  -0.08,   0.41,   0.00,  -0.00, 300.5, 310.7,  28.3,  28.2, 205.34, 200.41,   777.37,   758.75,    23.01,  106.53,   64.46,  447.00,    0.27,    0.55,    22.91,  115.97,     64.15,  443.50,    0.28,    0.54,   299.6,   0,  GPS,  163.0, 109.70, 109.70, 118.575, 121.825, 6887.837,       ,       ,      ,    1.2,       ,  -12.7,      0,  NONE,   NONE,      ,      ,   0.0, 3DDiff, 1852,      ,     12,  18.5,     18
2025-11-25, 22:16:49,  +00:00,   800€,   41.0632591,  -73.7086716,   397.1, 30.11,   404.6,   9.5,   0.00,   0.97,    1.73,  -0.02,   0.36,  -0.01,   0.00, 297.9, 310.7,  28.3,  28.3, 205.34, 200.41,   777.37,   758.75,    28.95,  106.56,   67.29,  496.00,    0.28,    0.59,    28.71,  115.90,     66.94,  497.50,    0.30,    0.59,   299.6,   0,  GPS,  163.0, 109.70, 109.70, 118.575, 121.825, 6887.837,       ,       ,      ,    1.2,       ,  -12.7,      0,  NONE,   NONE,      ,      ,   0.0, 3DDiff, 1852,      ,     12,  18.5,     18
2025-11-25, 22:16:50,  +00:00,   800€,   41.0632591,  -73.7086868,   397.1, 30.11,   404.6,   9.5,   0.00,   0.00,    1.13,  -0.02,   0.33,   0.01,   0.00, 295.6, 310.7,  28.3,  28.3, 205.34, 200.41,   777.37,   758.75,    30.94,  106.60,   73.61,  488.50,    0.30,    0.59,    29.94,  115.83,     72.87,  485.50,    0.32,    0.59,   299.6,   0,  GPS,  163.0, 109.70, 109.70, 118.575, 121.825, 6887.837,       ,       ,      ,    1.2,       ,  -12.7,      0,  NONE,   NONE,      ,      ,   0.0, 3DDiff, 1852,      ,     12,  18.5,     19
2025-11-25, 22:16:51,  +00:00,   800€,   41.0632629,  -73.7086868,   396.1, 30.11,   404.6,   9.5,   0.00,   0.00,    0.72,  -0.01,   0.26,  -0.00,   0.00, 294.5, 310.7,  28.3,  28.3, 205.34, 200.41,   777.37,   758.75,    23.90,  106.65,   72.86,  447.00,    0.29,    0.56,    23.44,  115.78,     72.08,  443.00,    0.31,    0.56,   299.6,   0,  GPS,  163.0, 109.70, 109.70, 118.575, 121.825, 6887.837,       ,       ,      ,    1.2,       ,  -12.7,      0,  NONE,   NONE,      ,      ,   3.9, 3DDiff, 1852,      ,     12,  19.0,     19
2025-11-25, 22:16:52,  +00:00,   800€,   41.0632591,  -73.7086868,   396.1, 30.11,   402.5,   9.2,   0.00,   0.00,   -1.30,   0.05,   0.21,  -0.01,   0.00, 294.3, 310.7,  28.3,  28.3, 205.34, 200.41,   777.37,   758.75,    23.21,  106.72,   69.22,  450.50,    0.29,    0.57,    20.05,  115.78,     67.80,  417.50,    0.29,    0.53,   297.5,   0,  GPS,  163.0, 109.70, 109.70, 118.575, 121.825, 6887.837,       ,       ,      ,    1.2,       ,  -12.7,      0,  NONE,   NONE,      ,      ,   0.0, 3DDiff, 1852,      ,     12,  19.0,     18
2025-11-25, 22:16:53,  +00:00,   800€,   41.0632591,  -73.7086868,   396.1, 30.11,   402.7,   9.2,   0.00,   0.00,   -5.13,   0.08,   0.18,  -0.01,   0.00, 294.2, 310.7,  28.3,  28.2, 205.34, 200.41,   777.37,   758.75,    31.44,  106.81,   72.32,  501.00,    0.31,    0.62,    22.53,  115.80,     65.12,  437.50,    0.28,    0.54,   297.7,   0,  GPS,  163.0, 109.70, 109.70, 118.575, 121.825, 6887.837,       ,       ,      ,    1.2,       ,  -12.7,      0,  NONE,   NONE,      ,      ,   0.0, 3DDiff, 1852,      ,     12,  19.0,     19
2025-11-25, 22:16:54,  +00:00,   800€,   41.0632591,  -73.7086868,   396.1, 30.11,   402.6,   9.2,   0.00,   0.00,   -6.55,   0.09,   0.16,  -0.01,   0.00, 294.0, 310.7,  28.3,  28.2, 205.34, 200.41,   777.37,   758.75,    40.69,  106.91,   82.74,  530.00,    0.38,    0.70,    22.79,  115.83,     64.46,  441.00,    0.28,    0.54,   297.6,   0,  GPS,  163.0, 109.70, 109.70, 118.575, 121.825, 6887.837,       ,       ,      ,    1.2,       ,  -12.7,      0,  NONE,   NONE,      ,      ,   0.0, 3DDiff, 1852,      ,     12,  18.5,     18
2025-11-25, 22:16:55,  +00:00,   800€,   41.0632591,  -73.7086868,   396.1, 30.11,   403.4,   9.5,   0.00,   0.00,   -5.48,   0.10,   0.18,  -0.00,  -0.00, 293.5, 310.7,  28.3,  28.3, 205.34, 200.41,   777.37,   759.32,    42.87,  107.04,   96.43,  492.00,    0.43,    0.71,    22.62,  115.85,     64.14,  441.50,    0.28,    0.54,   298.4,   0,  GPS,  163.0, 109.70, 109.70, 118.575, 121.825, 6887.837,       ,       ,      ,    1.2,       ,  -12.7,      0,  NONE,   NONE,      ,      ,   0.0, 3DDiff, 1852,      ,     12,  18.5,     18
2025-11-25, 22:16:56,  +00:00,   800€,   41.0632591,  -73.7086868,   396.1, 30.11,   403.2,   9.5,   0.00,   0.00,   -4.56,   0.11,   0.19,  -0.00,   0.01, 292.9, 310.7,  28.3,  28.3, 205.34, 200.41,   777.37,   759.32,    38.96,  107.20,  100.96,  450.50,    0.43,    0.70,    22.64,  115.85,     64.03,  442.50,    0.28,    0.54,   298.2,   0,  GPS,  163.0, 109.70, 109.70, 118.575, 121.825, 6887.837,       ,       ,      ,    1.2,       ,  -12.7,      0,  NONE,   NONE,      ,      ,   3.9, 3DDiff, 1852,      ,     12,  18.5,     19
2025-11-25, 22:16:57,  +00:00,   800€,   41.0632591,  -73.7086868,   395.1, 30.11,   403.0,   9.5,   0.00,   0.00,   -6.55,   0.15,   0.21,  -0.01,   0.00, 292.5, 310.7,  28.3,  28.3, 205.34, 200.41,   777.37,   759.32,    36.96,  107.41,  101.16,  428.00,    0.43,    0.70,    22.66,  115.85,     63.99,  443.00,    0.28,    0.54,   298.0,   0,  GPS,  163.0, 109.70, 109.70, 118.575, 121.825, 6887.837,       ,       ,      ,    1.2,       ,  -12.7,      0,  NONE,   NONE,      ,      ,   0.0, 3DDiff, 1852,      ,     12,  19.0,     19
2025-11-25, 22:16:58,  +00:00,   800€,   41.0632629,  -73.7086868,   395.1, 30.11,   405.0,   9.5,   0.00,   0.00,   -9.21,   0.16,   0.23,   0.01,  -0.01, 291.8, 310.7,  28.3,  28.2, 205.34, 200.41,   777.37,   759.32,    36.35,  107.66,  100.40,  416.50,    0.43,    0.69,    23.00,  115.86,     63.92,  447.00,    0.28,    0.54,   300.0,   0,  GPS,  163.0, 109.70, 109.70, 118.575, 121.825, 6887.837,       ,       ,      ,    1.2,       ,  -12.7,      0,  NONE,   NONE,      ,      ,   0.0, 3DDiff, 1852,      ,     12,  19.0,     18
2025-11-25, 22:16:59,  +00:00,   800€,   41.0632629,  -73.7086945,   395.1, 30.11,   404.5,   9.5,   0.00,   0.00,  -11.47,   0.18,   0.21,  -0.01,   0.00, 291.4, 310.7,  28.3,  28.3, 205.34, 200.41,   777.37,   759.32,    36.54,  107.95,  100.00,  411.50,    0.43,    0.70,    22.91,  115.87,     63.96,  445.50,    0.28,    0.54,   299.5,   0,  GPS,  163.0, 109.70, 109.70, 118.575, 121.825, 6887.837,       ,       ,      ,    1.2,       ,  -12.7,      0,  NONE,   NONE,      ,      ,   3.9, 3DDiff, 1852,      ,     12,  19.0,     19
2025-11-25, 22:17:00,  +00:00,   800€,   41.0632629,  -73.7086945,   395.1, 30.11,   404.8,   9.5,   0.00,   0.00,  -11.37,   0.16,   0.19,  -0.00,   0.00, 291.0, 310.7,  28.3,  28.3, 205.34, 200.41,   777.37,   759.32,    37.53,  108.25,  100.40,  415.00,    0.44,    0.73,    22.70,  115.87,     63.90,  444.00,    0.27,    0.54,   299.8,   0,  GPS,  163.0, 109.70, 109.70, 118.575, 121.825, 6887.837,       ,       ,      ,    1.2,       ,  -12.7,      0,  NONE,   NONE,      ,      ,   0.0, 3DDiff, 1852,      ,     12,  18.5,     18
2025-11-25, 22:17:01,  +00:00,   800€,   41.0632629,  -73.7086945,   395.1, 30.11,   404.9,   9.5,   0.00,   0.00,   -8.81,   0.20,   0.16,  -0.00,  -0.00, 290.5, 310.7,  28.3,  28.3, 205.34, 200.74,   777.37,   759.32,    51.42,  108.56,  110.54,  468.50,    0.52,    0.77,    22.68,  115.88,     63.86,  443.50,    0.28,    0.54,   299.9,   0,  GPS,  163.0, 109.70, 109.70, 118.575, 121.825, 6887.837,       ,       ,      ,    1.2,       ,  -12.7,      0,  NONE,   NONE,      ,      ,   0.0, 3DDiff, 1852,      ,     12,  18.5,     18
2025-11-25, 22:17:02,  +00:00,   800€,   41.0632629,  -73.7086945,   395.1, 30.11,   405.1,   9.5,   0.00,   0.00,   -6.14,   0.18,   0.18,  -0.00,  -0.00, 289.6, 310.7,  28.3,  28.3, 205.34, 200.74,   777.37,   759.32,    51.15,  108.87,  118.14,  463.00,    0.54,    0.77,    22.70,  115.89,     63.83,  443.50,    0.28,    0.54,   300.1,   0,  GPS,  163.0, 109.70, 109.70, 118.575, 121.825, 6887.837,       ,       ,      ,    1.2,       ,  -12.7,      0,  NONE,   NONE,      ,      ,   3.9, 3DDiff, 1852,      ,     12,  18.5,     19
2025-11-25, 22:17:03,  +00:00,   800€,   41.0632629,  -73.7086945,   395.1, 30.11,   405.2,   9.5,   0.00,   0.00,   -4.02,   0.21,   0.14,  -0.01,  -0.00, 288.8, 310.7,  28.3,  28.3, 205.34, 200.74,   777.37,   759.32,    49.99,  109.18,  120.46,  453.00,    0.54,    0.77,    22.73,  115.92,     63.85,  442.50,    0.28,    0.54,   300.2,   0,  GPS,  163.0, 109.70, 109.70, 118.575, 121.825, 6887.837,       ,       ,      ,    1.2,       ,  -12.7,      0,  NONE,   NONE,      ,      ,   0.0, 3DDiff, 1852,      ,     12,  19.0,     19
2025-11-25, 22:17:04,  +00:00,   800€,   41.0632629,  -73.7086945,   395.1, 30.11,   403.2,   9.5,   0.00,   0.00,   -2.53,   0.25,   0.15,   0.04,  -0.01, 288.1, 310.7,  28.3,  28.1, 205.34, 200.74,   777.37,   759.32,    49.29,  109.51,  120.84,  446.50,    0.54,    0.77,    23.12,  115.95,     63.84,  446.50,    0.28,    0.54,   298.2,   0,  GPS,  163.0, 109.70, 109.70, 118.575, 121.825, 6887.837,       ,       ,      ,    1.2,       ,  -12.7,      0,  NONE,   NONE,      ,      ,   0.0, 3DDiff, 1852,      ,     12,  19.0,     18
2025-11-25, 22:17:05,  +00:00,   800€,   41.0632629,  -73.7086945,   395.1, 30.11,   403.4,   9.5,   0.00,   0.00,   -1.55,   0.21,   0.11,  -0.01,   0.01, 287.5, 310.7,  28.3,  28.2, 205.34, 200.74,   777.37,   759.32,    48.98,  109.84,  120.75,  444.00,    0.54,    0.77,    23.15,  115.99,     63.88,  447.00,    0.28,    0.54,   298.4,   0,  GPS,  163.0, 109.70, 109.70, 118.575, 121.825, 6887.837,       ,       ,      ,    1.2,       ,  -12.7,      0,  NONE,   NONE,      ,      ,   0.0, 3DDiff, 1852,      ,     12,  19.0,     19
2025-11-25, 22:17:06,  +00:00,   800€,   41.0632591,  -73.7087021,   396.1, 30.11,   402.9,   9.5,   0.00,   0.00,   -0.93,   0.24,   0.13,   0.00,   0.00, 286.4, 310.7,  28.3,  28.3, 205.34, 200.74,   777.37,   759.32,    48.89,  110.18,  120.65,  443.00,    0.54,    0.77,    22.83,  116.01,     63.85,  444.00,    0.28,    0.54,   297.9,   0,  GPS,  163.0, 109.70, 109.70, 118.575, 121.825, 6887.837,       ,       ,      ,    1.2,       ,  -12.7,      0,  NONE,   NONE,      ,      ,   0.0, 3DDiff, 1852,      ,     12,  18.5,     18
2025-11-25, 22:17:07,  +00:00,   800€,   41.0632591,  -73.7087097,   395.1, 30.11,   402.8,   9.5,   0.00,   0.97,    1.36,   0.21,   0.14,  -0.00,   0.00, 285.2, 310.7,  28.3,  28.3, 205.34, 200.74,   776.80,   759.32,    48.73,  110.52,  120.48,  442.00,    0.54,    0.77,    22.79,  116.04,     63.78,  443.50,    0.28,    0.54,   297.8,   0,  GPS,  163.0, 109.70, 109.70, 118.575, 121.825, 6887.837,       ,       ,      ,    1.2,       ,  -12.7,      0,  NONE,   NONE,      ,      ,   3.9, 3DDiff, 1852,      ,     12,  18.5,     18
2025-11-25, 22:17:08,  +00:00,   800€,   41.0632591,  -73.7087173,   395.1, 30.11,   402.7,   9.5,   0.00,   0.00,    3.18,   0.23,   0.07,   0.01,  -0.01, 284.3, 310.7,  28.3,  28.3, 205.34, 200.74,   776.80,   759.32,    48.63,  110.86,  120.33,  442.00,    0.54,    0.77,    22.76,  116.06,     63.73,  443.50,    0.28,    0.54,   297.7,   0,  GPS,  163.0, 109.70, 109.70, 118.575, 121.825, 6887.837,       ,       ,      ,    1.2,       ,  -12.7,      0,  NONE,   NONE,      ,      ,   0.0, 3DDiff, 1852,      ,     12,  18.5,     19
2025-11-25, 22:17:09,  +00:00,   800€,   41.0632591,  -73.7087173,   395.1, 30.11,   402.1,   9.8,   0.00,   0.99,    2.98,   0.25,   0.11,   0.01,  -0.02, 283.8, 310.7,  28.3,  28.2, 205.34, 200.74,   776.80,   759.32,    48.49,  111.19,  120.08,  442.00,    0.54,    0.77,    23.17,  116.10,     63.70,  447.50,    0.28,    0.54,   297.1,   0,  GPS,  163.0, 109.70, 109.70, 118.575, 121.825, 6887.837,       ,       ,      ,    1.2,       ,  -12.7,      0,  NONE,   NONE,      ,      ,   0.0, 3DDiff, 1852,      ,     12,  19.0,     19
2025-11-25, 22:17:10,  +00:00,   800€,   41.0632629,  -73.7087173,   395.1, 30.11,   404.1,   9.8,   0.00,   0.00,    2.26,   0.29,   0.03,  -0.02,  -0.03, 283.7, 310.7,  28.3,  28.2, 205.34, 200.74,   776.80,   759.32,    48.40,  111.51,  119.93,  442.00,    0.54,    0.77,    23.00,  116.13,     63.79,  445.50,    0.28,    0.54,   299.1,   0,  GPS,  163.0, 109.70, 109.70, 118.575, 121.825, 6887.837,       ,       ,      ,    1.2,       ,  -12.7,      0,  NONE,   NONE,      ,      ,   3.9, 3DDiff, 1852,      ,     12,  18.5,     18
2025-11-25, 22:17:11,  +00:00,   800€,   41.0632629,  -73.7087250,   395.1, 30.11,   403.6,   9.8,   0.00,   0.00,    1.55,   0.29,   0.05,   0.00,   0.01, 283.5, 310.7,  28.3,  28.3, 205.34, 200.74,   776.80,   759.32,    47.97,  111.82,  119.70,  441.00,    0.54,    0.77,    22.82,  116.16,     63.73,  444.00,    0.28,    0.54,   298.6,   0,  GPS,  163.0, 109.70, 109.70, 118.575, 121.825, 6887.837,       ,       ,      ,    1.2,       ,  -12.7,      0,  NONE,   NONE,      ,      ,   0.0, 3DDiff, 1852,      ,     12,  19.0,     18
2025-11-25, 22:17:12,  +00:00,   800€,   41.0632629,  -73.7087326,   395.1, 30.11,   403.9,   9.8,   0.00,   0.95,    1.01,   0.26,   0.04,   0.01,  -0.01, 283.7, 310.7,  28.3,  28.3, 205.01, 200.74,   776.80,   759.32,    44.61,  112.11,  117.88,  420.50,    0.51,    0.74,    22.84,  116.20,     63.69,  443.50,    0.28,    0.54,   298.9,   0,  GPS,  163.0, 109.70, 109.70, 118.575, 121.825, 6887.837,       ,       ,      ,    1.2,       ,  -12.7,      0,  NONE,   NONE,      ,      ,   3.9, 3DDiff, 1852,      ,     12,  18.5,     18
2025-11-25, 22:17:13,  +00:00,   800€,   41.0632629,  -73.7087326,   396.1, 30.11,   404.0,  10.0,   0.00,   0.00,    0.63,   0.48,   0.02,  -0.01,  -0.07, 283.9, 310.7,  28.3,  28.3, 205.01, 200.74,   776.24,   759.32,    36.74,  112.40,  110.27,  380.50,    0.46,    0.70,    22.79,  116.23,     63.69,  443.00,    0.28,    0.54,   299.0,   0,  GPS,  163.0, 109.70, 109.70, 118.575, 121.825, 6887.837,       ,       ,      ,    1.2,       ,  -12.7,      0,  NONE,   NONE,      ,      ,   0.0, 3DDiff, 1852,      ,     12,  18.5,     18
2025-11-25, 22:17:14,  +00:00,   800€,   41.0632629,  -73.7087326,   396.1, 30.11,   404.1,   9.8,   0.00,   0.00,    1.59,   0.36,   0.01,  -0.02,  -0.00, 283.8, 310.7,  28.3,  28.3, 205.01, 200.74,   776.24,   759.32,    30.85,  112.66,  100.97,  362.50,    0.42,    0.67,    22.83,  116.27,     63.65,  443.00,    0.29,    0.54,   299.1,   0,  GPS,  163.0, 109.70, 109.70, 118.575, 121.825, 6887.837,       ,       ,      ,    1.2,       ,  -12.7,      0,  NONE,   NONE,      ,      ,   0.0, 3DDiff, 1852,      ,     12,  18.5,     19
2025-11-25, 22:17:15,  +00:00,   800€,   41.0632629,  -73.7087402,   396.1, 30.11,   404.1,   9.8,   0.00,   0.00,    2.11,   0.35,   0.00,  -0.01,  -0.00, 283.8, 310.7,  28.3,  28.2, 205.01, 200.74,   775.68,   759.32,    26.36,  112.91,   91.76,  357.50,    0.39,    0.63,    23.27,  116.31,     63.63,  448.00,    0.28,    0.54,   299.1,   0,  GPS,  163.0, 109.70, 109.70, 118.575, 121.825, 6887.837,       ,       ,      ,    1.2,       ,  -12.7,      0,  NONE,   NONE,      ,      ,   0.0, 3DDiff, 1852,      ,     12,  18.5,     19
2025-11-25, 22:17:16,  +00:00,   800€,   41.0632629,  -73.7087402,   396.1, 30.11,   402.3,   9.8,   0.00,   0.00,    2.63,   0.35,   0.00,   0.00,   0.00, 283.8, 310.7,  28.3,  28.2, 205.01, 200.74,   775.68,   759.32,    22.77,  113.13,   83.16,  354.00,    0.35,    0.60,    23.29,  116.34,     63.68,  448.50,    0.28,    0.54,   297.3,   0,  GPS,  163.0, 109.70, 109.70, 118.575, 121.825, 6887.837,       ,       ,      ,    1.2,       ,  -12.7,      0,  NONE,   NONE,      ,      ,   0.0, 3DDiff, 1852,      ,     12,  18.5,     19
2025-11-25, 22:17:17,  +00:00,   800€,   41.0632629,  -73.7087402,   396.1, 30.11,   402.5,   9.8,   0.00,   0.00,    5.57,   0.35,   0.01,  -0.00,   0.00, 283.8, 310.7,  28.3,  28.3, 205.01, 200.74,   775.68,   759.32,    20.23,  113.31,   75.39,  354.00,    0.32,    0.57,    22.90,  116.37,     63.67,  445.50,    0.28,    0.54,   297.5,   0,  GPS,  163.0, 109.70, 109.70, 118.575, 121.825, 6887.837,       ,       ,      ,    1.2,       ,  -12.7,      0,  NONE,   NONE,      ,      ,   0.0, 3DDiff, 1852,      ,     12,  18.5,     19
2025-11-25, 22:17:18,  +00:00,   800€,   41.0632629,  -73.7087402,   397.1, 30.11,   402.0,   9.8,   0.00,   0.00,    8.71,   0.36,   0.02,  -0.00,   0.00, 283.9, 310.7,  28.3,  28.3, 205.01, 200.74,   775.68,   759.32,    19.13,  113.46,   68.75,  369.50,    0.30,    0.57,    22.85,  116.41,     63.63,  444.00,    0.28,    0.54,   297.0,   0,  GPS,  163.0, 109.70, 109.70, 118.575, 121.825, 6887.837,       ,       ,      ,    1.2,       ,  -12.7,      0,  NONE,   NONE,      ,      ,   0.0, 3DDiff, 1852,      ,     12,  18.0,     18
2025-11-25, 22:17:19,  +00:00,   800€,   41.0632629,  -73.7087402,   397.1, 30.11,   401.8,   9.8,   0.00,   0.00,   11.22,   0.40,   0.02,  -0.01,  -0.02, 283.9, 310.7,  28.3,  28.3, 205.01, 200.74,   775.68,   759.32,    28.82,  113.56,   69.65,  447.00,    0.31,    0.62,    22.83,  116.45,     63.63,  443.00,    0.28,    0.54,   296.8,   0,  GPS,  163.0, 109.70, 109.70, 118.575, 121.825, 6887.837,       ,       ,      ,    1.2,       ,  -12.7,      0,  NONE,   NONE,      ,      ,   0.0, 3DDiff, 1852,      ,     12,  18.5,     18
2025-11-25, 22:17:20,  +00:00,   800€,   41.0632629,  -73.7087402,   397.1, 30.11,   401.8,   9.8,   0.00,   0.00,   12.98,   0.40,   0.03,   0.00,   0.00, 284.0, 310.7,  28.3,  28.3, 205.01, 200.74,   775.68,   759.32,    38.37,  113.59,   78.88,  503.50,    0.37,    0.70,    22.80,  116.49,     63.60,  442.50,    0.28,    0.54,   296.8,   0,  GPS,  163.0, 109.70, 109.70, 118.575, 121.825, 6887.837,       ,       ,      ,    1.2,       ,  -12.7,      0,  NONE,   NONE,      ,      ,   0.0, 3DDiff, 1852,      ,     12,  18.5,     19
2025-11-25, 22:17:21,  +00:00,   800€,   41.0632591,  -73.7087402,   397.1, 30.11,   401.7,   9.8,   0.00,   0.00,   14.15,   0.38,   0.09,   0.03,  -0.01, 284.1, 310.7,  28.3,  28.3, 205.01, 200.74,   775.68,   759.88,    53.50,  113.58,   97.77,  525.50,    0.53,    0.82,    22.84,  116.54,     63.61,  441.00,    0.28,    0.54,   296.7,   0,  GPS,  163.0, 109.70, 109.70, 118.575, 121.825, 6887.837,       ,       ,      ,    1.2,       ,  -12.7,      0,  NONE,   NONE,      ,      ,   3.9, 3DDiff, 1852,      ,     12,  19.0,     19
2025-11-25, 22:17:22,  +00:00,   800€,   41.0632629,  -73.7087479,   397.1, 30.11,   403.4,   9.8,   0.00,   0.00,   14.89,   0.25,   0.09,   0.03,   0.00, 284.9, 310.7,  28.3,  28.3, 205.01, 200.74,   775.68,   759.88,    84.78,  113.56,  127.58,  642.50,    0.77,    0.92,    22.85,  116.57,     63.62,  440.50,    0.28,    0.54,   298.4,   0,  GPS,  163.0, 109.70, 109.70, 118.575, 121.825, 6887.837,       ,       ,      ,    1.2,       ,  -12.7,      0,  NONE,   NONE,      ,      ,   3.9, 3DDiff, 1852,      ,     12,  18.5,     19
2025-11-25, 22:17:23,  +00:00,   800€,   41.0632629,  -73.7087479,   397.1, 30.11,   402.9,   9.8,   0.00,   0.95,   15.34,   0.20,   0.18,   0.02,  -0.00, 287.6, 310.7,  28.3,  28.3, 205.01, 200.74,   775.68,   759.88,   103.86,  113.57,  151.62,  629.00,    0.78,    0.90,    22.84,  116.61,     63.62,  440.00,    0.28,    0.54,   297.9,   0,  GPS,  163.0, 109.70, 109.70, 118.575, 121.825, 6887.837,       ,       ,      ,    1.2,       ,  -12.7,      0,  NONE,   NONE,      ,      ,   0.0, 3DDiff, 1852,      ,     12,  19.0,     19
2025-11-25, 22:17:24,  +00:00,   800€,   41.0632668,  -73.7087555,   397.1, 30.11,   403.6,   9.8,   0.00,   1.28,   14.76,   0.27,   0.12,   0.07,  -0.01, 294.5, 310.7,  28.3,  28.3, 205.01, 200.74,   775.68,   759.88,    85.94,  113.64,  150.75,  557.50,    0.68,    0.84,    22.87,  116.64,     63.61,  439.50,    0.28,    0.54,   298.6,   0,  GPS,  163.0, 109.70, 109.70, 118.575, 121.825, 6887.837,       ,       ,      ,    1.2,       ,  -12.7,      0,  NONE,   NONE,      ,      ,   3.9, 3DDiff, 1852,      ,     12,  18.5,     18
2025-11-25, 22:17:25,  +00:00,   800€,   41.0632744,  -73.7087631,   398.1, 30.11,   403.8,   9.8,   0.00,   1.81,   11.50,   0.25,   0.00,  -0.00,  -0.00, 307.2, 310.7,  28.3,  28.2, 205.01, 200.74,   775.68,   759.88,    64.24,  113.76,  139.36,  487.00,    0.59,    0.80,    22.97,  116.68,     63.57,  442.00,    0.28,    0.54,   298.8,   0,  GPS,  163.0, 109.70, 109.70, 118.575, 121.825, 6887.837,       ,       ,      ,    1.2,       ,  -12.7,      0,  NONE,   NONE,      ,      ,   3.9, 3DDiff, 1852,      ,     12,  18.5,     19
2025-11-25, 22:17:26,  +00:00,   800€,   41.0632744,  -73.7087708,   398.1, 30.11,   403.8,   9.8,   0.00,   0.93,    8.63,   0.26,   0.16,  -0.10,  -0.01, 314.8, 310.7,  28.3,  28.2, 204.68, 200.74,   775.68,   759.88,    47.59,  113.98,  125.57,  430.00,    0.52,    0.75,    23.35,  116.71,     63.61,  446.50,    0.28,    0.54,   298.8,   0,  GPS,  163.0, 109.70, 109.70, 118.575, 121.825, 6887.837,       ,       ,      ,    1.2,       ,  -12.7,      0,  NONE,   NONE,      ,      ,   0.0, 3DDiff, 1852,      ,     12,  18.5,     19
2025-11-25, 22:17:27,  +00:00,   800€,   41.0632820,  -73.7087708,   398.1, 30.11,   404.0,   9.8,   0.00,   0.00,    9.16,   0.32,   0.45,   0.04,  -0.00, 315.4, 310.7,  28.3,  28.2, 204.68, 200.74,   775.11,   759.88,    47.25,  114.31,  116.07,  455.50,    0.55,    0.79,    27.58,  116.75,     65.42,  488.50,    0.29,    0.58,   299.0,   0,  GPS,  163.0, 109.70, 109.70, 118.575, 121.825, 6887.837,       ,       ,      ,    1.2,       ,  -12.7,      0,  NONE,   NONE,      ,      ,   0.0, 3DDiff, 1852,      ,     12,  19.0,     19
2025-11-25, 22:17:28,  +00:00,   800€,   41.0632820,  -73.7087708,   398.1, 30.11,   402.5,   9.5,   0.00,   0.00,   10.11,   0.07,   0.36,   0.00,   0.03, 319.0, 310.7,  28.3,  28.3, 204.68, 200.74,   775.11,   759.88,    74.11,  114.74,  131.98,  562.00,    0.68,    0.86,    33.86,  116.78,     72.30,  528.00,    0.33,    0.64,   297.5,   0,  GPS,  163.0, 109.70, 109.70, 118.575, 121.825, 6887.837,       ,       ,      ,    1.2,       ,  -12.7,      0,  NONE,   NONE,      ,      ,   0.0, 3DDiff, 1852,      ,     12,  18.5,     19
2025-11-25, 22:17:29,  +00:00,   800€,   41.0632820,  -73.7087708,   398.1, 30.11,   402.9,   9.5,   0.00,   0.00,    8.37,   0.15,   0.45,  -0.02,   0.01, 322.1, 310.7,  28.3,  28.3, 204.68, 200.74,   775.68,   759.88,    62.88,  115.23,  136.12,  497.50,    0.61,    0.81,    30.99,  116.83,     78.96,  479.00,    0.34,    0.61,   297.9,   0,  GPS,  163.0, 109.70, 109.70, 118.575, 121.825, 6887.837,       ,       ,      ,    1.2,       ,  -12.7,      0,  NONE,   NONE,      ,      ,   3.9, 3DDiff, 1852,      ,     12,  19.0,     19
2025-11-25, 22:17:30,  +00:00,   800€,   41.0632820,  -73.7087708,   398.1, 30.11,   401.9,   9.5,   0.00,   0.00,    6.02,   0.30,   0.38,   0.02,  -0.06, 324.1, 310.7,  28.3,  28.3, 205.01, 200.74,   775.68,   759.88,    48.73,  115.72,  127.18,  440.50,    0.53,    0.76,    25.10,  116.90,     77.07,  437.00,    0.33,    0.58,   296.9,   0,  GPS,  163.0, 109.70, 109.70, 118.575, 121.825, 6887.837,       ,       ,      ,    1.2,       ,  -12.7,      0,  NONE,   NONE,      ,      ,   0.0, 3DDiff, 1852,      ,     12,  18.5,     18
2025-11-25, 22:17:31,  +00:00,   800€,   41.0632820,  -73.7087708,   398.1, 30.11,   401.8,   9.5,   0.00,   0.00,    4.02,   0.14,   0.55,   0.03,   0.00, 324.6, 310.7,  28.3,  28.1, 205.01, 200.74,   775.68,   759.88,    43.11,  116.18,  116.99,  436.50,    0.52,    0.78,    27.20,  117.02,     73.99,  458.00,    0.32,    0.60,   296.8,   0,  GPS,  163.0, 109.70, 109.70, 118.575, 121.825, 6887.837,       ,       ,      ,    1.2,       ,  -12.7,      0,  NONE,   NONE,      ,      ,   0.0, 3DDiff, 1852,      ,     12,  18.5,     19
2025-11-25, 22:17:32,  +00:00,   800€,   41.0632820,  -73.7087708,   398.1, 30.11,   401.6,   9.5,   0.00,   0.00,    2.56,  -0.05,   0.51,   0.00,   0.02, 326.2, 310.7,  28.3,  28.1, 205.01, 200.74,   775.68,   759.88,    72.25,  116.61,  129.37,  577.50,    0.71,    0.89,    37.08,  117.16,     79.39,  513.50,    0.37,    0.67,   296.6,   0,  GPS,  163.0, 109.70, 109.70, 118.575, 121.825, 6887.837,       ,       ,      ,    1.2,       ,  -12.7,      0,  NONE,   NONE,      ,      ,   0.0, 3DDiff, 1852,      ,     12,  18.5,     19
2025-11-25, 22:17:33,  +00:00,   800€,   41.0632820,  -73.7087708,   398.1, 30.11,   401.4,   9.5,   0.00,   0.00,    1.59,  -0.11,   0.43,  -0.01,   0.01, 328.5, 310.7,  28.3,  28.2, 205.01, 200.74,   775.68,   759.88,    83.65,  117.00,  145.93,  571.00,    0.71,    0.86,    49.54,  117.30,     93.77,  518.00,    0.47,    0.74,   296.4,   0,  GPS,  163.0, 109.70, 109.70, 118.575, 121.825, 6887.837,       ,       ,      ,    1.2,       ,  -12.7,      0,  NONE,   NONE,      ,      ,   0.0, 3DDiff, 1852,      ,     12,  19.0,     19
2025-11-25, 22:17:34,  +00:00,   800€,   41.0632858,  -73.7087708,   398.1, 30.11,   402.9,   9.5,   0.00,   0.00,    0.96,  -0.12,   0.46,   0.01,   0.01, 329.9, 310.7,  28.3,  28.3, 205.01, 200.74,   775.68,   759.88,    67.48,  117.38,  141.59,  502.50,    0.61,    0.81,    39.64,  117.46,     99.98,  447.50,    0.46,    0.69,   297.9,   0,  GPS,  163.0, 109.70, 109.70, 118.575, 121.825, 6887.837,       ,       ,      ,    1.2,       ,  -12.7,      0,  NONE,   NONE,      ,      ,   0.0, 3DDiff, 1852,      ,     12,  19.0,     19
2025-11-25, 22:17:35,  +00:00,   800€,   41.0632858,  -73.7087708,   398.1, 30.11,   402.5,   9.5,   0.00,   0.00,    0.57,  -0.15,   0.56,  -0.02,  -0.04, 330.5, 310.7,  28.3,  28.3, 205.01, 200.74,   775.68,   759.88,    50.98,  117.72,  129.61,  442.00,    0.53,    0.77,    38.05,  117.67,     98.74,  440.50,    0.46,    0.72,   297.5,   0,  GPS,  163.0, 109.70, 109.70, 118.575, 121.825, 6887.837,       ,       ,      ,    1.2,       ,  -12.7,      0,  NONE,   NONE,      ,      ,   3.9, 3DDiff, 1852,      ,     12,  19.0,     19
2025-11-25, 22:17:36,  +00:00,   800€,   41.0632858,  -73.7087708,   398.1, 30.11,   403.2,   9.5,   0.00,   0.00,    0.34,  -0.20,   0.56,  -0.00,   0.00, 330.7, 310.7,  28.3,  28.3, 205.01, 200.74,   775.68,   759.88,    39.08,  118.02,  116.26,  397.00,    0.47,    0.72,    58.31,  117.93,    110.09,  516.50,    0.58,    0.81,   298.2,   0,  GPS,  163.0, 109.70, 109.70, 118.575, 121.825, 6887.837,       ,       ,      ,    1.2,       ,  -12.7,      0,  NONE,   NONE,      ,      ,   0.0, 3DDiff, 1852,      ,     12,  18.5,     18
2025-11-25, 22:17:37,  +00:00,   800€,   41.0632858,  -73.7087708,   398.1, 30.11,   403.3,   9.5,   0.00,   0.00,    0.20,  -0.20,   0.55,   0.01,   0.02, 330.7, 310.7,  28.3,  28.3, 205.01, 200.74,   775.68,   759.88,    31.59,  118.34,  104.35,  368.00,    0.42,    0.68,    63.60,  118.20,    123.26,  520.00,    0.63,    0.82,   298.3,   0,  GPS,  163.0, 109.70, 109.70, 118.575, 121.825, 6887.837,       ,       ,      ,    1.2,       ,  -12.7,      0,  NONE,   NONE,      ,      ,  -3.9, 3DDiff, 1852,      ,     12,  18.5,     19
2025-11-25, 22:17:38,  +00:00,   800€,   41.0632858,  -73.7087708,   398.1, 30.11,   403.4,   9.5,   0.00,   0.00,    0.11,  -0.20,   0.54,  -0.01,   0.01, 331.0, 310.7,  28.3,  28.2, 205.01, 200.74,   775.68,   759.88,    34.85,  118.66,   96.62,  404.00,    0.43,    0.71,    62.14,  118.52,    127.81,  500.00,    0.63,    0.81,   298.4,   0,  GPS,  163.0, 109.70, 109.70, 118.575, 121.825, 6887.837,       ,       ,      ,    1.2,       ,  -12.7,      0,  NONE,   NONE,      ,      ,   0.0, 3DDiff, 1852,      ,     12,  18.5,     19
2025-11-25, 22:17:39,  +00:00,   800€,   41.0632896,  -73.7087708,   398.1, 30.11,   403.5,   9.5,   0.00,   0.00,    0.06,  -0.25,   0.60,   0.04,  -0.00, 331.5, 310.7,  28.3,  28.2, 205.01, 200.74,   775.68,   759.88,    47.42,  118.98,  105.38,  456.50,    0.51,    0.77,    60.34,  118.87,    128.39,  488.50,    0.62,    0.81,   298.5,   0,  GPS,  163.0, 109.70, 109.70, 118.575, 121.825, 6887.837,       ,       ,      ,    1.2,       ,  -12.7,      0,  NONE,   NONE,      ,      ,   0.0, 3DDiff, 1852,      ,     12,  19.0,     19
2025-11-25, 22:17:40,  +00:00,   800€,   41.0632896,  -73.7087784,   398.1, 30.11,   401.9,   9.5,   0.00,   0.00,    0.04,  -0.27,   0.38,  -0.04,  -0.00, 333.8, 310.7,  28.3,  28.3, 205.01, 200.74,   775.68,   759.88,    50.33,  119.28,  113.62,  472.50,    0.55,    0.79,    59.11,  119.22,    127.97,  482.50,    0.62,    0.81,   296.9,   0,  GPS,  163.0, 109.70, 109.70, 118.575, 121.825, 6887.837,       ,       ,      ,    1.2,       ,  -12.7,      0,  NONE,   NONE,      ,      ,   0.0, 3DDiff, 1852,      ,     12,  19.0,     19
2025-11-25, 22:17:41,  +00:00,   800€,   41.0632858,  -73.7087708,   398.1, 30.11,   402.2,   9.5,   0.00,   0.00,    0.02,  -0.37,   0.54,   0.01,   0.00, 334.0, 310.7,  28.3,  28.3, 205.01, 200.74,   775.68,   759.88,    62.11,  119.54,  122.98,  535.00,    0.65,    0.85,    64.79,  119.59,    129.98,  523.50,    0.68,    0.85,   297.2,   0,  GPS,  163.0, 109.70, 109.70, 118.575, 121.825, 6887.837,       ,       ,      ,    1.2,       ,  -12.7,      0,  NONE,   NONE,      ,      ,   0.0, 3DDiff, 1852,      ,     12,  19.0,     19
2025-11-25, 22:17:42,  +00:00,   800€,   41.0632858,  -73.7087708,   398.1, 30.11,   401.8,   9.5,   0.00,   0.00,    0.01,  -0.43,   0.49,  -0.02,  -0.00, 335.4, 310.7,  28.3,  28.3, 205.01, 200.74,   775.68,   759.88,    74.80,  119.79,  136.89,  545.00,    0.67,    0.85,    71.86,  119.96,    136.97,  521.50,    0.67,    0.83,   296.8,   0,  GPS,  163.0, 109.70, 109.70, 118.575, 121.825, 6887.837,       ,       ,      ,    1.2,       ,  -12.7,      0,  NONE,   NONE,      ,      ,   0.0, 3DDiff, 1852,      ,     12,  18.5,     18
2025-11-25, 22:17:43,  +00:00,   800€,   41.0632858,  -73.7087708,   398.1, 30.11,   401.7,   9.8,   0.00,   0.00,    0.01,  -0.40,   0.53,  -0.00,  -0.01, 336.1, 310.7,  28.3,  28.3, 205.01, 200.74,   775.68,   759.88,    60.49,  120.02,  132.97,  482.00,    0.59,    0.79,    58.33,  120.32,    131.27,  464.00,    0.58,    0.78,   296.7,   0,  GPS,  163.0, 109.70, 109.70, 118.575, 121.825, 6887.837,       ,       ,      ,    1.2,       ,  -12.7,      0,  NONE,   NONE,      ,      ,   0.0, 3DDiff, 1852,      ,     12,  18.5,     19
2025-11-25, 22:17:44,  +00:00,   800€,   41.0632858,  -73.7087708,   398.1, 30.11,   401.6,   9.5,   0.00,   0.00,    0.00,  -0.37,   0.56,  -0.00,   0.00, 336.2, 310.7,  28.3,  28.2, 205.01, 200.74,   775.68,   759.88,    46.83,  120.25,  121.82,  429.00,    0.52,    0.75,    45.58,  120.62,    120.47,  415.50,    0.52,    0.74,   296.6,   0,  GPS,  163.0, 109.70, 109.70, 118.575, 121.825, 6887.837,       ,       ,      ,    1.2,       ,  -12.7,      0,  NONE,   NONE,      ,      ,   3.9, 3DDiff, 1852,      ,     12,  18.5,     19
2025-11-25, 22:17:45,  +00:00,   800€,   41.0632858,  -73.7087708,   398.1, 30.11,   401.5,   9.5,   0.00,   0.00,    0.00,  -0.35,   0.56,  -0.01,   0.00, 336.2, 310.7,  28.3,  28.2, 205.01, 200.74,   776.24,   759.88,    37.34,  120.48,  109.70,  390.50,    0.46,    0.71,    36.86,  120.89,    109.27,  381.00,    0.47,    0.70,   296.5,   0,  GPS,  163.0, 109.70, 109.70, 118.575, 121.825, 6887.837,       ,       ,      ,    1.2,       ,  -12.7,      0,  NONE,   NONE,      ,      ,   0.0, 3DDiff, 1852,      ,     12,  19.0,     20
2025-11-25, 22:17:46,  +00:00,   800€,   41.0632896,  -73.7087708,   398.1, 30.11,   403.1,   9.5,   0.00,   0.00,    0.00,  -0.29,   0.57,   0.02,   0.01, 336.2, 310.7,  28.3,  28.3, 205.01, 200.74,   776.24,   759.88,    30.93,  120.72,   98.71,  373.00,    0.41,    0.67,    30.69,  121.13,     99.23,  370.00,    0.42,    0.66,   298.1,   0,  GPS,  163.0, 109.70, 109.70, 118.575, 121.825, 6887.837,       ,       ,      ,    1.2,       ,  -12.7,      0,  NONE,   NONE,      ,      ,   0.0, 3DDiff, 1852,      ,     12,  19.0,     19
2025-11-25, 22:17:47,  +00:00,   800€,   41.0632896,  -73.7087708,   398.1, 30.11,   402.7,   9.5,   0.00,   0.00,    0.00,  -0.27,   0.60,  -0.01,  -0.00, 336.6, 310.7,  28.3,  28.3, 205.01, 200.74,   776.24,   759.88,    26.41,  120.97,   88.87,  369.50,    0.38,    0.64,    26.05,  121.33,     90.27,  366.00,    0.39,    0.63,   297.7,   0,  GPS,  163.0, 109.70, 109.70, 118.575, 121.825, 6887.837,       ,       ,      ,    1.2,       ,  -12.7,      0,  NONE,   NONE,      ,      ,   0.0, 3DDiff, 1852,      ,     12,  19.0,     19
2025-11-25, 22:17:48,  +00:00,   800€,   41.0632896,  -73.7087784,   398.1, 30.11,   402.8,   9.2,   0.00,   0.00,    0.00,  -0.27,   0.63,  -0.01,   0.00, 336.7, 310.7,  28.3,  28.3, 205.01, 200.74,   776.24,   759.88,    22.89,  121.24,   80.09,  367.50,    0.34,    0.60,    22.67,  121.46,     82.15,  364.50,    0.35,    0.60,   297.8,   0,  GPS,  163.0, 109.70, 109.70, 118.575, 121.825, 6887.837,       ,       ,      ,    1.2,       ,  -12.7,      0,  NONE,   NONE,      ,      ,   0.0, 3DDiff, 1852,      ,     12,  18.5,     19
2025-11-25, 22:17:49,  +00:00,   800€,   41.0632896,  -73.7087784,   398.1, 30.11,   402.8,   9.2,   0.00,   0.00,    0.00,  -0.27,   0.63,  -0.01,   0.00, 336.7, 310.7,  28.3,  28.3, 205.01, 200.74,   776.24,   759.88,    20.32,  121.49,   72.14,  368.00,    0.31,    0.57,    20.13,  121.51,     74.75,  364.50,    0.32,    0.57,   297.8,   0,  GPS,  163.0, 109.70, 109.70, 118.575, 121.825, 6887.837,       ,       ,      ,    1.2,       ,  -12.7,      0,  NONE,   NONE,      ,      ,   0.0, 3DDiff, 1852,      ,     12,  18.5,     19
2025-11-25, 22:17:50,  +00:00,   800€,   41.0632896,  -73.7087708,   398.1, 30.11,   402.8,   9.2,   0.00,   0.00,    0.00,  -0.27,   0.63,  -0.01,   0.00, 336.6, 310.7,  28.3,  28.3, 205.01, 200.74,   776.24,   759.88,    18.54,  121.70,   65.17,  371.50,    0.29,    0.55,    18.23,  121.49,     68.12,  366.50,    0.29,    0.54,   297.8,   0,  GPS,  163.0, 109.70, 109.70, 118.575, 121.825, 6887.837,       ,       ,      ,    1.2,       ,  -12.7,      0,  NONE,   NONE,      ,      ,   3.9, 3DDiff, 1852,      ,     12,  19.0,     20
2025-11-25, 22:17:51,  +00:00,   800€,   41.0632896,  -73.7087708,   398.1, 30.11,   402.9,   9.2,   0.00,   0.00,    0.00,  -0.27,   0.63,  -0.01,   0.00, 336.6, 310.7,  28.3,  28.2, 205.01, 200.74,   776.24,   759.88,    18.72,  121.84,   59.49,  389.00,    0.27,    0.54,    20.37,  121.40,     63.62,  400.50,    0.28,    0.54,   297.9,   0,  GPS,  163.0, 109.70, 109.70, 118.575, 121.825, 6887.837,       ,       ,      ,    1.2,       ,  -12.7,      0,  NONE,   NONE,      ,      ,   0.0, 3DDiff, 1852,      ,     12,  19.0,     20
2025-11-25, 22:17:52,  +00:00,   800€,   41.0632896,  -73.7087784,   398.1, 30.11,   401.4,   9.2,   0.00,   0.00,    0.00,  -0.27,   0.63,  -0.01,   0.00, 336.6, 310.7,  28.3,  28.2, 205.01, 200.74,   776.24,   759.88,    21.21,  121.90,   57.34,  416.50,    0.27,    0.54,    21.79,  121.24,     62.36,  423.00,    0.28,    0.54,   296.4,   0,  GPS,  163.0, 109.70, 109.70, 118.575, 121.825, 6887.837,       ,       ,      ,    1.2,       ,  -12.7,      0,  NONE,   NONE,      ,      ,   0.0, 3DDiff, 1852,      ,     12,  19.0,     19
2025-11-25, 22:17:53,  +00:00,   800€,   41.0632896,  -73.7087708,   398.1, 30.11,   401.6,   9.2,   0.00,   0.00,    0.00,  -0.30,   0.63,  -0.01,   0.00, 336.6, 310.7,  28.3,  28.3, 205.01, 200.74,   776.24,   759.88,    21.51,  121.87,   56.66,  430.50,    0.27,    0.54,    21.66,  121.02,     61.88,  432.50,    0.28,    0.54,   296.6,   0,  GPS,  163.0, 109.70, 109.70, 118.575, 121.825, 6887.837,       ,       ,      ,    1.2,       ,  -12.7,      0,  NONE,   NONE,      ,      ,   0.0, 3DDiff, 1852,      ,     12,  19.0,     20
2025-11-25, 22:17:54,  +00:00,   800€,   41.0632896,  -73.7087708,   398.1, 30.11,   401.1,   9.2,   0.00,   0.00,    0.00,  -0.29,   0.62,  -0.01,   0.00, 336.6, 310.7,  28.3,  28.3, 205.01, 200.74,   776.24,   759.88,    21.74,  121.77,   56.37,  440.00,    0.27,    0.54,    21.81,  120.76,     61.70,  439.00,    0.28,    0.54,   296.1,   0,  GPS,  163.0, 109.70, 109.70, 118.575, 121.825, 6887.837,       ,       ,      ,    1.2,       ,  -12.7,      0,  NONE,   NONE,      ,      ,   0.0, 3DDiff, 1852,      ,     12,  18.5,     19
2025-11-25, 22:17:55,  +00:00,   800€,   41.0632896,  -73.7087708,   398.1, 30.11,   401.0,   9.2,   0.00,   0.00,    0.00,  -0.27,   0.62,  -0.01,   0.00, 336.6, 310.7,  28.3,  28.3, 205.01, 200.74,   776.24,   759.88,    21.84,  121.63,   56.28,  446.00,    0.27,    0.54,    21.86,  120.51,     61.66,  443.00,    0.28,    0.54,   296.0,   0,  GPS,  163.0, 109.70, 109.70, 118.575, 121.825, 6887.837,       ,       ,      ,    1.2,       ,  -12.7,      0,  NONE,   NONE,      ,      ,   0.0, 3DDiff, 1852,      ,     12,  18.5,     19
2025-11-25, 22:17:56,  +00:00,   800€,   41.0632896,  -73.7087708,   398.1, 30.11,   400.7,   9.2,   0.00,   0.00,    0.00,  -0.27,   0.60,  -0.01,   0.00, 336.6, 310.7,  28.3,  28.3, 205.01, 200.74,   776.24,   759.88,    21.89,  121.45,   56.18,  450.00,    0.27,    0.54,    21.91,  120.26,     61.64,  446.00,    0.27,    0.54,   295.7,   0,  GPS,  163.0, 109.70, 109.70, 118.575, 121.825, 6887.837,       ,       ,      ,    1.2,       ,  -12.7,      0,  NONE,   NONE,      ,      ,   0.0, 3DDiff, 1852,      ,     12,  19.0,     19
2025-11-25, 22:17:57,  +00:00,   800€,   41.0632896,  -73.7087708,   398.1, 30.11,   400.6,   9.2,   0.00,   0.00,    0.00,  -0.27,   0.60,  -0.01,   0.00, 336.6, 310.7,  28.3,  28.2, 205.01, 200.74,   776.24,   759.88,    21.95,  121.26,   56.11,  452.50,    0.26,    0.54,    22.33,  120.05,     61.58,  451.50,    0.27,    0.54,   295.6,   0,  GPS,  163.0, 109.70, 109.70, 118.575, 121.825, 6887.837,       ,       ,      ,    1.2,       ,  -12.7,      0,  NONE,   NONE,      ,      ,   0.0, 3DDiff, 1852,      ,     12,  19.0,     20
2025-11-25, 22:17:58,  +00:00,   800€,   41.0632896,  -73.7087708,   398.1, 30.11,   402.3,   9.2,   0.00,   0.00,    0.00,  -0.29,   0.60,  -0.01,   0.00, 336.6, 310.7,  28.3,  28.2, 205.01, 200.74,   776.24,   759.88,    21.98,  121.08,   56.04,  453.00,    0.26,    0.54,    22.59,  119.87,     61.58,  454.50,    0.27,    0.54,   297.3,   0,  GPS,  163.0, 109.70, 109.70, 118.575, 121.825, 6887.837,       ,       ,      ,    1.2,       ,  -12.7,      0,  NONE,   NONE,      ,      ,   0.0, 3DDiff, 1852,      ,     12,  19.0,     19
2025-11-25, 22:17:59,  +00:00,   800€,   41.0632896,  -73.7087708,   398.1, 30.11,   401.9,   9.5,   0.00,   0.00,    0.00,  -0.29,   0.60,  -0.01,  -0.00, 336.6, 310.7,  28.3,  28.3, 205.01, 200.74,   776.80,   759.32,    22.04,  120.90,   55.94,  454.00,    0.26,    0.54,    22.23,  119.73,     61.57,  452.50,    0.27,    0.54,   296.9,   0,  GPS,  163.0, 109.70, 109.70, 118.575, 121.825, 6887.837,       ,       ,      ,    1.2,       ,  -12.7,      0,  NONE,   NONE,      ,      ,   0.0, 3DDiff, 1852,      ,     12,  19.0,     19
2025-11-25, 22:18:00,  +00:00,   800€,   41.0632935,  -73.7087708,   398.1, 30.11,   402.6,   9.5,   0.00,   0.00,    0.00,  -0.23,   0.59,  -0.01,   0.00, 336.6, 310.7,  28.3,  28.3, 205.01, 200.74,   776.80,   759.32,    22.08,  120.77,   55.85,  454.50,    0.26,    0.54,    22.14,  119.64,     61.49,  451.50,    0.27,    0.54,   297.6,   0,  GPS,  163.0, 109.70, 109.70, 118.575, 121.825, 6887.837,       ,       ,      ,    1.2,       ,  -12.7,      0,  NONE,   NONE,      ,      ,   3.9, 3DDiff, 1852,      ,     12,  18.5,     19
2025-11-25, 22:18:01,  +00:00,   800€,   41.0632935,  -73.7087708,   398.1, 30.11,   402.6,   9.5,   0.00,   0.00,    0.00,  -0.23,   0.59,  -0.01,  -0.00, 336.6, 310.7,  28.3,  28.3, 205.01, 200.74,   776.80,   759.32,    22.12,  120.66,   55.73,  454.50,    0.26,    0.54,    22.16,  119.58,     61.44,  450.50,    0.27,    0.54,   297.6,   0,  GPS,  163.0, 109.70, 109.70, 118.575, 121.825, 6887.837,       ,       ,      ,    1.2,       ,  -12.7,      0,  NONE,   NONE,      ,      ,   0.0, 3DDiff, 1852,      ,     12,  19.0,     19
2025-11-25, 22:18:02,  +00:00,   800€,   41.0632896,  -73.7087784,   398.1, 30.11,   401.0,   9.5,   0.00,   0.00,    0.00,  -0.23,   0.58,  -0.01,   0.00, 336.6, 310.7,  28.3,  28.3, 205.01, 200.74,   776.80,   759.32,    22.18,  120.59,   55.65,  455.00,    0.26,    0.54,    22.20,  119.56,     61.39,  450.00,    0.27,    0.54,   296.0,   0,  GPS,  163.0, 109.70, 109.70, 118.575, 121.825, 6887.837,       ,       ,      ,    1.2,       ,  -12.7,      0,  NONE,   NONE,      ,      ,   0.0, 3DDiff, 1852,      ,     12,  16.0,     18
2025-11-25, 22:18:03,  +00:00,   800€,   41.0632896,  -73.7087784,   398.1, 30.11,   400.1,   9.5,   0.00,   0.00,    0.00,  -0.23,   0.58,  -0.01,   0.00, 336.6, 310.7,  28.3,  28.3, 205.01, 200.74,   776.80,   759.32,    22.22,  120.54,   55.59,  455.00,    0.26,    0.54,    22.26,  119.56,     61.36,  449.50,    0.27,    0.54,   295.1,   0,  GPS,  163.0, 109.70, 109.70, 118.575, 121.825, 6887.837,       ,       ,      ,    1.2,       ,  -12.7,      0,  NONE,   NONE,      ,      ,   0.0, 3DDiff, 1852,      ,     12,  15.5,     18
2025-11-25, 22:18:04,  +00:00,   800€,   41.0632896,  -73.7087784,   398.1, 30.11,   398.9,   9.5,   0.00,   0.00,    0.30,  -0.22,   0.58,  -0.01,  -0.00, 336.6, 310.7,  28.3,  28.3, 205.34, 200.74,   776.80,   759.32,    22.25,  120.53,   55.53,  454.50,    0.26,    0.54,    22.28,  119.60,     61.34,  449.50,    0.27,    0.54,   293.9,   0,  GPS,  163.0, 109.70, 109.70, 118.575, 121.825, 6887.837,       ,       ,      ,    1.2,       ,  -12.7,      0,  NONE,   NONE,      ,      ,   0.0, 3DDiff, 1852,      ,     11,  15.0,     18
2025-11-25, 22:18:05,  +00:00,   800€,   41.0632858,  -73.7087784,   398.1, 30.11,   398.1,   9.8,   0.00,   0.00,    3.34,  -0.22,   0.57,  -0.02,   0.01, 336.6, 310.7,  28.3,  28.3, 205.34, 200.74,   776.80,   759.32,    22.33,  120.54,   55.53,  454.50,    0.26,    0.54,    22.32,  119.66,     61.29,  449.00,    0.27,    0.54,   293.1,   0,  GPS,  163.0, 109.70, 109.70, 118.575, 121.825, 6887.837,       ,       ,      ,    1.2,       ,  -12.7,      0,  NONE,   NONE,      ,      ,   0.0, 3DDiff, 1852,      ,     11,  15.0,     18
2025-11-25, 22:18:06,  +00:00,   800€,   41.0632820,  -73.7087784,   398.1, 30.11,   396.8,   9.5,   0.00,   0.00,    6.71,  -0.18,   0.57,  -0.01,   0.01, 336.6, 310.7,  28.3,  28.3, 205.34, 200.74,   776.80,   759.32,    22.34,  120.58,   55.52,  454.00,    0.26,    0.54,    22.34,  119.73,     61.28,  448.00,    0.27,    0.54,   291.8,   0,  GPS,  163.0, 109.70, 109.70, 118.575, 121.825, 6887.837,       ,       ,      ,    1.2,       ,  -12.7,      0,  NONE,   NONE,      ,      ,   0.0, 3DDiff, 1852,      ,     11,  14.5,     18
2025-11-25, 22:18:07,  +00:00,   800€,   41.0632820,  -73.7087784,   398.1, 30.11,   396.2,   9.5,   0.00,   0.00,    6.70,  -0.18,   0.57,  -0.01,  -0.01, 336.6, 310.7,  28.3,  28.3, 205.34, 200.74,   776.80,   759.32,    22.36,  120.65,   55.46,  454.00,    0.26,    0.54,    22.37,  119.83,     61.24,  447.50,    0.27,    0.54,   291.2,   0,  GPS,  163.0, 109.70, 109.70, 118.575, 121.825, 6887.837,       ,       ,      ,    1.2,       ,  -12.7,      0,  NONE,   NONE,      ,      ,   0.0, 3DDiff, 1852,      ,     11,  14.5,     18
2025-11-25, 22:18:08,  +00:00,   800€,   41.0632820,  -73.7087784,   398.1, 30.11,   395.7,   9.5,   0.00,   0.00,    5.20,  -0.18,   0.58,  -0.02,  -0.01, 336.6, 310.7,  28.3,  28.3, 205.34, 200.74,   776.80,   759.32,    22.39,  120.74,   55.39,  454.00,    0.26,    0.54,    22.39,  119.92,     61.21,  447.00,    0.27,    0.54,   290.7,   0,  GPS,  163.0, 109.70, 109.70, 118.575, 121.825, 6887.837,       ,       ,      ,    1.2,       ,  -12.7,      0,  NONE,   NONE,      ,      ,   0.0, 3DDiff, 1852,      ,     12,  14.5,     18
2025-11-25, 22:18:09,  +00:00,   800€,   41.0632820,  -73.7087784,   398.1, 30.11,   395.4,   9.5,   0.00,   0.00,    3.62,  -0.18,   0.58,  -0.00,  -0.01, 336.6, 310.7,  28.3,  28.3, 205.34, 200.41,   776.80,   759.32,    22.45,  120.85,   55.37,  454.00,    0.26,    0.54,    22.41,  120.01,     61.18,  446.50,    0.27,    0.54,   290.4,   0,  GPS,  163.0, 109.70, 109.70, 118.575, 121.825, 6887.837,       ,       ,      ,    1.2,       ,  -12.7,      0,  NONE,   NONE,      ,      ,   0.0, 3DDiff, 1852,      ,     12,  15.0,     18
2025-11-25, 22:18:10,  +00:00,   800€,   41.0632820,  -73.7087708,   398.1, 30.11,   395.8,   9.5,   0.00,   0.00,    2.38,  -0.18,   0.58,  -0.02,   0.01, 336.6, 310.7,  28.3,  28.3, 205.34, 200.41,   776.80,   759.32,    22.47,  120.97,   55.33,  454.50,    0.27,    0.54,    22.45,  120.10,     61.12,  446.50,    0.27,    0.54,   290.8,   0,  GPS,  163.0, 109.70, 109.70, 118.575, 121.825, 6887.837,       ,       ,      ,    1.2,       ,  -12.7,      0,  NONE,   NONE,      ,      ,   0.0, 3DDiff, 1852,      ,     11,  15.0,     18
2025-11-25, 22:18:11,  +00:00,   800€,   41.0632858,  -73.7087784,   398.1, 30.11,   395.6,   9.5,   0.00,   0.00,    1.50,  -0.18,   0.58,  -0.01,  -0.00, 336.6, 310.7,  28.3,  28.3, 205.34, 200.41,   776.80,   759.32,    22.51,  121.08,   55.30,  454.50,    0.27,    0.54,    22.49,  120.19,     61.05,  446.50,    0.27,    0.54,   290.6,   0,  GPS,  163.0, 109.70, 109.70, 118.575, 121.825, 6887.837,       ,       ,      ,    1.2,       ,  -12.7,      0,  NONE,   NONE,      ,      ,   0.0, 3DDiff, 1852,      ,     11,  14.5,     18
2025-11-25, 22:18:12,  +00:00,   800€,   41.0632858,  -73.7087784,   399.1, 30.11,   396.1,   9.5,   0.00,   0.00,    0.92,  -0.16,   0.57,  -0.01,   0.00, 336.6, 310.7,  28.3,  28.3, 205.34, 200.41,   776.80,   759.32,    22.56,  121.19,   55.28,  455.00,    0.27,    0.54,    22.49,  120.27,     61.02,  446.50,    0.27,    0.54,   291.1,   0,  GPS,  163.0, 109.70, 109.70, 118.575, 121.825, 6887.837,       ,       ,      ,    1.2,       ,  -12.7,      0,  NONE,   NONE,      ,      ,   0.0, 3DDiff, 1852,      ,     11,  14.5,     18
2025-11-25, 22:18:13,  +00:00,   800€,   41.0632858,  -73.7087784,   399.1, 30.11,   396.2,   9.5,   0.00,   0.00,    0.55,  -0.16,   0.57,  -0.01,  -0.00, 336.6, 310.7,  28.3,  28.3, 205.34, 200.41,   776.80,   759.32,    22.55,  121.29,   55.26,  454.50,    0.27,    0.54,    22.51,  120.35,     60.99,  446.00,    0.27,    0.54,   291.2,   0,  GPS,  163.0, 109.70, 109.70, 118.575, 121.825, 6887.837,       ,       ,      ,    1.2,       ,  -12.7,      0,  NONE,   NONE,      ,      ,   0.0, 3DDiff, 1852,      ,     11,  14.5,     18
2025-11-25, 22:18:14,  +00:00,   800€,   41.0632858,  -73.7087784,   399.1, 30.11,   396.6,   9.5,   0.00,   0.00,    0.33,  -0.16,   0.57,  -0.01,   0.00, 336.6, 310.7,  28.3,  28.3, 205.34, 200.41,   776.80,   759.32,    22.57,  121.39,   55.21,  454.50,    0.27,    0.54,    22.52,  120.44,     60.97,  446.00,    0.27,    0.54,   291.6,   0,  GPS,  163.0, 109.70, 109.70, 118.575, 121.825, 6887.837,       ,       ,      ,    1.2,       ,  -12.7,      0,  NONE,   NONE,      ,      ,   0.0, 3DDiff, 1852,      ,     12,  14.5,     18
2025-11-25, 22:18:15,  +00:00,   800€,   41.0632858,  -73.7087784,   399.1, 30.11,   396.8,   9.5,   0.00,   0.00,    0.19,  -0.18,   0.57,  -0.02,  -0.01, 336.6, 310.7,  28.3,  28.3, 205.34, 200.41,   776.80,   758.75,    22.58,  121.48,   55.20,  454.00,    0.27,    0.54,    22.54,  120.51,     60.97,  446.00,    0.27,    0.54,   291.8,   0,  GPS,  163.0, 109.70, 109.70, 118.575, 121.825, 6887.837,       ,       ,      ,    1.2,       ,  -12.7,      0,  NONE,   NONE,      ,      ,   0.0, 3DDiff, 1852,      ,     12,  14.5,     18
2025-11-25, 22:18:16,  +00:00,   800€,   41.0632858,  -73.7087784,   399.1, 30.11,   397.6,   9.8,   0.00,   0.00,    0.11,  -0.13,   0.57,   0.00,  -0.01, 336.6, 310.7,  28.3,  28.3, 205.34, 200.41,   776.80,   758.75,    22.57,  121.57,   55.17,  453.50,    0.27,    0.54,    22.55,  120.58,     60.95,  445.50,    0.27,    0.54,   292.6,   0,  GPS,  163.0, 109.70, 109.70, 118.575, 121.825, 6887.837,       ,       ,      ,    1.2,       ,  -12.7,      0,  NONE,   NONE,      ,      ,   0.0, 3DDiff, 1852,      ,     11,  14.5,     18
2025-11-25, 22:18:17,  +00:00,   800€,   41.0632820,  -73.7087784,   399.1, 30.11,   397.5,   9.8,   0.00,   0.00,    0.46,  -0.12,   0.56,  -0.01,  -0.03, 336.6, 310.7,  28.3,  28.3, 205.34, 200.41,   776.80,   758.75,    22.59,  121.66,   55.16,  453.50,    0.27,    0.54,    22.57,  120.66,     60.94,  445.50,    0.27,    0.54,   292.5,   0,  GPS,  163.0, 109.70, 109.70, 118.575, 121.825, 6887.837,       ,       ,      ,    1.2,       ,  -12.7,      0,  NONE,   NONE,      ,      ,   0.0, 3DDiff, 1852,      ,     11,  14.5,     18
2025-11-25, 22:18:18,  +00:00,   800€,   41.0632820,  -73.7087784,   399.1, 30.11,   396.5,   9.8,   0.00,   0.00,    2.14,  -0.13,   0.55,  -0.01,   0.00, 336.6, 310.7,  28.3,  28.3, 205.34, 200.41,   776.80,   758.75,    22.61,  121.74,   55.17,  453.50,    0.27,    0.54,    22.58,  120.73,     60.91,  445.50,    0.28,    0.54,   291.5,   0,  GPS,  163.0, 109.70, 109.70, 118.575, 121.825, 6887.837,       ,       ,      ,    1.2,       ,  -12.7,      0,  NONE,   NONE,      ,      ,   0.0, 3DDiff, 1852,      ,     11,  14.5,     18
2025-11-25, 22:18:19,  +00:00,   800€,   41.0632820,  -73.7087784,   399.1, 30.11,   396.5,   9.8,   0.00,   0.00,    2.18,   0.05,   0.57,  -0.01,   0.02, 336.6, 310.7,  28.3,  28.3, 205.34, 200.41,   776.80,   758.75,    22.60,  121.82,   55.18,  453.50,    0.27,    0.54,    22.63,  120.80,     60.92,  445.00,    0.28,    0.54,   291.5,   0,  GPS,  163.0, 109.70, 109.70, 118.575, 121.825, 6887.837,       ,       ,      ,    1.2,       ,  -12.7,      0,  NONE,   NONE,      ,      ,   0.0, 3DDiff, 1852,      ,     11,  14.5,     18
2025-11-25, 22:18:20,  +00:00,   800€,   41.0632820,  -73.7087784,   399.1, 30.11,   396.5,   9.8,   0.00,   0.00,    1.70,   0.04,   0.58,  -0.00,   0.00, 336.6, 310.7,  28.3,  28.3, 205.34, 200.41,   776.80,   758.75,    22.63,  121.89,   55.17,  453.50,    0.27,    0.54,    22.62,  120.87,     60.90,  445.00,    0.28,    0.54,   291.5,   0,  GPS,  163.0, 109.70, 109.70, 118.575, 121.825, 6887.837,       ,       ,      ,    1.2,       ,  -12.7,      0,  NONE,   NONE,      ,      ,   0.0, 3DDiff, 1852,      ,     12,  14.5,     18
2025-11-25, 22:18:21,  +00:00,   800€,   41.0632820,  -73.7087784,   399.1, 30.11,   396.6,   9.8,   0.00,   0.00,    1.19,   0.05,   0.59,  -0.01,  -0.00, 336.6, 310.7,  28.3,  28.3, 205.34, 200.41,   776.80,   758.75,    22.66,  121.95,   55.16,  453.50,    0.27,    0.54,    22.66,  120.94,     60.89,  445.00,    0.28,    0.54,   291.6,   0,  GPS,  163.0, 109.70, 109.70, 118.575, 121.825, 6887.837,       ,       ,      ,    1.2,       ,  -12.7,      0,  NONE,   NONE,      ,      ,   0.0, 3DDiff, 1852,      ,     12,  14.5,     18
2025-11-25, 22:18:22,  +00:00,   800€,   41.0632858,  -73.7087708,   399.1, 30.11,   396.6,   9.8,   0.00,   0.00,    0.78,   0.04,   0.59,  -0.01,   0.00, 336.6, 310.7,  28.3,  28.3, 205.34, 200.41,   776.80,   758.75,    22.66,  122.02,   55.17,  453.00,    0.27,    0.54,    22.64,  121.00,     60.87,  444.50,    0.28,    0.54,   291.6,   0,  GPS,  163.0, 109.70, 109.70, 118.575, 121.825, 6887.837,       ,       ,      ,    1.2,       ,  -12.7,      0,  NONE,   NONE,      ,      ,   3.9, 3DDiff, 1852,      ,     11,  14.5,     18
2025-11-25, 22:18:23,  +00:00,   800€,   41.0632858,  -73.7087708,   399.1, 30.11,   396.8,   9.8,   0.00,   0.00,    0.49,   0.04,   0.59,  -0.01,   0.00, 336.6, 310.7,  28.3,  28.3, 205.34, 200.41,   776.80,   758.75,    22.69,  122.09,   55.17,  453.00,    0.27,    0.54,    22.64,  121.06,     60.85,  444.00,    0.28,    0.54,   291.8,   0,  GPS,  163.0, 109.70, 109.70, 118.575, 121.825, 6887.837,       ,       ,      ,    1.2,       ,  -12.7,      0,  NONE,   NONE,      ,      ,   0.0, 3DDiff, 1852,      ,     11,  14.5,     18
2025-11-25, 22:18:24,  +00:00,   800€,   41.0632858,  -73.7087784,   399.1, 30.11,   398.5,   9.5,   0.00,   0.00,    0.30,   0.05,   0.59,  -0.01,   0.00, 336.6, 310.7,  28.3,  28.3, 205.34, 200.41,   776.80,   758.75,    22.67,  122.15,   55.18,  452.50,    0.27,    0.54,    22.68,  121.12,     60.84,  444.00,    0.28,    0.54,   293.5,   0,  GPS,  163.0, 109.70, 109.70, 118.575, 121.825, 6887.837,       ,       ,      ,    1.2,       ,  -12.7,      0,  NONE,   NONE,      ,      ,   0.0, 3DDiff, 1852,      ,     11,  14.5,     18
2025-11-25, 22:18:25,  +00:00,   800€,   41.0632858,  -73.7087784,   399.1, 30.11,   398.8,   9.5,   0.00,   0.00,    0.18,   0.04,   0.59,  -0.01,   0.00, 336.6, 310.7,  28.3,  28.3, 205.34, 200.41,   776.80,   758.75,    22.65,  122.21,   55.18,  452.50,    0.27,    0.54,    22.64,  121.17,     60.85,  444.00,    0.28,    0.54,   293.8,   0,  GPS,  163.0, 109.70, 109.70, 118.575, 121.825, 6887.837,       ,       ,      ,    1.2,       ,  -12.7,      0,  NONE,   NONE,      ,      ,   0.0, 3DDiff, 1852,      ,     11,  14.5,     18
2025-11-25, 22:18:26,  +00:00,   800€,   41.0632896,  -73.7087784,   399.1, 30.11,   399.1,   9.5,   0.00,   0.00,    0.11,   0.04,   0.59,  -0.01,   0.00, 336.6, 310.7,  28.3,  28.3, 205.34, 200.41,   776.80,   758.75,    22.67,  122.27,   55.19,  452.50,    0.27,    0.54,    22.65,  121.22,     60.85,  443.50,    0.27,    0.54,   294.1,   0,  GPS,  163.0, 109.70, 109.70, 118.575, 121.825, 6887.837,       ,       ,      ,    1.2,       ,  -12.7,      0,  NONE,   NONE,      ,      ,   0.0, 3DDiff, 1852,      ,     12,  14.5,     18
2025-11-25, 22:18:27,  +00:00,   800€,   41.0632896,  -73.7087784,   399.1, 30.11,   399.5,   9.5,   0.00,   0.00,    0.06,   0.11,   0.59,  -0.02,   0.00, 336.6, 310.7,  28.3,  28.3, 205.34, 200.41,   776.80,   758.75,    22.69,  122.34,   55.18,  452.50,    0.27,    0.54,    22.63,  121.26,     60.83,  443.50,    0.27,    0.54,   294.5,   0,  GPS,  163.0, 109.70, 109.70, 118.575, 121.825, 6887.837,       ,       ,      ,    1.2,       ,  -12.7,      0,  NONE,   NONE,      ,      ,   0.0, 3DDiff, 1852,      ,     12,  14.5,     18
2025-11-25, 22:18:28,  +00:00,   800€,   41.0632858,  -73.7087784,   399.1, 30.11,   400.0,   9.5,   0.00,   0.00,    0.04,   0.11,   0.59,  -0.01,   0.00, 336.6, 310.7,  28.3,  28.3, 205.34, 200.41,   776.80,   758.75,    22.65,  122.39,   55.18,  452.00,    0.27,    0.54,    22.64,  121.30,     60.83,  443.50,    0.27,    0.54,   295.0,   0,  GPS,  163.0, 109.70, 109.70, 118.575, 121.825, 6887.837,       ,       ,      ,    1.2,       ,  -12.7,      0,  NONE,   NONE,      ,      ,   0.0, 3DDiff, 1852,      ,     11,  14.5,     18
2025-11-25, 22:18:29,  +00:00,   800€,   41.0632858,  -73.7087784,   399.1, 30.11,   399.8,   9.8,   0.00,   0.00,    0.02,   0.12,   0.59,  -0.01,   0.00, 336.6, 310.7,  28.3,  28.3, 205.34, 200.41,   776.80,   758.19,    22.72,  122.43,   55.17,  452.50,    0.27,    0.54,    22.66,  121.32,     60.83,  443.00,    0.27,    0.54,   294.8,   0,  GPS,  163.0, 109.70, 109.70, 118.575, 121.825, 6887.837,       ,       ,      ,    1.2,       ,  -12.7,      0,  NONE,   NONE,      ,      ,   0.0, 3DDiff, 1852,      ,     11,  14.5,     18
2025-11-25, 22:18:30,  +00:00,   800€,   41.0632858,  -73.7087784,   399.1, 30.11,   398.9,   9.8,   0.00,   0.00,    0.01,   0.12,   0.59,  -0.01,   0.00, 336.6, 310.7,  28.3,  28.3, 205.34, 200.41,   776.80,   758.19,    22.73,  122.47,   55.18,  452.50,    0.27,    0.54,    22.65,  121.36,     60.83,  442.50,    0.27,    0.54,   293.9,   0,  GPS,  163.0, 109.70, 109.70, 118.575, 121.825, 6887.837,       ,       ,      ,    1.2,       ,  -12.7,      0,  NONE,   NONE,      ,      ,   0.0, 3DDiff, 1852,      ,     11,  14.0,     18
2025-11-25, 22:18:31,  +00:00,   800€,   41.0632858,  -73.7087784,   399.1, 30.11,   399.0,   9.8,   0.00,   0.00,    0.01,   0.12,   0.59,  -0.01,   0.00, 336.7, 310.7,  28.3,  28.3, 205.34, 200.41,   776.80,   758.19,    22.73,  122.50,   55.20,  452.50,    0.27,    0.54,    22.66,  121.39,     60.82,  443.00,    0.27,    0.54,   294.0,   0,  GPS,  163.0, 109.70, 109.70, 118.575, 121.825, 6887.837,       ,       ,      ,    1.2,       ,  -12.7,      0,  NONE,   NONE,      ,      ,   0.0, 3DDiff, 1852,      ,     12,  14.0,     18
2025-11-25, 22:18:32,  +00:00,   800€,   41.0632858,  -73.7087784,   399.1, 30.11,   399.0,   9.8,   0.00,   0.00,    0.00,   0.12,   0.59,  -0.01,   0.00, 336.7, 310.7,  28.3,  28.3, 205.34, 200.41,   776.80,   758.19,    22.74,  122.52,   55.19,  452.50,    0.27,    0.54,    22.68,  121.41,     60.80,  443.50,    0.27,    0.54,   294.0,   0,  GPS,  163.0, 109.70, 109.70, 118.575, 121.825, 6887.837,       ,       ,      ,    1.2,       ,  -12.7,      0,  NONE,   NONE,      ,      ,   0.0, 3DDiff, 1852,      ,     12,  14.0,     18
2025-11-25, 22:18:33,  +00:00,   800€,   41.0632858,  -73.7087784,   399.1, 30.11,   399.1,   9.8,   0.00,   0.00,    0.00,   0.12,   0.60,  -0.01,   0.00, 336.7, 310.7,  28.3,  28.3, 205.34, 200.41,   776.80,   758.19,    22.74,  122.54,   55.18,  452.50,    0.27,    0.54,    22.63,  121.44,     60.79,  443.00,    0.27,    0.54,   294.1,   0,  GPS,  163.0, 109.70, 109.70, 118.575, 121.825, 6887.837,       ,       ,      ,    1.2,       ,  -12.7,      0,  NONE,   NONE,      ,      ,   0.0, 3DDiff, 1852,      ,     12,  14.5,     18
2025-11-25, 22:18:34,  +00:00,   800€,   41.0632896,  -73.7087708,   399.1, 30.11,   398.8,   9.8,   0.00,   0.00,    0.00,   0.12,   0.57,  -0.02,  -0.00, 336.7, 310.7,  28.3,  28.3, 205.34, 200.41,   776.80,   758.19,    22.74,  122.56,   55.18,  452.50,    0.27,    0.54,    22.65,  121.46,     60.81,  443.00,    0.27,    0.54,   293.8,   0,  GPS,  163.0, 109.70, 109.70, 118.575, 121.825, 6887.837,       ,       ,      ,    1.2,       ,  -12.7,      0,  NONE,   NONE,      ,      ,   0.0, 3DDiff, 1852,      ,     11,  14.5,     18
2025-11-25, 22:18:35,  +00:00,   800€,   41.0632896,  -73.7087708,   399.1, 30.11,   399.1,   9.8,   0.00,   0.00,    0.00,   0.12,   0.59,  -0.02,   0.00, 336.7, 310.7,  28.3,  28.3, 205.34, 200.41,   776.80,   758.19,    22.73,  122.57,   55.20,  452.50,    0.27,    0.54,    22.67,  121.49,     60.82,  443.00,   